Workbook

Sheet VOXX
A1: latest date | B1: =B2 -> 45957
A2: dates | B2: ='VIX VOXX'!B23 -> 45957 | C2: ='VIX VOXX'!C23 -> 45954 | D2: ='VIX VOXX'!D23 -> 45953 | E2: ='VIX VOXX'!E23 -> 45952 | F2: ='VIX VOXX'!F23 -> 45951 | G2: ='VIX VOXX'!G23 -> 45950 | H2: ='VIX VOXX'!H23 -> 45947 | I2: ='VIX VOXX'!I23 -> 45946 | ... XFD2: ='VIX VOXX'!XFD23 -> 0
A3: =LEFT('VIX VOXX'!A24,4) -> FVS1 | B3: =RTD!O6 -> 17.925 | C3: ='VIX VOXX'!C24 -> 18.65 | D3: ='VIX VOXX'!D24 -> 18.85 | E3: ='VIX VOXX'!E24 -> 16.95 | F3: ='VIX VOXX'!F24 -> 16.9 | G3: ='VIX VOXX'!G24 -> 17.15 | H3: ='VIX VOXX'!H24 -> 20.55 | I3: ='VIX VOXX'!I24 -> 20.1 | J3: ='VIX VOXX'!J24 -> 19.45 | ... XFD3: ='VIX VOXX'!XFD24 -> 0
A4: =LEFT('VIX VOXX'!A25,4) -> FVS2 | B4: =RTD!O7 -> 17.975 | C4: ='VIX VOXX'!C25 -> 18.55 | D4: ='VIX VOXX'!D25 -> 18.95 | E4: ='VIX VOXX'!E25 -> 19 | F4: ='VIX VOXX'!F25 -> 18.7 | G4: ='VIX VOXX'!G25 -> 18.85 | H4: ='VIX VOXX'!H25 -> 21.5 | I4: ='VIX VOXX'!I25 -> 20.35 | J4: ='VIX VOXX'!J25 -> 19.95 | ... XFD4: ='VIX VOXX'!XFD25 -> 0
A5: =LEFT('VIX VOXX'!A26,4) -> FVS3 | B5: =RTD!O8 -> 19.625 | C5: ='VIX VOXX'!C26 -> 20.1 | D5: ='VIX VOXX'!D26 -> 20.6 | E5: ='VIX VOXX'!E26 -> 19.15 | F5: ='VIX VOXX'!F26 -> 18.9 | G5: ='VIX VOXX'!G26 -> 19.1 | H5: ='VIX VOXX'!H26 -> 20.95 | I5: ='VIX VOXX'!I26 -> 20.1 | J5: ='VIX VOXX'!J26 -> 19.85 | ... XFD5: ='VIX VOXX'!XFD26 -> 0
A6: =LEFT('VIX VOXX'!A27,4) -> FVS4 | B6: =RTD!O9 -> 19.875 | C6: ='VIX VOXX'!C27 -> 20.25 | D6: ='VIX VOXX'!D27 -> 20.6 | E6: ='VIX VOXX'!E27 -> 20.75 | F6: ='VIX VOXX'!F27 -> 20.5 | G6: ='VIX VOXX'!G27 -> 20.65 | H6: ='VIX VOXX'!H27 -> 21.85 | I6: ='VIX VOXX'!I27 -> 21.25 | J6: ='VIX VOXX'!J27 -> 21.1 | ... XFD6: ='VIX VOXX'!XFD27 -> 0
A7: =LEFT('VIX VOXX'!A28,4) -> FVS5 | B7: =RTD!O10 -> 20.075 | C7: ='VIX VOXX'!C28 -> 20.4 | D7: ='VIX VOXX'!D28 -> 20.65 | E7: ='VIX VOXX'!E28 -> 20.75 | F7: ='VIX VOXX'!F28 -> 20.5 | G7: ='VIX VOXX'!G28 -> 20.7 | H7: ='VIX VOXX'!H28 -> 21.5 | I7: ='VIX VOXX'!I28 -> 21.15 | J7: ='VIX VOXX'!J28 -> 21.1 | ... XFD7: ='VIX VOXX'!XFD28 -> 0
A8: =LEFT('VIX VOXX'!A29,4) -> FVS6 | B8: =RTD!O11 -> 20.175 | C8: ='VIX VOXX'!C29 -> 20.4 | D8: ='VIX VOXX'!D29 -> 20.6 | E8: ='VIX VOXX'!E29 -> 20.75 | F8: ='VIX VOXX'!F29 -> 20.55 | G8: ='VIX VOXX'!G29 -> 20.5 | H8: ='VIX VOXX'!H29 -> 21.4 | I8: ='VIX VOXX'!I29 -> 20.9 | J8: ='VIX VOXX'!J29 -> 20.8 | ... XFD8: ='VIX VOXX'!XFD29 -> 0
A9: =LEFT('VIX VOXX'!A30,4) -> FVS7 | B9: =RTD!O12 -> 20.175 | C9: ='VIX VOXX'!C30 -> 20.55 | D9: ='VIX VOXX'!D30 -> 20.6 | E9: ='VIX VOXX'!E30 -> 20.65 | F9: ='VIX VOXX'!F30 -> 20.45 | G9: ='VIX VOXX'!G30 -> 20.45 | H9: ='VIX VOXX'!H30 -> 21.15 | I9: ='VIX VOXX'!I30 -> 20.7 | J9: ='VIX VOXX'!J30 -> 20.55 | ... XFD9: ='VIX VOXX'!XFD30 -> 0

Sheet VIX VOXX
A1: Column1 | B1: Column2 | C1: Column3 | D1: Column4 | E1: Column5 | F1: Column6 | G1: Column7 | H1: Column8 | I1: Column9 | J1: Column10 | K1: Column11 | L1: Column12 | M1: Column13 | N1: Column14 | O1: Column15 | P1: Column16 | Q1: Column17 | R1: Column18 | S1: Column19 | T1: Column20 | U1: Column21 | V1: Column22 | W1: Column23 | X1: Column24 | Y1: Column25 | Z1: Column26 | AA1: Column27 | AB1: Column28 | AC1: Column29 | AD1: Column30 | AE1: Column31 | AF1: Column32 | AG1: Column33 | AH1: Column34 | AI1: Column35 | AJ1: Column36 | AK1: Column37 | AL1: Column38 | AM1: Column39 | AN1: Column40 | AO1: Column41 | AP1: Column42 | AQ1: Column43 | AR1: Column44 | AS1: Column45 | AT1: Column46 | AU1: Column47 | AV1: Column48 | AW1: Column49 | AX1: Column50 | AY1: Column51 | AZ1: Column52 | BA1: Column53 | BB1: Column54 | BC1: Column55 | BD1: Column56 | BE1: Column57 | BF1: Column58 | BG1: Column59 | BH1: Column60 | BI1: Column61 | BJ1: Column62 | BK1: Column63 | BL1: Column64 | BM1: Column65 | BN1: Column66 | BO1: Column67 | BP1: Column68 | BQ1: Column69 | BR1: Column70 | BS1: Column71 | BT1: Column72 | BU1: Column73 | BV1: Column74 | BW1: Column75 | BX1: Column76 | BY1: Column77 | BZ1: Column78 | CA1: Column79 | CB1: Column80 | CC1: Column81 | CD1: Column82 | CE1: Column83 | CF1: Column84 | CG1: Column85 | CH1: Column86 | CI1: Column87 | CJ1: Column88 | CK1: Column89 | CL1: Column90 | CM1: Column91 | CN1: Column92 | CO1: Column93 | CP1: Column94 | CQ1: Column95 | CR1: Column96 | CS1: Column97 | CT1: Column98 | CU1: Column99 | CV1: Column100 | CW1: Column101 | CX1: Column102 | CY1: Column103 | CZ1: Column104 | DA1: Column105 | DB1: Column106 | DC1: Column107 | DD1: Column108 | DE1: Column109 | DF1: Column110 | DG1: Column111 | DH1: Column112 | DI1: Column113 | DJ1: Column114 | DK1: Column115 | DL1: Column116 | DM1: Column117 | DN1: Column118 | DO1: Column119 | DP1: Column120 | DQ1: Column121 | DR1: Column122 | DS1: Column123 | DT1: Column124 | DU1: Column125 | DV1: Column126 | DW1: Column127 | DX1: Column128 | DY1: Column129 | DZ1: Column130 | EA1: Column131 | EB1: Column132 | EC1: Column133 | ED1: Column134 | EE1: Column135 | EF1: Column136 | EG1: Column137 | EH1: Column138 | EI1: Column139 | EJ1: Column140 | EK1: Column141 | EL1: Column142 | EM1: Column143 | EN1: Column144 | EO1: Column145 | EP1: Column146 | EQ1: Column147 | ER1: Column148 | ES1: Column149 | ET1: Column150 | EU1: Column151 | EV1: Column152 | EW1: Column153 | EX1: Column154 | EY1: Column155 | EZ1: Column156 | FA1: Column157 | FB1: Column158 | FC1: Column159 | FD1: Column160 | FE1: Column161 | FF1: Column162 | FG1: Column163 | FH1: Column164 | FI1: Column165 | FJ1: Column166 | FK1: Column167 | FL1: Column168 | FM1: Column169 | FN1: Column170 | FO1: Column171 | FP1: Column172 | FQ1: Column173 | FR1: Column174 | FS1: Column175 | FT1: Column176 | FU1: Column177 | FV1: Column178 | FW1: Column179 | FX1: Column180 | FY1: Column181 | FZ1: Column182 | GA1: Column183 | GB1: Column184 | GC1: Column185 | GD1: Column186 | GE1: Column187 | GF1: Column188 | GG1: Column189 | GH1: Column190 | GI1: Column191 | GJ1: Column192 | GK1: Column193 | GL1: Column194 | GM1: Column195 | GN1: Column196 | GO1: Column197 | GP1: Column198 | GQ1: Column199 | GR1: Column200 | GS1: Column201 | GT1: Column202 | GU1: Column203 | GV1: Column204 | GW1: Column205 | GX1: Column206 | GY1: Column207 | GZ1: Column208 | HA1: Column209 | HB1: Column210 | HC1: Column211 | HD1: Column212 | HE1: Column213 | HF1: Column214 | HG1: Column215 | HH1: Column216 | HI1: Column217 | HJ1: Column218 | HK1: Column219 | HL1: Column220 | HM1: Column221 | HN1: Column222 | HO1: Column223 | HP1: Column224 | HQ1: Column225 | HR1: Column226 | HS1: Column227 | HT1: Column228 | HU1: Column229 | HV1: Column230 | HW1: Column231 | HX1: Column232 | HY1: Column233 | HZ1: Column234 | IA1: Column235 | IB1: Column236 | IC1: Column237 | ID1: Column238 | IE1: Column239 | IF1: Column240 | IG1: Column241 | IH1: Column242 | II1: Column243 | IJ1: Column244 | IK1: Column245 | IL1: Column246 | IM1: Column247 | IN1: Column248 | IO1: Column249 | IP1: Column250 | IQ1: Column251 | IR1: Column252 | IS1: Column253 | IT1: Column254 | IU1: Column255 | IV1: Column256 | IW1: Column257 | IX1: Column258 | IY1: Column259 | IZ1: Column260 | JA1: Column261 | JB1: Column262 | JC1: Column263 | JD1: Column264 | JE1: Column265 | JF1: Column266 | JG1: Column267 | JH1: Column268 | JI1: Column269 | JJ1: Column270 | JK1: Column271 | JL1: Column272 | JM1: Column273 | JN1: Column274 | JO1: Column275 | JP1: Column276 | JQ1: Column277 | JR1: Column278 | JS1: Column279 | JT1: Column280 | JU1: Column281 | JV1: Column282 | JW1: Column283 | JX1: Column284 | JY1: Column285 | JZ1: Column286 | KA1: Column287 | KB1: Column288 | KC1: Column289 | KD1: Column290 | KE1: Column291 | KF1: Column292 | KG1: Column293 | KH1: Column294 | KI1: Column295 | KJ1: Column296 | KK1: Column297 | KL1: Column298 | KM1: Column299 | KN1: Column300 | KO1: Column301 | KP1: Column302 | KQ1: Column303 | KR1: Column304 | KS1: Column305 | KT1: Column306 | KU1: Column307 | KV1: Column308 | KW1: Column309 | KX1: Column310 | KY1: Column311 | KZ1: Column312 | LA1: Column313 | LB1: Column314 | LC1: Column315 | LD1: Column316 | LE1: Column317 | LF1: Column318 | LG1: Column319 | LH1: Column320 | LI1: Column321 | LJ1: Column322 | LK1: Column323 | LL1: Column324 | LM1: Column325 | LN1: Column326 | LO1: Column327 | LP1: Column328 | LQ1: Column329 | LR1: Column330 | LS1: Column331 | LT1: Column332 | LU1: Column333 | LV1: Column334 | LW1: Column335 | LX1: Column336 | LY1: Column337 | LZ1: Column338 | MA1: Column339 | MB1: Column340 | MC1: Column341 | MD1: Column342 | ME1: Column343 | MF1: Column344 | MG1: Column345 | MH1: Column346 | MI1: Column347 | MJ1: Column348 | MK1: Column349 | ML1: Column350 | MM1: Column351 | MN1: Column352 | MO1: Column353 | MP1: Column354 | MQ1: Column355 | MR1: Column356 | MS1: Column357 | MT1: Column358 | MU1: Column359 | MV1: Column360 | MW1: Column361 | MX1: Column362 | MY1: Column363 | MZ1: Column364 | NA1: Column365 | NB1: Column366 | NC1: Column367 | ND1: Column368 | NE1: Column369 | NF1: Column370 | NG1: Column371 | NH1: Column372 | NI1: Column373 | NJ1: Column374 | NK1: Column375 | NL1: Column376 | NM1: Column377 | NN1: Column378 | NO1: Column379 | NP1: Column380 | NQ1: Column381 | NR1: Column382 | NS1: Column383 | NT1: Column384 | NU1: Column385 | NV1: Column386 | NW1: Column387 | NX1: Column388 | NY1: Column389 | NZ1: Column390 | OA1: Column391 | OB1: Column392 | OC1: Column393 | OD1: Column394 | OE1: Column395 | OF1: Column396 | OG1: Column397 | OH1: Column398 | OI1: Column399 | OJ1: Column400 | OK1: Column401 | OL1: Column402 | OM1: Column403 | ON1: Column404 | OO1: Column405 | OP1: Column406 | OQ1: Column407 | OR1: Column408 | OS1: Column409 | OT1: Column410 | OU1: Column411 | OV1: Column412 | OW1: Column413 | OX1: Column414 | OY1: Column415 | OZ1: Column416 | PA1: Column417 | PB1: Column418 | PC1: Column419 | PD1: Column420 | PE1: Column421 | PF1: Column422 | PG1: Column423 | PH1: Column424 | PI1: Column425 | PJ1: Column426 | PK1: Column427 | PL1: Column428 | PM1: Column429 | PN1: Column430 | PO1: Column431 | PP1: Column432 | PQ1: Column433 | PR1: Column434 | PS1: Column435 | PT1: Column436 | PU1: Column437 | PV1: Column438 | PW1: Column439 | PX1: Column440 | PY1: Column441 | PZ1: Column442 | QA1: Column443 | QB1: Column444 | QC1: Column445 | QD1: Column446 | QE1: Column447 | QF1: Column448 | QG1: Column449 | QH1: Column450 | QI1: Column451 | QJ1: Column452 | QK1: Column453 | QL1: Column454 | QM1: Column455 | QN1: Column456 | QO1: Column457 | QP1: Column458 | QQ1: Column459 | QR1: Column460 | QS1: Column461 | QT1: Column462 | QU1: Column463 | QV1: Column464 | QW1: Column465 | QX1: Column466 | QY1: Column467 | QZ1: Column468 | RA1: Column469 | RB1: Column470 | RC1: Column471 | RD1: Column472 | RE1: Column473 | RF1: Column474 | RG1: Column475 | RH1: Column476 | RI1: Column477 | RJ1: Column478 | RK1: Column479 | RL1: Column480 | RM1: Column481 | RN1: Column482 | RO1: Column483 | RP1: Column484 | RQ1: Column485 | RR1: Column486 | RS1: Column487 | RT1: Column488 | RU1: Column489 | RV1: Column490 | RW1: Column491 | RX1: Column492 | RY1: Column493 | RZ1: Column494 | SA1: Column495 | SB1: Column496 | SC1: Column497 | SD1: Column498 | SE1: Column499 | SF1: Column500 | SG1: Column501 | SH1: Column502 | SI1: Column503 | SJ1: Column504 | SK1: Column505 | SL1: Column506 | SM1: Column507 | SN1: Column508 | SO1: Column509 | SP1: Column510 | SQ1: Column511 | SR1: Column512 | SS1: Column513 | ST1: Column514 | SU1: Column515 | SV1: Column516 | SW1: Column517 | SX1: Column518 | SY1: Column519 | SZ1: Column520 | TA1: Column521 | TB1: Column522 | TC1: Column523 | TD1: Column524 | TE1: Column525 | TF1: Column526 | TG1: Column527 | TH1: Column528 | TI1: Column529 | TJ1: Column530 | TK1: Column531 | TL1: Column532 | TM1: Column533 | TN1: Column534 | TO1: Column535 | TP1: Column536 | TQ1: Column537 | TR1: Column538 | TS1: Column539 | TT1: Column540 | TU1: Column541 | TV1: Column542 | TW1: Column543 | TX1: Column544 | TY1: Column545 | TZ1: Column546 | UA1: Column547 | UB1: Column548 | UC1: Column549 | UD1: Column550 | UE1: Column551 | UF1: Column552 | UG1: Column553 | UH1: Column554 | UI1: Column555 | UJ1: Column556 | UK1: Column557 | UL1: Column558 | UM1: Column559 | UN1: Column560 | UO1: Column561 | UP1: Column562 | UQ1: Column563 | UR1: Column564 | US1: Column565 | UT1: Column566 | UU1: Column567 | UV1: Column568 | UW1: Column569 | UX1: Column570 | UY1: Column571 | UZ1: Column572 | VA1: Column573 | VB1: Column574 | VC1: Column575 | VD1: Column576 | VE1: Column577 | VF1: Column578 | VG1: Column579 | VH1: Column580 | VI1: Column581 | VJ1: Column582 | VK1: Column583 | VL1: Column584 | VM1: Column585 | VN1: Column586 | VO1: Column587 | VP1: Column588 | VQ1: Column589 | VR1: Column590 | VS1: Column591 | VT1: Column592 | VU1: Column593 | VV1: Column594 | VW1: Column595 | VX1: Column596 | VY1: Column597 | VZ1: Column598 | WA1: Column599 | WB1: Column600 | WC1: Column601 | WD1: Column602 | WE1: Column603 | WF1: Column604 | WG1: Column605 | WH1: Column606 | WI1: Column607 | WJ1: Column608 | WK1: Column609 | WL1: Column610 | WM1: Column611 | WN1: Column612 | WO1: Column613 | WP1: Column614 | WQ1: Column615 | WR1: Column616 | WS1: Column617 | WT1: Column618 | WU1: Column619 | WV1: Column620 | WW1: Column621 | WX1: Column622 | WY1: Column623 | WZ1: Column624 | XA1: Column625 | XB1: Column626 | XC1: Column627 | XD1: Column628 | XE1: Column629 | XF1: Column630 | XG1: Column631 | XH1: Column632 | XI1: Column633 | XJ1: Column634 | XK1: Column635 | XL1: Column636 | XM1: Column637 | XN1: Column638 | XO1: Column639 | XP1: Column640 | XQ1: Column641 | XR1: Column642 | XS1: Column643 | XT1: Column644 | XU1: Column645 | XV1: Column646 | XW1: Column647 | XX1: Column648 | XY1: Column649 | XZ1: Column650 | YA1: Column651 | YB1: Column652 | YC1: Column653 | YD1: Column654 | YE1: Column655 | YF1: Column656 | YG1: Column657 | YH1: Column658 | YI1: Column659 | YJ1: Column660 | YK1: Column661 | YL1: Column662 | YM1: Column663 | YN1: Column664 | YO1: Column665 | YP1: Column666 | YQ1: Column667 | YR1: Column668 | YS1: Column669 | YT1: Column670 | YU1: Column671 | YV1: Column672 | YW1: Column673 | YX1: Column674 | YY1: Column675 | YZ1: Column676 | ZA1: Column677 | ZB1: Column678 | ZC1: Column679 | ZD1: Column680 | ZE1: Column681 | ZF1: Column682 | ZG1: Column683 | ZH1: Column684 | ZI1: Column685 | ZJ1: Column686 | ZK1: Column687 | ZL1: Column688 | ZM1: Column689 | ZN1: Column690 | ZO1: Column691 | ZP1: Column692 | ZQ1: Column693 | ZR1: Column694 | ZS1: Column695 | ZT1: Column696 | ZU1: Column697 | ZV1: Column698 | ZW1: Column699 | ZX1: Column700 | ZY1: Column701 | ZZ1: Column702 | AAA1: Column703 | AAB1: Column704 | AAC1: Column705 | AAD1: Column706 | AAE1: Column707 | AAF1: Column708 | AAG1: Column709 | AAH1: Column710 | AAI1: Column711 | AAJ1: Column712 | AAK1: Column713 | AAL1: Column714 | AAM1: Column715 | AAN1: Column716 | AAO1: Column717 | AAP1: Column718 | AAQ1: Column719 | AAR1: Column720 | AAS1: Column721 | AAT1: Column722 | AAU1: Column723 | AAV1: Column724 | AAW1: Column725 | AAX1: Column726 | AAY1: Column727 | AAZ1: Column728 | ABA1: Column729 | ABB1: Column730 | ABC1: Column731 | ABD1: Column732 | ABE1: Column733 | ABF1: Column734 | ABG1: Column735 | ABH1: Column736 | ABI1: Column737 | ABJ1: Column738 | ABK1: Column739 | ABL1: Column740 | ABM1: Column741 | ABN1: Column742 | ABO1: Column743 | ABP1: Column744 | ABQ1: Column745 | ABR1: Column746 | ABS1: Column747 | ABT1: Column748 | ABU1: Column749 | ABV1: Column750 | ABW1: Column751 | ABX1: Column752 | ABY1: Column753 | ABZ1: Column754 | ACA1: Column755 | ACB1: Column756 | ACC1: Column757 | ACD1: Column758 | ACE1: Column759 | ACF1: Column760 | ACG1: Column761 | ACH1: Column762 | ACI1: Column763 | ACJ1: Column764 | ACK1: Column765 | ACL1: Column766 | ACM1: Column767 | ACN1: Column768 | ACO1: Column769 | ACP1: Column770 | ACQ1: Column771 | ACR1: Column772 | ACS1: Column773 | ACT1: Column774 | ACU1: Column775 | ACV1: Column776 | ACW1: Column777 | ACX1: Column778 | ACY1: Column779 | ACZ1: Column780 | ADA1: Column781 | ADB1: Column782 | ADC1: Column783 | ADD1: Column784 | ADE1: Column785 | ADF1: Column786 | ADG1: Column787 | ADH1: Column788 | ADI1: Column789 | ADJ1: Column790 | ADK1: Column791 | ADL1: Column792 | ADM1: Column793 | ADN1: Column794 | ADO1: Column795 | ADP1: Column796 | ADQ1: Column797 | ADR1: Column798 | ADS1: Column799 | ADT1: Column800 | ADU1: Column801 | ADV1: Column802 | ADW1: Column803 | ADX1: Column804 | ADY1: Column805 | ADZ1: Column806 | AEA1: Column807 | AEB1: Column808 | AEC1: Column809 | AED1: Column810 | AEE1: Column811 | AEF1: Column812 | AEG1: Column813 | AEH1: Column814 | AEI1: Column815 | AEJ1: Column816 | AEK1: Column817 | AEL1: Column818 | AEM1: Column819 | AEN1: Column820 | AEO1: Column821 | AEP1: Column822 | AEQ1: Column823 | AER1: Column824 | AES1: Column825 | AET1: Column826 | AEU1: Column827 | AEV1: Column828 | AEW1: Column829 | AEX1: Column830 | AEY1: Column831 | AEZ1: Column832 | AFA1: Column833 | AFB1: Column834 | AFC1: Column835 | AFD1: Column836 | AFE1: Column837 | AFF1: Column838 | AFG1: Column839 | AFH1: Column840 | AFI1: Column841 | AFJ1: Column842 | AFK1: Column843 | AFL1: Column844 | AFM1: Column845 | AFN1: Column846 | AFO1: Column847 | AFP1: Column848 | AFQ1: Column849 | AFR1: Column850 | AFS1: Column851 | AFT1: Column852 | AFU1: Column853 | AFV1: Column854 | AFW1: Column855 | AFX1: Column856 | AFY1: Column857 | AFZ1: Column858 | AGA1: Column859 | AGB1: Column860 | AGC1: Column861 | AGD1: Column862 | AGE1: Column863 | AGF1: Column864 | AGG1: Column865 | AGH1: Column866 | AGI1: Column867 | AGJ1: Column868 | AGK1: Column869 | AGL1: Column870 | AGM1: Column871 | AGN1: Column872 | AGO1: Column873 | AGP1: Column874 | AGQ1: Column875 | AGR1: Column876 | AGS1: Column877 | AGT1: Column878 | AGU1: Column879 | AGV1: Column880 | AGW1: Column881 | AGX1: Column882 | AGY1: Column883 | AGZ1: Column884 | AHA1: Column885 | AHB1: Column886 | AHC1: Column887 | AHD1: Column888 | AHE1: Column889 | AHF1: Column890 | AHG1: Column891 | AHH1: Column892 | AHI1: Column893 | AHJ1: Column894 | AHK1: Column895 | AHL1: Column896 | AHM1: Column897 | AHN1: Column898 | AHO1: Column899 | AHP1: Column900 | AHQ1: Column901 | AHR1: Column902 | AHS1: Column903 | AHT1: Column904 | AHU1: Column905 | AHV1: Column906 | AHW1: Column907 | AHX1: Column908 | AHY1: Column909 | AHZ1: Column910 | AIA1: Column911 | AIB1: Column912 | AIC1: Column913 | AID1: Column914 | AIE1: Column915 | AIF1: Column916 | AIG1: Column917 | AIH1: Column918 | AII1: Column919 | AIJ1: Column920 | AIK1: Column921 | AIL1: Column922 | AIM1: Column923 | AIN1: Column924 | AIO1: Column925 | AIP1: Column926 | AIQ1: Column927 | AIR1: Column928 | AIS1: Column929 | AIT1: Column930 | AIU1: Column931 | AIV1: Column932 | AIW1: Column933 | AIX1: Column934 | AIY1: Column935 | AIZ1: Column936 | AJA1: Column937 | AJB1: Column938 | AJC1: Column939 | AJD1: Column940 | AJE1: Column941 | AJF1: Column942 | AJG1: Column943 | AJH1: Column944 | AJI1: Column945 | AJJ1: Column946 | AJK1: Column947 | AJL1: Column948 | AJM1: Column949 | AJN1: Column950 | AJO1: Column951 | AJP1: Column952 | AJQ1: Column953 | AJR1: Column954 | AJS1: Column955 | AJT1: Column956 | AJU1: Column957 | AJV1: Column958 | AJW1: Column959 | AJX1: Column960 | AJY1: Column961 | AJZ1: Column962 | AKA1: Column963 | AKB1: Column964 | AKC1: Column965 | AKD1: Column966 | AKE1: Column967 | AKF1: Column968 | AKG1: Column969 | AKH1: Column970 | AKI1: Column971 | AKJ1: Column972 | AKK1: Column973 | AKL1: Column974 | AKM1: Column975 | AKN1: Column976 | AKO1: Column977 | AKP1: Column978 | AKQ1: Column979 | AKR1: Column980 | AKS1: Column981 | AKT1: Column982 | AKU1: Column983 | AKV1: Column984 | AKW1: Column985 | AKX1: Column986 | AKY1: Column987 | AKZ1: Column988 | ALA1: Column989 | ALB1: Column990 | ALC1: Column991 | ALD1: Column992 | ALE1: Column993 | ALF1: Column994 | ALG1: Column995 | ALH1: Column996 | ALI1: Column997 | ALJ1: Column998 | ALK1: Column999 | ALL1: Column1000 | ALM1: Column1001 | ALN1: Column1002 | ALO1: Column1003 | ALP1: Column1004 | ALQ1: Column1005 | ALR1: Column1006 | ALS1: Column1007 | ALT1: Column1008 | ALU1: Column1009 | ALV1: Column1010 | ALW1: Column1011 | ALX1: Column1012 | ALY1: Column1013 | ALZ1: Column1014 | AMA1: Column1015 | AMB1: Column1016 | AMC1: Column1017 | AMD1: Column1018 | AME1: Column1019 | AMF1: Column1020 | AMG1: Column1021 | AMH1: Column1022 | AMI1: Column1023 | AMJ1: Column1024 | AMK1: Column1025 | AML1: Column1026 | AMM1: Column1027 | AMN1: Column1028 | AMO1: Column1029 | AMP1: Column1030 | AMQ1: Column1031 | AMR1: Column1032 | AMS1: Column1033 | AMT1: Column1034 | AMU1: Column1035 | AMV1: Column1036 | AMW1: Column1037 | AMX1: Column1038 | AMY1: Column1039 | AMZ1: Column1040 | ANA1: Column1041 | ANB1: Column1042 | ANC1: Column1043 | AND1: Column1044 | ANE1: Column1045 | ANF1: Column1046 | ANG1: Column1047 | ANH1: Column1048 | ANI1: Column1049 | ANJ1: Column1050 | ANK1: Column1051 | ANL1: Column1052 | ANM1: Column1053 | ANN1: Column1054 | ANO1: Column1055 | ANP1: Column1056 | ANQ1: Column1057 | ANR1: Column1058 | ANS1: Column1059 | ANT1: Column1060 | ANU1: Column1061 | ANV1: Column1062 | ANW1: Column1063 | ANX1: Column1064 | ANY1: Column1065 | ANZ1: Column1066 | AOA1: Column1067 | AOB1: Column1068 | AOC1: Column1069 | AOD1: Column1070 | AOE1: Column1071 | AOF1: Column1072 | AOG1: Column1073 | AOH1: Column1074 | AOI1: Column1075 | AOJ1: Column1076 | AOK1: Column1077 | AOL1: Column1078 | AOM1: Column1079 | AON1: Column1080 | AOO1: Column1081 | AOP1: Column1082 | AOQ1: Column1083 | AOR1: Column1084 | AOS1: Column1085 | AOT1: Column1086 | AOU1: Column1087 | AOV1: Column1088 | AOW1: Column1089 | AOX1: Column1090 | AOY1: Column1091 | AOZ1: Column1092 | APA1: Column1093 | APB1: Column1094 | APC1: Column1095 | APD1: Column1096 | APE1: Column1097 | APF1: Column1098 | APG1: Column1099 | APH1: Column1100 | API1: Column1101 | APJ1: Column1102 | APK1: Column1103 | APL1: Column1104 | APM1: Column1105 | APN1: Column1106 | APO1: Column1107 | APP1: Column1108 | APQ1: Column1109 | APR1: Column1110 | APS1: Column1111 | APT1: Column1112 | APU1: Column1113 | APV1: Column1114 | APW1: Column1115 | APX1: Column1116 | APY1: Column1117 | APZ1: Column1118 | AQA1: Column1119 | AQB1: Column1120 | AQC1: Column1121 | AQD1: Column1122 | AQE1: Column1123 | AQF1: Column1124 | AQG1: Column1125 | AQH1: Column1126 | AQI1: Column1127 | AQJ1: Column1128 | AQK1: Column1129 | AQL1: Column1130 | AQM1: Column1131 | AQN1: Column1132 | AQO1: Column1133 | AQP1: Column1134 | AQQ1: Column1135 | AQR1: Column1136 | AQS1: Column1137 | AQT1: Column1138 | AQU1: Column1139 | AQV1: Column1140 | AQW1: Column1141 | AQX1: Column1142 | AQY1: Column1143 | AQZ1: Column1144 | ARA1: Column1145 | ARB1: Column1146 | ARC1: Column1147 | ARD1: Column1148 | ARE1: Column1149 | ARF1: Column1150 | ARG1: Column1151 | ARH1: Column1152 | ARI1: Column1153 | ARJ1: Column1154 | ARK1: Column1155 | ARL1: Column1156 | ARM1: Column1157 | ARN1: Column1158 | ARO1: Column1159 | ARP1: Column1160 | ARQ1: Column1161 | ARR1: Column1162 | ARS1: Column1163 | ART1: Column1164 | ARU1: Column1165 | ARV1: Column1166 | ARW1: Column1167 | ARX1: Column1168 | ARY1: Column1169 | ARZ1: Column1170 | ASA1: Column1171 | ASB1: Column1172 | ASC1: Column1173 | ASD1: Column1174 | ASE1: Column1175 | ASF1: Column1176 | ASG1: Column1177 | ASH1: Column1178 | ASI1: Column1179 | ASJ1: Column1180 | ASK1: Column1181 | ASL1: Column1182 | ASM1: Column1183 | ASN1: Column1184 | ASO1: Column1185 | ASP1: Column1186 | ASQ1: Column1187 | ASR1: Column1188 | ASS1: Column1189 | AST1: Column1190 | ASU1: Column1191 | ASV1: Column1192 | ASW1: Column1193 | ASX1: Column1194 | ASY1: Column1195 | ASZ1: Column1196 | ATA1: Column1197 | ATB1: Column1198 | ATC1: Column1199 | ATD1: Column1200 | ATE1: Column1201 | ATF1: Column1202 | ATG1: Column1203 | ATH1: Column1204 | ATI1: Column1205 | ATJ1: Column1206 | ATK1: Column1207 | ATL1: Column1208 | ATM1: Column1209 | ATN1: Column1210 | ATO1: Column1211 | ATP1: Column1212 | ATQ1: Column1213 | ATR1: Column1214 | ATS1: Column1215 | ATT1: Column1216 | ATU1: Column1217 | ATV1: Column1218 | ATW1: Column1219 | ATX1: Column1220 | ATY1: Column1221 | ATZ1: Column1222 | AUA1: Column1223 | AUB1: Column1224 | AUC1: Column1225 | AUD1: Column1226 | AUE1: Column1227 | AUF1: Column1228 | AUG1: Column1229 | AUH1: Column1230 | AUI1: Column1231 | AUJ1: Column1232 | AUK1: Column1233 | AUL1: Column1234 | AUM1: Column1235 | AUN1: Column1236 | AUO1: Column1237 | AUP1: Column1238 | AUQ1: Column1239 | AUR1: Column1240 | AUS1: Column1241 | AUT1: Column1242 | AUU1: Column1243 | AUV1: Column1244 | AUW1: Column1245 | AUX1: Column1246 | AUY1: Column1247 | AUZ1: Column1248 | AVA1: Column1249 | AVB1: Column1250 | AVC1: Column1251 | AVD1: Column1252 | AVE1: Column1253 | AVF1: Column1254 | AVG1: Column1255 | AVH1: Column1256 | AVI1: Column1257 | AVJ1: Column1258 | AVK1: Column1259 | AVL1: Column1260 | AVM1: Column1261 | AVN1: Column1262 | AVO1: Column1263 | AVP1: Column1264 | AVQ1: Column1265 | AVR1: Column1266 | AVS1: Column1267 | AVT1: Column1268 | AVU1: Column1269 | AVV1: Column1270 | AVW1: Column1271 | AVX1: Column1272 | AVY1: Column1273 | AVZ1: Column1274 | AWA1: Column1275 | AWB1: Column1276 | AWC1: Column1277 | AWD1: Column1278 | AWE1: Column1279 | AWF1: Column1280 | AWG1: Column1281 | AWH1: Column1282 | AWI1: Column1283 | AWJ1: Column1284 | AWK1: Column1285 | AWL1: Column1286 | AWM1: Column1287 | AWN1: Column1288 | AWO1: Column1289 | AWP1: Column1290 | AWQ1: Column1291 | AWR1: Column1292 | AWS1: Column1293 | AWT1: Column1294 | AWU1: Column1295 | AWV1: Column1296 | AWW1: Column1297 | AWX1: Column1298 | AWY1: Column1299 | AWZ1: Column1300 | AXA1: Column1301 | AXB1: Column1302 | AXC1: Column1303 | AXD1: Column1304 | AXE1: Column1305 | AXF1: Column1306 | AXG1: Column1307 | AXH1: Column1308 | AXI1: Column1309 | AXJ1: Column1310 | AXK1: Column1311 | AXL1: Column1312 | AXM1: Column1313 | AXN1: Column1314 | AXO1: Column1315 | AXP1: Column1316 | AXQ1: Column1317 | AXR1: Column1318 | AXS1: Column1319 | AXT1: Column1320 | AXU1: Column1321 | AXV1: Column1322 | AXW1: Column1323 | AXX1: Column1324 | AXY1: Column1325 | AXZ1: Column1326 | AYA1: Column1327 | AYB1: Column1328 | AYC1: Column1329 | AYD1: Column1330 | AYE1: Column1331 | AYF1: Column1332 | AYG1: Column1333 | AYH1: Column1334 | AYI1: Column1335 | AYJ1: Column1336 | AYK1: Column1337 | AYL1: Column1338 | AYM1: Column1339 | AYN1: Column1340 | AYO1: Column1341 | AYP1: Column1342 | AYQ1: Column1343 | AYR1: Column1344 | AYS1: Column1345 | AYT1: Column1346 | AYU1: Column1347 | AYV1: Column1348 | AYW1: Column1349 | AYX1: Column1350 | AYY1: Column1351 | AYZ1: Column1352 | AZA1: Column1353 | AZB1: Column1354 | AZC1: Column1355 | AZD1: Column1356 | AZE1: Column1357 | AZF1: Column1358 | AZG1: Column1359 | AZH1: Column1360 | AZI1: Column1361 | AZJ1: Column1362 | AZK1: Column1363 | AZL1: Column1364 | AZM1: Column1365 | AZN1: Column1366 | AZO1: Column1367 | AZP1: Column1368 | AZQ1: Column1369 | AZR1: Column1370 | AZS1: Column1371 | AZT1: Column1372 | AZU1: Column1373 | AZV1: Column1374 | AZW1: Column1375 | AZX1: Column1376 | AZY1: Column1377 | AZZ1: Column1378 | BAA1: Column1379 | BAB1: Column1380 | BAC1: Column1381 | BAD1: Column1382 | BAE1: Column1383 | BAF1: Column1384 | BAG1: Column1385 | BAH1: Column1386 | BAI1: Column1387 | BAJ1: Column1388 | BAK1: Column1389 | BAL1: Column1390 | BAM1: Column1391 | BAN1: Column1392 | BAO1: Column1393 | BAP1: Column1394 | BAQ1: Column1395 | BAR1: Column1396 | BAS1: Column1397 | BAT1: Column1398 | BAU1: Column1399 | BAV1: Column1400 | BAW1: Column1401 | BAX1: Column1402 | BAY1: Column1403 | BAZ1: Column1404 | BBA1: Column1405 | BBB1: Column1406 | BBC1: Column1407 | BBD1: Column1408 | BBE1: Column1409 | BBF1: Column1410 | BBG1: Column1411 | BBH1: Column1412 | BBI1: Column1413 | BBJ1: Column1414 | BBK1: Column1415 | BBL1: Column1416 | BBM1: Column1417 | BBN1: Column1418 | BBO1: Column1419 | BBP1: Column1420 | BBQ1: Column1421 | BBR1: Column1422 | BBS1: Column1423 | BBT1: Column1424 | BBU1: Column1425 | BBV1: Column1426 | BBW1: Column1427 | BBX1: Column1428 | BBY1: Column1429 | BBZ1: Column1430 | BCA1: Column1431 | BCB1: Column1432 | BCC1: Column1433 | BCD1: Column1434 | BCE1: Column1435 | BCF1: Column1436 | BCG1: Column1437 | BCH1: Column1438 | BCI1: Column1439 | BCJ1: Column1440 | BCK1: Column1441 | BCL1: Column1442 | BCM1: Column1443 | BCN1: Column1444 | BCO1: Column1445 | BCP1: Column1446 | BCQ1: Column1447 | BCR1: Column1448 | BCS1: Column1449 | BCT1: Column1450 | BCU1: Column1451 | BCV1: Column1452 | BCW1: Column1453 | BCX1: Column1454 | BCY1: Column1455 | BCZ1: Column1456 | BDA1: Column1457 | BDB1: Column1458 | BDC1: Column1459 | BDD1: Column1460 | BDE1: Column1461 | BDF1: Column1462 | BDG1: Column1463 | BDH1: Column1464 | BDI1: Column1465 | BDJ1: Column1466 | BDK1: Column1467 | BDL1: Column1468 | BDM1: Column1469 | BDN1: Column1470 | BDO1: Column1471 | BDP1: Column1472 | BDQ1: Column1473 | BDR1: Column1474 | BDS1: Column1475 | BDT1: Column1476 | BDU1: Column1477 | BDV1: Column1478 | BDW1: Column1479 | BDX1: Column1480 | BDY1: Column1481 | BDZ1: Column1482 | BEA1: Column1483 | BEB1: Column1484 | BEC1: Column1485 | BED1: Column1486 | BEE1: Column1487 | BEF1: Column1488 | BEG1: Column1489 | BEH1: Column1490 | BEI1: Column1491 | BEJ1: Column1492 | BEK1: Column1493 | BEL1: Column1494 | BEM1: Column1495 | BEN1: Column1496 | BEO1: Column1497 | BEP1: Column1498 | BEQ1: Column1499 | BER1: Column1500 | BES1: Column1501 | BET1: Column1502 | BEU1: Column1503 | BEV1: Column1504 | BEW1: Column1505 | BEX1: Column1506 | BEY1: Column1507 | BEZ1: Column1508 | BFA1: Column1509 | BFB1: Column1510 | BFC1: Column1511 | BFD1: Column1512 | BFE1: Column1513 | BFF1: Column1514 | BFG1: Column1515 | BFH1: Column1516 | BFI1: Column1517 | BFJ1: Column1518 | BFK1: Column1519 | BFL1: Column1520 | BFM1: Column1521 | BFN1: Column1522 | BFO1: Column1523 | BFP1: Column1524 | BFQ1: Column1525 | BFR1: Column1526 | BFS1: Column1527 | BFT1: Column1528 | BFU1: Column1529 | BFV1: Column1530 | BFW1: Column1531 | BFX1: Column1532 | BFY1: Column1533 | BFZ1: Column1534 | BGA1: Column1535 | BGB1: Column1536 | BGC1: Column1537 | BGD1: Column1538 | BGE1: Column1539 | BGF1: Column1540 | BGG1: Column1541 | BGH1: Column1542 | BGI1: Column1543 | BGJ1: Column1544 | BGK1: Column1545 | BGL1: Column1546 | BGM1: Column1547 | BGN1: Column1548 | BGO1: Column1549 | BGP1: Column1550 | BGQ1: Column1551 | BGR1: Column1552 | BGS1: Column1553 | BGT1: Column1554 | BGU1: Column1555 | BGV1: Column1556 | BGW1: Column1557 | BGX1: Column1558 | BGY1: Column1559 | BGZ1: Column1560 | BHA1: Column1561 | BHB1: Column1562 | BHC1: Column1563 | BHD1: Column1564 | BHE1: Column1565 | BHF1: Column1566 | BHG1: Column1567 | BHH1: Column1568 | BHI1: Column1569 | BHJ1: Column1570 | BHK1: Column1571 | BHL1: Column1572 | BHM1: Column1573 | BHN1: Column1574 | BHO1: Column1575 | BHP1: Column1576 | BHQ1: Column1577 | BHR1: Column1578 | BHS1: Column1579 | BHT1: Column1580 | BHU1: Column1581 | BHV1: Column1582 | BHW1: Column1583 | BHX1: Column1584 | BHY1: Column1585 | BHZ1: Column1586 | BIA1: Column1587 | BIB1: Column1588 | BIC1: Column1589 | BID1: Column1590 | BIE1: Column1591 | BIF1: Column1592 | BIG1: Column1593 | BIH1: Column1594 | BII1: Column1595 | BIJ1: Column1596 | BIK1: Column1597 | BIL1: Column1598 | BIM1: Column1599 | BIN1: Column1600 | BIO1: Column1601 | BIP1: Column1602 | BIQ1: Column1603 | BIR1: Column1604 | BIS1: Column1605 | BIT1: Column1606 | BIU1: Column1607 | BIV1: Column1608 | BIW1: Column1609 | BIX1: Column1610 | BIY1: Column1611 | BIZ1: Column1612 | BJA1: Column1613 | BJB1: Column1614 | BJC1: Column1615 | BJD1: Column1616 | BJE1: Column1617 | BJF1: Column1618 | BJG1: Column1619 | BJH1: Column1620 | BJI1: Column1621 | BJJ1: Column1622 | BJK1: Column1623 | BJL1: Column1624 | BJM1: Column1625 | BJN1: Column1626 | BJO1: Column1627 | BJP1: Column1628 | BJQ1: Column1629 | BJR1: Column1630 | BJS1: Column1631 | BJT1: Column1632 | BJU1: Column1633 | BJV1: Column1634 | BJW1: Column1635 | BJX1: Column1636 | BJY1: Column1637 | BJZ1: Column1638 | BKA1: Column1639 | BKB1: Column1640 | BKC1: Column1641 | BKD1: Column1642 | BKE1: Column1643 | BKF1: Column1644 | BKG1: Column1645 | BKH1: Column1646 | BKI1: Column1647 | BKJ1: Column1648 | BKK1: Column1649 | BKL1: Column1650 | BKM1: Column1651 | BKN1: Column1652 | BKO1: Column1653 | BKP1: Column1654 | BKQ1: Column1655 | BKR1: Column1656 | BKS1: Column1657 | BKT1: Column1658 | BKU1: Column1659 | BKV1: Column1660 | BKW1: Column1661 | BKX1: Column1662 | BKY1: Column1663 | BKZ1: Column1664 | BLA1: Column1665 | BLB1: Column1666 | BLC1: Column1667 | BLD1: Column1668 | BLE1: Column1669 | BLF1: Column1670 | BLG1: Column1671 | BLH1: Column1672 | BLI1: Column1673 | BLJ1: Column1674 | BLK1: Column1675 | BLL1: Column1676 | BLM1: Column1677 | BLN1: Column1678 | BLO1: Column1679 | BLP1: Column1680 | BLQ1: Column1681 | BLR1: Column1682 | BLS1: Column1683 | BLT1: Column1684 | BLU1: Column1685 | BLV1: Column1686 | BLW1: Column1687 | BLX1: Column1688 | BLY1: Column1689 | BLZ1: Column1690 | BMA1: Column1691 | BMB1: Column1692 | BMC1: Column1693 | BMD1: Column1694 | BME1: Column1695 | BMF1: Column1696 | BMG1: Column1697 | BMH1: Column1698 | BMI1: Column1699 | BMJ1: Column1700 | BMK1: Column1701 | BML1: Column1702 | BMM1: Column1703 | BMN1: Column1704 | BMO1: Column1705 | BMP1: Column1706 | BMQ1: Column1707 | BMR1: Column1708 | BMS1: Column1709 | BMT1: Column1710 | BMU1: Column1711 | BMV1: Column1712 | BMW1: Column1713 | BMX1: Column1714 | BMY1: Column1715 | BMZ1: Column1716 | BNA1: Column1717 | BNB1: Column1718 | BNC1: Column1719 | BND1: Column1720 | BNE1: Column1721 | BNF1: Column1722 | BNG1: Column1723 | BNH1: Column1724 | BNI1: Column1725 | BNJ1: Column1726 | BNK1: Column1727 | BNL1: Column1728 | BNM1: Column1729 | BNN1: Column1730 | BNO1: Column1731 | BNP1: Column1732 | BNQ1: Column1733 | BNR1: Column1734 | BNS1: Column1735 | BNT1: Column1736 | BNU1: Column1737 | BNV1: Column1738 | BNW1: Column1739 | BNX1: Column1740 | BNY1: Column1741 | BNZ1: Column1742 | BOA1: Column1743 | BOB1: Column1744 | BOC1: Column1745 | BOD1: Column1746 | BOE1: Column1747 | BOF1: Column1748 | BOG1: Column1749 | BOH1: Column1750 | BOI1: Column1751 | BOJ1: Column1752 | BOK1: Column1753 | BOL1: Column1754 | BOM1: Column1755 | BON1: Column1756 | BOO1: Column1757 | BOP1: Column1758 | BOQ1: Column1759 | BOR1: Column1760 | BOS1: Column1761 | BOT1: Column1762 | BOU1: Column1763 | BOV1: Column1764 | BOW1: Column1765 | BOX1: Column1766 | BOY1: Column1767 | BOZ1: Column1768 | BPA1: Column1769 | BPB1: Column1770 | BPC1: Column1771 | BPD1: Column1772 | BPE1: Column1773 | BPF1: Column1774 | BPG1: Column1775 | BPH1: Column1776 | BPI1: Column1777 | BPJ1: Column1778 | BPK1: Column1779 | BPL1: Column1780 | BPM1: Column1781 | BPN1: Column1782 | BPO1: Column1783 | BPP1: Column1784 | BPQ1: Column1785 | BPR1: Column1786 | BPS1: Column1787 | BPT1: Column1788 | BPU1: Column1789 | BPV1: Column1790 | BPW1: Column1791 | BPX1: Column1792 | BPY1: Column1793 | BPZ1: Column1794 | BQA1: Column1795 | BQB1: Column1796 | BQC1: Column1797 | BQD1: Column1798 | BQE1: Column1799 | BQF1: Column1800 | BQG1: Column1801 | BQH1: Column1802 | BQI1: Column1803 | BQJ1: Column1804 | BQK1: Column1805 | BQL1: Column1806 | BQM1: Column1807 | BQN1: Column1808 | BQO1: Column1809 | BQP1: Column1810 | BQQ1: Column1811 | BQR1: Column1812 | BQS1: Column1813 | BQT1: Column1814 | BQU1: Column1815 | BQV1: Column1816 | BQW1: Column1817 | BQX1: Column1818 | BQY1: Column1819 | BQZ1: Column1820 | BRA1: Column1821 | BRB1: Column1822 | BRC1: Column1823 | BRD1: Column1824 | BRE1: Column1825 | BRF1: Column1826 | BRG1: Column1827 | BRH1: Column1828 | BRI1: Column1829 | BRJ1: Column1830 | BRK1: Column1831 | BRL1: Column1832 | BRM1: Column1833 | BRN1: Column1834 | BRO1: Column1835 | BRP1: Column1836 | BRQ1: Column1837 | BRR1: Column1838 | BRS1: Column1839 | BRT1: Column1840 | BRU1: Column1841 | BRV1: Column1842 | BRW1: Column1843 | BRX1: Column1844 | BRY1: Column1845 | BRZ1: Column1846 | BSA1: Column1847 | BSB1: Column1848 | BSC1: Column1849 | BSD1: Column1850 | BSE1: Column1851 | BSF1: Column1852 | BSG1: Column1853 | BSH1: Column1854 | BSI1: Column1855 | BSJ1: Column1856 | BSK1: Column1857 | BSL1: Column1858 | BSM1: Column1859 | BSN1: Column1860 | BSO1: Column1861 | BSP1: Column1862 | BSQ1: Column1863 | BSR1: Column1864 | BSS1: Column1865 | BST1: Column1866 | BSU1: Column1867 | BSV1: Column1868 | BSW1: Column1869 | BSX1: Column1870 | BSY1: Column1871 | BSZ1: Column1872 | BTA1: Column1873 | BTB1: Column1874 | BTC1: Column1875 | BTD1: Column1876 | BTE1: Column1877 | BTF1: Column1878 | BTG1: Column1879 | BTH1: Column1880 | BTI1: Column1881 | BTJ1: Column1882 | BTK1: Column1883 | BTL1: Column1884 | BTM1: Column1885 | BTN1: Column1886 | BTO1: Column1887 | BTP1: Column1888 | BTQ1: Column1889 | BTR1: Column1890 | BTS1: Column1891 | BTT1: Column1892 | BTU1: Column1893 | BTV1: Column1894 | BTW1: Column1895 | BTX1: Column1896 | BTY1: Column1897 | BTZ1: Column1898 | BUA1: Column1899 | BUB1: Column1900 | BUC1: Column1901 | BUD1: Column1902 | BUE1: Column1903 | BUF1: Column1904 | BUG1: Column1905 | BUH1: Column1906 | BUI1: Column1907 | BUJ1: Column1908 | BUK1: Column1909 | BUL1: Column1910 | BUM1: Column1911 | BUN1: Column1912 | BUO1: Column1913 | BUP1: Column1914 | BUQ1: Column1915 | BUR1: Column1916 | BUS1: Column1917 | BUT1: Column1918 | BUU1: Column1919 | BUV1: Column1920 | BUW1: Column1921 | BUX1: Column1922 | BUY1: Column1923 | BUZ1: Column1924 | BVA1: Column1925 | BVB1: Column1926 | BVC1: Column1927 | BVD1: Column1928 | BVE1: Column1929 | BVF1: Column1930 | BVG1: Column1931 | BVH1: Column1932 | BVI1: Column1933 | BVJ1: Column1934 | BVK1: Column1935 | BVL1: Column1936 | BVM1: Column1937 | BVN1: Column1938 | BVO1: Column1939 | BVP1: Column1940 | BVQ1: Column1941 | BVR1: Column1942 | BVS1: Column1943 | BVT1: Column1944 | BVU1: Column1945 | BVV1: Column1946 | BVW1: Column1947 | BVX1: Column1948 | BVY1: Column1949 | BVZ1: Column1950 | BWA1: Column1951 | BWB1: Column1952 | BWC1: Column1953 | BWD1: Column1954 | BWE1: Column1955 | BWF1: Column1956 | BWG1: Column1957 | BWH1: Column1958 | BWI1: Column1959 | BWJ1: Column1960 | BWK1: Column1961 | BWL1: Column1962 | BWM1: Column1963 | BWN1: Column1964 | BWO1: Column1965 | BWP1: Column1966 | BWQ1: Column1967 | BWR1: Column1968 | BWS1: Column1969 | BWT1: Column1970 | BWU1: Column1971 | BWV1: Column1972 | BWW1: Column1973 | BWX1: Column1974 | BWY1: Column1975 | BWZ1: Column1976 | BXA1: Column1977 | BXB1: Column1978 | BXC1: Column1979 | BXD1: Column1980 | BXE1: Column1981 | BXF1: Column1982 | BXG1: Column1983 | BXH1: Column1984 | BXI1: Column1985 | BXJ1: Column1986 | BXK1: Column1987 | BXL1: Column1988 | BXM1: Column1989 | BXN1: Column1990 | BXO1: Column1991 | BXP1: Column1992 | BXQ1: Column1993 | BXR1: Column1994 | BXS1: Column1995 | BXT1: Column1996 | BXU1: Column1997 | BXV1: Column1998 | BXW1: Column1999 | BXX1: Column2000 | BXY1: Column2001 | BXZ1: Column2002 | BYA1: Column2003 | BYB1: Column2004 | BYC1: Column2005 | BYD1: Column2006 | BYE1: Column2007 | BYF1: Column2008 | BYG1: Column2009 | BYH1: Column2010 | BYI1: Column2011 | BYJ1: Column2012 | BYK1: Column2013 | BYL1: Column2014 | BYM1: Column2015 | BYN1: Column2016 | BYO1: Column2017 | BYP1: Column2018 | BYQ1: Column2019 | BYR1: Column2020 | BYS1: Column2021 | BYT1: Column2022 | BYU1: Column2023 | BYV1: Column2024 | BYW1: Column2025 | BYX1: Column2026 | BYY1: Column2027 | BYZ1: Column2028 | BZA1: Column2029 | BZB1: Column2030 | BZC1: Column2031 | BZD1: Column2032 | BZE1: Column2033 | BZF1: Column2034 | BZG1: Column2035 | BZH1: Column2036 | BZI1: Column2037 | BZJ1: Column2038 | BZK1: Column2039 | BZL1: Column2040 | BZM1: Column2041 | BZN1: Column2042 | BZO1: Column2043 | BZP1: Column2044 | BZQ1: Column2045 | BZR1: Column2046 | BZS1: Column2047 | BZT1: Column2048 | BZU1: Column2049 | BZV1: Column2050 | BZW1: Column2051 | BZX1: Column2052 | BZY1: Column2053 | BZZ1: Column2054 | CAA1: Column2055 | CAB1: Column2056 | CAC1: Column2057 | CAD1: Column2058 | CAE1: Column2059 | CAF1: Column2060 | CAG1: Column2061 | CAH1: Column2062 | CAI1: Column2063 | CAJ1: Column2064 | CAK1: Column2065 | CAL1: Column2066 | CAM1: Column2067 | CAN1: Column2068 | CAO1: Column2069 | CAP1: Column2070 | CAQ1: Column2071 | CAR1: Column2072 | CAS1: Column2073 | CAT1: Column2074 | CAU1: Column2075 | CAV1: Column2076 | CAW1: Column2077 | CAX1: Column2078 | CAY1: Column2079 | CAZ1: Column2080 | CBA1: Column2081 | CBB1: Column2082 | CBC1: Column2083 | CBD1: Column2084 | CBE1: Column2085 | CBF1: Column2086 | CBG1: Column2087 | CBH1: Column2088 | CBI1: Column2089 | CBJ1: Column2090 | CBK1: Column2091 | CBL1: Column2092 | CBM1: Column2093 | CBN1: Column2094 | CBO1: Column2095 | CBP1: Column2096 | CBQ1: Column2097 | CBR1: Column2098 | CBS1: Column2099 | CBT1: Column2100 | CBU1: Column2101 | CBV1: Column2102 | CBW1: Column2103 | CBX1: Column2104 | CBY1: Column2105 | CBZ1: Column2106 | CCA1: Column2107 | CCB1: Column2108 | CCC1: Column2109 | CCD1: Column2110 | CCE1: Column2111 | CCF1: Column2112 | CCG1: Column2113 | CCH1: Column2114 | CCI1: Column2115 | CCJ1: Column2116 | CCK1: Column2117 | CCL1: Column2118 | CCM1: Column2119 | CCN1: Column2120 | CCO1: Column2121 | CCP1: Column2122 | CCQ1: Column2123 | CCR1: Column2124 | CCS1: Column2125 | CCT1: Column2126 | CCU1: Column2127 | CCV1: Column2128 | CCW1: Column2129 | CCX1: Column2130 | CCY1: Column2131 | CCZ1: Column2132 | CDA1: Column2133 | CDB1: Column2134 | CDC1: Column2135 | CDD1: Column2136 | CDE1: Column2137 | CDF1: Column2138 | CDG1: Column2139 | CDH1: Column2140 | CDI1: Column2141 | CDJ1: Column2142 | CDK1: Column2143 | CDL1: Column2144 | CDM1: Column2145 | CDN1: Column2146 | CDO1: Column2147 | CDP1: Column2148 | CDQ1: Column2149 | CDR1: Column2150 | CDS1: Column2151 | CDT1: Column2152 | CDU1: Column2153 | CDV1: Column2154 | CDW1: Column2155 | CDX1: Column2156 | CDY1: Column2157 | CDZ1: Column2158 | CEA1: Column2159 | CEB1: Column2160 | CEC1: Column2161 | CED1: Column2162 | CEE1: Column2163 | CEF1: Column2164 | CEG1: Column2165 | CEH1: Column2166 | CEI1: Column2167 | CEJ1: Column2168 | CEK1: Column2169 | CEL1: Column2170 | CEM1: Column2171 | CEN1: Column2172 | CEO1: Column2173 | CEP1: Column2174 | CEQ1: Column2175 | CER1: Column2176 | CES1: Column2177 | CET1: Column2178 | CEU1: Column2179 | CEV1: Column2180 | CEW1: Column2181 | CEX1: Column2182 | CEY1: Column2183 | CEZ1: Column2184 | CFA1: Column2185 | CFB1: Column2186 | CFC1: Column2187 | CFD1: Column2188 | CFE1: Column2189 | CFF1: Column2190 | CFG1: Column2191 | CFH1: Column2192 | CFI1: Column2193 | CFJ1: Column2194 | CFK1: Column2195 | CFL1: Column2196 | CFM1: Column2197 | CFN1: Column2198 | CFO1: Column2199 | CFP1: Column2200 | CFQ1: Column2201 | CFR1: Column2202 | CFS1: Column2203 | CFT1: Column2204 | CFU1: Column2205 | CFV1: Column2206 | CFW1: Column2207 | CFX1: Column2208 | CFY1: Column2209 | CFZ1: Column2210 | CGA1: Column2211 | CGB1: Column2212 | CGC1: Column2213 | CGD1: Column2214 | CGE1: Column2215 | CGF1: Column2216 | CGG1: Column2217 | CGH1: Column2218 | CGI1: Column2219 | CGJ1: Column2220 | CGK1: Column2221 | CGL1: Column2222 | CGM1: Column2223 | CGN1: Column2224 | CGO1: Column2225 | CGP1: Column2226 | CGQ1: Column2227 | CGR1: Column2228 | CGS1: Column2229 | CGT1: Column2230 | CGU1: Column2231 | CGV1: Column2232 | CGW1: Column2233 | CGX1: Column2234 | CGY1: Column2235 | CGZ1: Column2236 | CHA1: Column2237 | CHB1: Column2238 | CHC1: Column2239 | CHD1: Column2240 | CHE1: Column2241 | CHF1: Column2242 | CHG1: Column2243 | CHH1: Column2244 | CHI1: Column2245 | CHJ1: Column2246 | CHK1: Column2247 | CHL1: Column2248 | CHM1: Column2249 | CHN1: Column2250 | CHO1: Column2251 | CHP1: Column2252 | CHQ1: Column2253 | CHR1: Column2254 | CHS1: Column2255 | CHT1: Column2256 | CHU1: Column2257 | CHV1: Column2258 | CHW1: Column2259 | CHX1: Column2260 | CHY1: Column2261 | CHZ1: Column2262 | CIA1: Column2263 | CIB1: Column2264 | CIC1: Column2265 | CID1: Column2266 | CIE1: Column2267 | CIF1: Column2268 | CIG1: Column2269 | CIH1: Column2270 | CII1: Column2271 | CIJ1: Column2272 | CIK1: Column2273 | CIL1: Column2274 | CIM1: Column2275 | CIN1: Column2276 | CIO1: Column2277 | CIP1: Column2278 | CIQ1: Column2279 | CIR1: Column2280 | CIS1: Column2281 | CIT1: Column2282 | CIU1: Column2283 | CIV1: Column2284 | CIW1: Column2285 | CIX1: Column2286 | CIY1: Column2287 | CIZ1: Column2288 | CJA1: Column2289 | CJB1: Column2290 | CJC1: Column2291 | CJD1: Column2292 | CJE1: Column2293 | CJF1: Column2294 | CJG1: Column2295 | CJH1: Column2296 | CJI1: Column2297 | CJJ1: Column2298 | CJK1: Column2299 | CJL1: Column2300 | CJM1: Column2301 | CJN1: Column2302 | CJO1: Column2303 | CJP1: Column2304 | CJQ1: Column2305 | CJR1: Column2306 | CJS1: Column2307 | CJT1: Column2308 | CJU1: Column2309 | CJV1: Column2310 | CJW1: Column2311 | CJX1: Column2312 | CJY1: Column2313 | CJZ1: Column2314 | CKA1: Column2315 | CKB1: Column2316 | CKC1: Column2317 | CKD1: Column2318 | CKE1: Column2319 | CKF1: Column2320 | CKG1: Column2321 | CKH1: Column2322 | CKI1: Column2323 | CKJ1: Column2324 | CKK1: Column2325 | CKL1: Column2326 | CKM1: Column2327 | CKN1: Column2328 | CKO1: Column2329 | CKP1: Column2330 | CKQ1: Column2331 | CKR1: Column2332 | CKS1: Column2333 | CKT1: Column2334 | CKU1: Column2335 | CKV1: Column2336 | CKW1: Column2337 | CKX1: Column2338 | CKY1: Column2339 | CKZ1: Column2340 | CLA1: Column2341 | CLB1: Column2342 | CLC1: Column2343 | CLD1: Column2344 | CLE1: Column2345 | CLF1: Column2346 | CLG1: Column2347 | CLH1: Column2348 | CLI1: Column2349 | CLJ1: Column2350 | CLK1: Column2351 | CLL1: Column2352 | CLM1: Column2353 | CLN1: Column2354 | CLO1: Column2355 | CLP1: Column2356 | CLQ1: Column2357 | CLR1: Column2358 | CLS1: Column2359 | CLT1: Column2360 | CLU1: Column2361 | CLV1: Column2362 | CLW1: Column2363 | CLX1: Column2364 | CLY1: Column2365 | CLZ1: Column2366 | CMA1: Column2367 | CMB1: Column2368 | CMC1: Column2369 | CMD1: Column2370 | CME1: Column2371 | CMF1: Column2372 | CMG1: Column2373 | CMH1: Column2374 | CMI1: Column2375 | CMJ1: Column2376 | CMK1: Column2377 | CML1: Column2378 | CMM1: Column2379 | CMN1: Column2380 | CMO1: Column2381 | CMP1: Column2382 | CMQ1: Column2383 | CMR1: Column2384 | CMS1: Column2385 | CMT1: Column2386 | CMU1: Column2387 | CMV1: Column2388 | CMW1: Column2389 | CMX1: Column2390 | CMY1: Column2391 | CMZ1: Column2392 | CNA1: Column2393 | CNB1: Column2394 | CNC1: Column2395 | CND1: Column2396 | CNE1: Column2397 | CNF1: Column2398 | CNG1: Column2399 | CNH1: Column2400 | CNI1: Column2401 | CNJ1: Column2402 | CNK1: Column2403 | CNL1: Column2404 | CNM1: Column2405 | CNN1: Column2406 | CNO1: Column2407 | CNP1: Column2408 | CNQ1: Column2409 | CNR1: Column2410 | CNS1: Column2411 | CNT1: Column2412 | CNU1: Column2413 | CNV1: Column2414 | CNW1: Column2415 | CNX1: Column2416 | CNY1: Column2417 | CNZ1: Column2418 | COA1: Column2419 | COB1: Column2420 | COC1: Column2421 | COD1: Column2422 | COE1: Column2423 | COF1: Column2424 | COG1: Column2425 | COH1: Column2426 | COI1: Column2427 | COJ1: Column2428 | COK1: Column2429 | COL1: Column2430 | COM1: Column2431 | CON1: Column2432 | COO1: Column2433 | COP1: Column2434 | COQ1: Column2435 | COR1: Column2436 | COS1: Column2437 | COT1: Column2438 | COU1: Column2439 | COV1: Column2440 | COW1: Column2441 | COX1: Column2442 | COY1: Column2443 | COZ1: Column2444 | CPA1: Column2445 | CPB1: Column2446 | CPC1: Column2447 | CPD1: Column2448 | CPE1: Column2449 | CPF1: Column2450 | CPG1: Column2451 | CPH1: Column2452 | CPI1: Column2453 | CPJ1: Column2454 | CPK1: Column2455 | CPL1: Column2456 | CPM1: Column2457 | CPN1: Column2458 | CPO1: Column2459 | CPP1: Column2460 | CPQ1: Column2461 | CPR1: Column2462 | CPS1: Column2463 | CPT1: Column2464 | CPU1: Column2465 | CPV1: Column2466 | CPW1: Column2467 | CPX1: Column2468 | CPY1: Column2469 | CPZ1: Column2470 | CQA1: Column2471 | CQB1: Column2472 | CQC1: Column2473 | CQD1: Column2474 | CQE1: Column2475 | CQF1: Column2476 | CQG1: Column2477 | CQH1: Column2478 | CQI1: Column2479 | CQJ1: Column2480 | CQK1: Column2481 | CQL1: Column2482 | CQM1: Column2483 | CQN1: Column2484 | CQO1: Column2485 | CQP1: Column2486 | CQQ1: Column2487 | CQR1: Column2488 | CQS1: Column2489 | CQT1: Column2490 | CQU1: Column2491 | CQV1: Column2492 | CQW1: Column2493 | CQX1: Column2494 | CQY1: Column2495 | CQZ1: Column2496 | CRA1: Column2497 | CRB1: Column2498 | CRC1: Column2499 | CRD1: Column2500 | CRE1: Column2501 | CRF1: Column2502 | CRG1: Column2503 | CRH1: Column2504 | CRI1: Column2505 | CRJ1: Column2506 | CRK1: Column2507 | CRL1: Column2508 | CRM1: Column2509 | CRN1: Column2510 | CRO1: Column2511 | CRP1: Column2512 | CRQ1: Column2513 | CRR1: Column2514 | CRS1: Column2515 | CRT1: Column2516 | CRU1: Column2517 | CRV1: Column2518 | CRW1: Column2519 | CRX1: Column2520 | CRY1: Column2521 | CRZ1: Column2522 | CSA1: Column2523 | CSB1: Column2524 | CSC1: Column2525 | CSD1: Column2526 | CSE1: Column2527 | CSF1: Column2528 | CSG1: Column2529 | CSH1: Column2530 | CSI1: Column2531 | CSJ1: Column2532 | CSK1: Column2533 | CSL1: Column2534 | CSM1: Column2535 | CSN1: Column2536 | CSO1: Column2537 | CSP1: Column2538 | CSQ1: Column2539 | CSR1: Column2540 | CSS1: Column2541 | CST1: Column2542 | CSU1: Column2543 | CSV1: Column2544 | CSW1: Column2545 | CSX1: Column2546 | CSY1: Column2547 | CSZ1: Column2548 | CTA1: Column2549 | CTB1: Column2550 | CTC1: Column2551 | CTD1: Column2552 | CTE1: Column2553 | CTF1: Column2554 | CTG1: Column2555 | CTH1: Column2556 | CTI1: Column2557 | CTJ1: Column2558 | CTK1: Column2559 | CTL1: Column2560 | CTM1: Column2561 | CTN1: Column2562 | CTO1: Column2563 | CTP1: Column2564 | CTQ1: Column2565 | CTR1: Column2566 | CTS1: Column2567 | CTT1: Column2568 | CTU1: Column2569 | CTV1: Column2570 | CTW1: Column2571 | CTX1: Column2572 | CTY1: Column2573 | CTZ1: Column2574 | CUA1: Column2575 | CUB1: Column2576 | CUC1: Column2577 | CUD1: Column2578 | CUE1: Column2579 | CUF1: Column2580 | CUG1: Column2581 | CUH1: Column2582 | CUI1: Column2583 | CUJ1: Column2584 | CUK1: Column2585 | CUL1: Column2586 | CUM1: Column2587 | CUN1: Column2588 | CUO1: Column2589 | CUP1: Column2590 | CUQ1: Column2591 | CUR1: Column2592 | CUS1: Column2593 | CUT1: Column2594 | CUU1: Column2595 | CUV1: Column2596 | CUW1: Column2597 | CUX1: Column2598 | CUY1: Column2599 | CUZ1: Column2600 | CVA1: Column2601 | CVB1: Column2602 | CVC1: Column2603 | CVD1: Column2604 | CVE1: Column2605 | CVF1: Column2606 | CVG1: Column2607 | CVH1: Column2608 | CVI1: Column2609 | CVJ1: Column2610 | CVK1: Column2611 | CVL1: Column2612 | CVM1: Column2613 | CVN1: Column2614 | CVO1: Column2615 | CVP1: Column2616 | CVQ1: Column2617 | CVR1: Column2618 | CVS1: Column2619 | CVT1: Column2620 | CVU1: Column2621 | CVV1: Column2622 | CVW1: Column2623 | CVX1: Column2624 | CVY1: Column2625 | CVZ1: Column2626 | CWA1: Column2627 | CWB1: Column2628 | CWC1: Column2629 | CWD1: Column2630 | CWE1: Column2631 | CWF1: Column2632 | CWG1: Column2633 | CWH1: Column2634 | CWI1: Column2635 | CWJ1: Column2636 | CWK1: Column2637 | CWL1: Column2638 | CWM1: Column2639 | CWN1: Column2640 | CWO1: Column2641 | CWP1: Column2642 | CWQ1: Column2643 | CWR1: Column2644 | CWS1: Column2645 | CWT1: Column2646 | CWU1: Column2647 | CWV1: Column2648 | CWW1: Column2649 | CWX1: Column2650 | CWY1: Column2651 | CWZ1: Column2652 | CXA1: Column2653 | CXB1: Column2654 | CXC1: Column2655 | CXD1: Column2656 | CXE1: Column2657 | CXF1: Column2658 | CXG1: Column2659 | CXH1: Column2660 | CXI1: Column2661 | CXJ1: Column2662 | CXK1: Column2663 | CXL1: Column2664 | CXM1: Column2665 | CXN1: Column2666 | CXO1: Column2667 | CXP1: Column2668 | CXQ1: Column2669 | CXR1: Column2670 | CXS1: Column2671 | CXT1: Column2672 | CXU1: Column2673 | CXV1: Column2674 | CXW1: Column2675 | CXX1: Column2676 | CXY1: Column2677 | CXZ1: Column2678 | CYA1: Column2679 | CYB1: Column2680 | CYC1: Column2681 | CYD1: Column2682 | CYE1: Column2683 | CYF1: Column2684 | CYG1: Column2685 | CYH1: Column2686 | CYI1: Column2687 | CYJ1: Column2688 | CYK1: Column2689 | CYL1: Column2690 | CYM1: Column2691 | CYN1: Column2692 | CYO1: Column2693 | CYP1: Column2694 | CYQ1: Column2695 | CYR1: Column2696 | CYS1: Column2697 | CYT1: Column2698 | CYU1: Column2699 | CYV1: Column2700 | CYW1: Column2701 | CYX1: Column2702 | CYY1: Column2703 | CYZ1: Column2704 | CZA1: Column2705 | CZB1: Column2706 | CZC1: Column2707 | CZD1: Column2708 | CZE1: Column2709 | CZF1: Column2710 | CZG1: Column2711 | CZH1: Column2712 | CZI1: Column2713 | CZJ1: Column2714 | CZK1: Column2715 | CZL1: Column2716 | CZM1: Column2717 | CZN1: Column2718 | CZO1: Column2719 | CZP1: Column2720 | CZQ1: Column2721 | CZR1: Column2722 | CZS1: Column2723 | CZT1: Column2724 | CZU1: Column2725 | CZV1: Column2726 | CZW1: Column2727 | CZX1: Column2728 | CZY1: Column2729 | CZZ1: Column2730 | DAA1: Column2731 | DAB1: Column2732 | DAC1: Column2733 | DAD1: Column2734 | DAE1: Column2735 | DAF1: Column2736 | DAG1: Column2737 | DAH1: Column2738 | DAI1: Column2739 | DAJ1: Column2740 | DAK1: Column2741 | DAL1: Column2742 | DAM1: Column2743 | DAN1: Column2744 | DAO1: Column2745 | DAP1: Column2746 | DAQ1: Column2747 | DAR1: Column2748 | DAS1: Column2749 | DAT1: Column2750 | DAU1: Column2751 | DAV1: Column2752 | DAW1: Column2753 | DAX1: Column2754 | DAY1: Column2755 | DAZ1: Column2756 | DBA1: Column2757 | DBB1: Column2758 | DBC1: Column2759 | DBD1: Column2760 | DBE1: Column2761 | DBF1: Column2762 | DBG1: Column2763 | DBH1: Column2764 | DBI1: Column2765 | DBJ1: Column2766 | DBK1: Column2767 | DBL1: Column2768 | DBM1: Column2769 | DBN1: Column2770 | DBO1: Column2771 | DBP1: Column2772 | DBQ1: Column2773 | DBR1: Column2774 | DBS1: Column2775 | DBT1: Column2776 | DBU1: Column2777 | DBV1: Column2778 | DBW1: Column2779 | DBX1: Column2780 | DBY1: Column2781 | DBZ1: Column2782 | DCA1: Column2783 | DCB1: Column2784 | DCC1: Column2785 | DCD1: Column2786 | DCE1: Column2787 | DCF1: Column2788 | DCG1: Column2789 | DCH1: Column2790 | DCI1: Column2791 | DCJ1: Column2792 | DCK1: Column2793 | DCL1: Column2794 | DCM1: Column2795 | DCN1: Column2796 | DCO1: Column2797 | DCP1: Column2798 | DCQ1: Column2799 | DCR1: Column2800 | DCS1: Column2801 | DCT1: Column2802 | DCU1: Column2803 | DCV1: Column2804 | DCW1: Column2805 | DCX1: Column2806 | DCY1: Column2807 | DCZ1: Column2808 | DDA1: Column2809 | DDB1: Column2810 | DDC1: Column2811 | DDD1: Column2812 | DDE1: Column2813 | DDF1: Column2814 | DDG1: Column2815 | DDH1: Column2816 | DDI1: Column2817 | DDJ1: Column2818 | DDK1: Column2819 | DDL1: Column2820 | DDM1: Column2821 | DDN1: Column2822 | DDO1: Column2823 | DDP1: Column2824 | DDQ1: Column2825 | DDR1: Column2826 | DDS1: Column2827 | DDT1: Column2828 | DDU1: Column2829 | DDV1: Column2830 | DDW1: Column2831 | DDX1: Column2832 | DDY1: Column2833 | DDZ1: Column2834 | DEA1: Column2835 | DEB1: Column2836 | DEC1: Column2837 | DED1: Column2838 | DEE1: Column2839 | DEF1: Column2840 | DEG1: Column2841 | DEH1: Column2842 | DEI1: Column2843 | DEJ1: Column2844 | DEK1: Column2845 | DEL1: Column2846 | DEM1: Column2847 | DEN1: Column2848 | DEO1: Column2849 | DEP1: Column2850 | DEQ1: Column2851 | DER1: Column2852 | DES1: Column2853 | DET1: Column2854 | DEU1: Column2855 | DEV1: Column2856 | DEW1: Column2857 | DEX1: Column2858 | DEY1: Column2859 | DEZ1: Column2860 | DFA1: Column2861 | DFB1: Column2862 | DFC1: Column2863 | DFD1: Column2864 | DFE1: Column2865 | DFF1: Column2866 | DFG1: Column2867 | DFH1: Column2868 | DFI1: Column2869 | DFJ1: Column2870 | DFK1: Column2871 | DFL1: Column2872 | DFM1: Column2873 | DFN1: Column2874 | DFO1: Column2875 | DFP1: Column2876 | DFQ1: Column2877 | DFR1: Column2878 | DFS1: Column2879 | DFT1: Column2880 | DFU1: Column2881 | DFV1: Column2882 | DFW1: Column2883 | DFX1: Column2884 | DFY1: Column2885 | DFZ1: Column2886 | DGA1: Column2887 | DGB1: Column2888 | DGC1: Column2889 | DGD1: Column2890 | DGE1: Column2891 | DGF1: Column2892 | DGG1: Column2893 | DGH1: Column2894 | DGI1: Column2895 | DGJ1: Column2896 | DGK1: Column2897 | DGL1: Column2898 | DGM1: Column2899 | DGN1: Column2900 | DGO1: Column2901 | DGP1: Column2902 | DGQ1: Column2903 | DGR1: Column2904 | DGS1: Column2905 | DGT1: Column2906 | DGU1: Column2907 | DGV1: Column2908 | DGW1: Column2909 | DGX1: Column2910 | DGY1: Column2911 | DGZ1: Column2912 | DHA1: Column2913 | DHB1: Column2914 | DHC1: Column2915 | DHD1: Column2916 | DHE1: Column2917 | DHF1: Column2918 | DHG1: Column2919 | DHH1: Column2920 | DHI1: Column2921 | DHJ1: Column2922 | DHK1: Column2923 | DHL1: Column2924 | DHM1: Column2925 | DHN1: Column2926 | DHO1: Column2927 | DHP1: Column2928 | DHQ1: Column2929 | DHR1: Column2930 | DHS1: Column2931 | DHT1: Column2932 | DHU1: Column2933 | DHV1: Column2934 | DHW1: Column2935 | DHX1: Column2936 | DHY1: Column2937 | DHZ1: Column2938 | DIA1: Column2939 | DIB1: Column2940 | DIC1: Column2941 | DID1: Column2942 | DIE1: Column2943 | DIF1: Column2944 | DIG1: Column2945 | DIH1: Column2946 | DII1: Column2947 | DIJ1: Column2948 | DIK1: Column2949 | DIL1: Column2950 | DIM1: Column2951 | DIN1: Column2952 | DIO1: Column2953 | DIP1: Column2954 | DIQ1: Column2955 | DIR1: Column2956 | DIS1: Column2957 | DIT1: Column2958 | DIU1: Column2959 | DIV1: Column2960 | DIW1: Column2961 | DIX1: Column2962 | DIY1: Column2963 | DIZ1: Column2964 | DJA1: Column2965 | DJB1: Column2966 | DJC1: Column2967 | DJD1: Column2968 | DJE1: Column2969 | DJF1: Column2970 | DJG1: Column2971 | DJH1: Column2972 | DJI1: Column2973 | DJJ1: Column2974 | DJK1: Column2975 | DJL1: Column2976 | DJM1: Column2977 | DJN1: Column2978 | DJO1: Column2979 | DJP1: Column2980 | DJQ1: Column2981 | DJR1: Column2982 | DJS1: Column2983 | DJT1: Column2984 | DJU1: Column2985 | DJV1: Column2986 | DJW1: Column2987 | DJX1: Column2988 | DJY1: Column2989 | DJZ1: Column2990 | DKA1: Column2991 | DKB1: Column2992 | DKC1: Column2993 | DKD1: Column2994 | DKE1: Column2995 | DKF1: Column2996 | DKG1: Column2997 | DKH1: Column2998 | DKI1: Column2999 | DKJ1: Column3000 | DKK1: Column3001 | DKL1: Column3002 | DKM1: Column3003 | DKN1: Column3004 | DKO1: Column3005 | DKP1: Column3006 | DKQ1: Column3007 | DKR1: Column3008 | DKS1: Column3009 | DKT1: Column3010 | DKU1: Column3011 | DKV1: Column3012 | DKW1: Column3013 | DKX1: Column3014 | DKY1: Column3015 | DKZ1: Column3016 | DLA1: Column3017 | DLB1: Column3018 | DLC1: Column3019 | DLD1: Column3020 | DLE1: Column3021 | DLF1: Column3022 | DLG1: Column3023 | DLH1: Column3024 | DLI1: Column3025 | DLJ1: Column3026 | DLK1: Column3027 | DLL1: Column3028 | DLM1: Column3029 | DLN1: Column3030 | DLO1: Column3031 | DLP1: Column3032 | DLQ1: Column3033 | DLR1: Column3034 | DLS1: Column3035 | DLT1: Column3036 | DLU1: Column3037 | DLV1: Column3038 | DLW1: Column3039 | DLX1: Column3040 | DLY1: Column3041 | DLZ1: Column3042 | DMA1: Column3043 | DMB1: Column3044 | DMC1: Column3045 | DMD1: Column3046 | DME1: Column3047 | DMF1: Column3048 | DMG1: Column3049 | DMH1: Column3050 | DMI1: Column3051 | DMJ1: Column3052 | DMK1: Column3053 | DML1: Column3054 | DMM1: Column3055 | DMN1: Column3056 | DMO1: Column3057 | DMP1: Column3058 | DMQ1: Column3059 | DMR1: Column3060 | DMS1: Column3061 | DMT1: Column3062 | DMU1: Column3063 | DMV1: Column3064 | DMW1: Column3065 | DMX1: Column3066 | DMY1: Column3067 | DMZ1: Column3068 | DNA1: Column3069 | DNB1: Column3070 | DNC1: Column3071 | DND1: Column3072 | DNE1: Column3073 | DNF1: Column3074 | DNG1: Column3075 | DNH1: Column3076 | DNI1: Column3077 | DNJ1: Column3078 | DNK1: Column3079 | DNL1: Column3080 | DNM1: Column3081 | DNN1: Column3082 | DNO1: Column3083 | DNP1: Column3084 | DNQ1: Column3085 | DNR1: Column3086 | DNS1: Column3087 | DNT1: Column3088 | DNU1: Column3089 | DNV1: Column3090 | DNW1: Column3091 | DNX1: Column3092 | DNY1: Column3093 | DNZ1: Column3094 | DOA1: Column3095 | DOB1: Column3096 | DOC1: Column3097 | DOD1: Column3098 | DOE1: Column3099 | DOF1: Column3100 | DOG1: Column3101 | DOH1: Column3102 | DOI1: Column3103 | DOJ1: Column3104 | DOK1: Column3105 | DOL1: Column3106 | DOM1: Column3107 | DON1: Column3108 | DOO1: Column3109 | DOP1: Column3110 | DOQ1: Column3111 | DOR1: Column3112 | DOS1: Column3113 | DOT1: Column3114 | DOU1: Column3115 | DOV1: Column3116 | DOW1: Column3117 | DOX1: Column3118 | DOY1: Column3119 | DOZ1: Column3120 | DPA1: Column3121 | DPB1: Column3122 | DPC1: Column3123 | DPD1: Column3124 | DPE1: Column3125 | DPF1: Column3126 | DPG1: Column3127 | DPH1: Column3128 | DPI1: Column3129 | DPJ1: Column3130 | DPK1: Column3131 | DPL1: Column3132 | DPM1: Column3133 | DPN1: Column3134 | DPO1: Column3135 | DPP1: Column3136 | DPQ1: Column3137 | DPR1: Column3138 | DPS1: Column3139 | DPT1: Column3140 | DPU1: Column3141 | DPV1: Column3142 | DPW1: Column3143 | DPX1: Column3144 | DPY1: Column3145 | DPZ1: Column3146 | DQA1: Column3147 | DQB1: Column3148 | DQC1: Column3149 | DQD1: Column3150 | DQE1: Column3151 | DQF1: Column3152 | DQG1: Column3153 | DQH1: Column3154 | DQI1: Column3155 | DQJ1: Column3156 | DQK1: Column3157 | DQL1: Column3158 | DQM1: Column3159 | DQN1: Column3160 | DQO1: Column3161 | DQP1: Column3162 | DQQ1: Column3163 | DQR1: Column3164 | DQS1: Column3165 | DQT1: Column3166 | DQU1: Column3167 | DQV1: Column3168 | DQW1: Column3169 | DQX1: Column3170 | DQY1: Column3171 | DQZ1: Column3172 | DRA1: Column3173 | DRB1: Column3174 | DRC1: Column3175 | DRD1: Column3176 | DRE1: Column3177 | DRF1: Column3178 | DRG1: Column3179 | DRH1: Column3180 | DRI1: Column3181 | DRJ1: Column3182 | DRK1: Column3183 | DRL1: Column3184 | DRM1: Column3185 | DRN1: Column3186 | DRO1: Column3187 | DRP1: Column3188 | DRQ1: Column3189 | DRR1: Column3190 | DRS1: Column3191 | DRT1: Column3192 | DRU1: Column3193 | DRV1: Column3194 | DRW1: Column3195 | DRX1: Column3196 | DRY1: Column3197 | DRZ1: Column3198 | DSA1: Column3199 | DSB1: Column3200 | DSC1: Column3201 | DSD1: Column3202 | DSE1: Column3203 | DSF1: Column3204 | DSG1: Column3205 | DSH1: Column3206 | DSI1: Column3207 | DSJ1: Column3208 | DSK1: Column3209 | DSL1: Column3210 | DSM1: Column3211 | DSN1: Column3212 | DSO1: Column3213 | DSP1: Column3214 | DSQ1: Column3215 | DSR1: Column3216 | DSS1: Column3217 | DST1: Column3218 | DSU1: Column3219 | DSV1: Column3220 | DSW1: Column3221 | DSX1: Column3222 | DSY1: Column3223 | DSZ1: Column3224 | DTA1: Column3225 | DTB1: Column3226 | DTC1: Column3227 | DTD1: Column3228 | DTE1: Column3229 | DTF1: Column3230 | DTG1: Column3231 | DTH1: Column3232 | DTI1: Column3233 | DTJ1: Column3234 | DTK1: Column3235 | DTL1: Column3236 | DTM1: Column3237 | DTN1: Column3238 | DTO1: Column3239 | DTP1: Column3240 | DTQ1: Column3241 | DTR1: Column3242 | DTS1: Column3243 | DTT1: Column3244 | DTU1: Column3245 | DTV1: Column3246 | DTW1: Column3247 | DTX1: Column3248 | DTY1: Column3249 | DTZ1: Column3250 | DUA1: Column3251 | DUB1: Column3252 | DUC1: Column3253 | DUD1: Column3254 | DUE1: Column3255 | DUF1: Column3256 | DUG1: Column3257 | DUH1: Column3258 | DUI1: Column3259 | DUJ1: Column3260 | DUK1: Column3261 | DUL1: Column3262 | DUM1: Column3263 | DUN1: Column3264 | DUO1: Column3265 | DUP1: Column3266 | DUQ1: Column3267 | DUR1: Column3268 | DUS1: Column3269 | DUT1: Column3270 | DUU1: Column3271 | DUV1: Column3272 | DUW1: Column3273 | DUX1: Column3274 | DUY1: Column3275 | DUZ1: Column3276 | DVA1: Column3277 | DVB1: Column3278 | DVC1: Column3279 | DVD1: Column3280 | DVE1: Column3281 | DVF1: Column3282 | DVG1: Column3283 | DVH1: Column3284 | DVI1: Column3285 | DVJ1: Column3286 | DVK1: Column3287 | DVL1: Column3288 | DVM1: Column3289 | DVN1: Column3290 | DVO1: Column3291 | DVP1: Column3292 | DVQ1: Column3293 | DVR1: Column3294 | DVS1: Column3295 | DVT1: Column3296 | DVU1: Column3297 | DVV1: Column3298 | DVW1: Column3299 | DVX1: Column3300 | DVY1: Column3301 | DVZ1: Column3302 | DWA1: Column3303 | DWB1: Column3304 | DWC1: Column3305 | DWD1: Column3306 | DWE1: Column3307 | DWF1: Column3308 | DWG1: Column3309 | DWH1: Column3310 | DWI1: Column3311 | DWJ1: Column3312 | DWK1: Column3313 | DWL1: Column3314 | DWM1: Column3315 | DWN1: Column3316 | DWO1: Column3317 | DWP1: Column3318 | DWQ1: Column3319 | DWR1: Column3320 | DWS1: Column3321 | DWT1: Column3322 | DWU1: Column3323 | DWV1: Column3324 | DWW1: Column3325 | DWX1: Column3326 | DWY1: Column3327 | DWZ1: Column3328 | DXA1: Column3329 | DXB1: Column3330 | DXC1: Column3331 | DXD1: Column3332 | DXE1: Column3333 | DXF1: Column3334 | DXG1: Column3335 | DXH1: Column3336 | DXI1: Column3337 | DXJ1: Column3338 | DXK1: Column3339 | DXL1: Column3340 | DXM1: Column3341 | DXN1: Column3342 | DXO1: Column3343 | DXP1: Column3344 | DXQ1: Column3345 | DXR1: Column3346 | DXS1: Column3347 | DXT1: Column3348 | DXU1: Column3349 | DXV1: Column3350 | DXW1: Column3351 | DXX1: Column3352 | DXY1: Column3353 | DXZ1: Column3354 | DYA1: Column3355 | DYB1: Column3356 | DYC1: Column3357 | DYD1: Column3358 | DYE1: Column3359 | DYF1: Column3360 | DYG1: Column3361 | DYH1: Column3362 | DYI1: Column3363 | DYJ1: Column3364 | DYK1: Column3365 | DYL1: Column3366 | DYM1: Column3367 | DYN1: Column3368 | DYO1: Column3369 | DYP1: Column3370 | DYQ1: Column3371 | DYR1: Column3372 | DYS1: Column3373 | DYT1: Column3374 | DYU1: Column3375 | DYV1: Column3376 | DYW1: Column3377 | DYX1: Column3378 | DYY1: Column3379 | DYZ1: Column3380 | DZA1: Column3381 | DZB1: Column3382 | DZC1: Column3383 | DZD1: Column3384 | DZE1: Column3385 | DZF1: Column3386 | DZG1: Column3387 | DZH1: Column3388 | DZI1: Column3389 | DZJ1: Column3390 | DZK1: Column3391 | DZL1: Column3392 | DZM1: Column3393 | DZN1: Column3394 | DZO1: Column3395 | DZP1: Column3396 | DZQ1: Column3397 | DZR1: Column3398 | DZS1: Column3399 | DZT1: Column3400 | DZU1: Column3401 | DZV1: Column3402 | DZW1: Column3403 | DZX1: Column3404 | DZY1: Column3405 | DZZ1: Column3406 | EAA1: Column3407 | EAB1: Column3408 | EAC1: Column3409 | EAD1: Column3410 | EAE1: Column3411 | EAF1: Column3412 | EAG1: Column3413 | EAH1: Column3414 | EAI1: Column3415 | EAJ1: Column3416 | EAK1: Column3417 | EAL1: Column3418 | EAM1: Column3419 | EAN1: Column3420 | EAO1: Column3421 | EAP1: Column3422 | EAQ1: Column3423 | EAR1: Column3424 | EAS1: Column3425 | EAT1: Column3426 | EAU1: Column3427 | EAV1: Column3428 | EAW1: Column3429 | EAX1: Column3430 | EAY1: Column3431 | EAZ1: Column3432 | EBA1: Column3433 | EBB1: Column3434 | EBC1: Column3435 | EBD1: Column3436 | EBE1: Column3437 | EBF1: Column3438 | EBG1: Column3439 | EBH1: Column3440 | EBI1: Column3441 | EBJ1: Column3442 | EBK1: Column3443 | EBL1: Column3444 | EBM1: Column3445 | EBN1: Column3446 | EBO1: Column3447 | EBP1: Column3448 | EBQ1: Column3449 | EBR1: Column3450 | EBS1: Column3451 | EBT1: Column3452 | EBU1: Column3453 | EBV1: Column3454 | EBW1: Column3455 | EBX1: Column3456 | EBY1: Column3457 | EBZ1: Column3458 | ECA1: Column3459 | ECB1: Column3460 | ECC1: Column3461 | ECD1: Column3462 | ECE1: Column3463 | ECF1: Column3464 | ECG1: Column3465 | ECH1: Column3466 | ECI1: Column3467 | ECJ1: Column3468 | ECK1: Column3469 | ECL1: Column3470 | ECM1: Column3471 | ECN1: Column3472 | ECO1: Column3473 | ECP1: Column3474 | ECQ1: Column3475 | ECR1: Column3476 | ECS1: Column3477 | ECT1: Column3478 | ECU1: Column3479 | ECV1: Column3480 | ECW1: Column3481 | ECX1: Column3482 | ECY1: Column3483 | ECZ1: Column3484 | EDA1: Column3485 | EDB1: Column3486 | EDC1: Column3487 | EDD1: Column3488 | EDE1: Column3489 | EDF1: Column3490 | EDG1: Column3491 | EDH1: Column3492 | EDI1: Column3493 | EDJ1: Column3494 | EDK1: Column3495 | EDL1: Column3496 | EDM1: Column3497 | EDN1: Column3498 | EDO1: Column3499 | EDP1: Column3500 | EDQ1: Column3501 | EDR1: Column3502 | EDS1: Column3503 | EDT1: Column3504 | EDU1: Column3505 | EDV1: Column3506 | EDW1: Column3507 | EDX1: Column3508 | EDY1: Column3509 | EDZ1: Column3510 | EEA1: Column3511 | EEB1: Column3512 | EEC1: Column3513 | EED1: Column3514 | EEE1: Column3515 | EEF1: Column3516 | EEG1: Column3517 | EEH1: Column3518 | EEI1: Column3519 | EEJ1: Column3520 | EEK1: Column3521 | EEL1: Column3522 | EEM1: Column3523 | EEN1: Column3524 | EEO1: Column3525 | EEP1: Column3526 | EEQ1: Column3527 | EER1: Column3528 | EES1: Column3529 | EET1: Column3530 | EEU1: Column3531 | EEV1: Column3532 | EEW1: Column3533 | EEX1: Column3534 | EEY1: Column3535 | EEZ1: Column3536 | EFA1: Column3537 | EFB1: Column3538 | EFC1: Column3539 | EFD1: Column3540 | EFE1: Column3541 | EFF1: Column3542 | EFG1: Column3543 | EFH1: Column3544 | EFI1: Column3545 | EFJ1: Column3546 | EFK1: Column3547 | EFL1: Column3548 | EFM1: Column3549 | EFN1: Column3550 | EFO1: Column3551 | EFP1: Column3552 | EFQ1: Column3553 | EFR1: Column3554 | EFS1: Column3555 | EFT1: Column3556 | EFU1: Column3557 | EFV1: Column3558 | EFW1: Column3559 | EFX1: Column3560 | EFY1: Column3561 | EFZ1: Column3562 | EGA1: Column3563 | EGB1: Column3564 | EGC1: Column3565 | EGD1: Column3566 | EGE1: Column3567 | EGF1: Column3568 | EGG1: Column3569 | EGH1: Column3570 | EGI1: Column3571 | EGJ1: Column3572 | EGK1: Column3573 | EGL1: Column3574 | EGM1: Column3575 | EGN1: Column3576 | EGO1: Column3577 | EGP1: Column3578 | EGQ1: Column3579 | EGR1: Column3580 | EGS1: Column3581 | EGT1: Column3582 | EGU1: Column3583 | EGV1: Column3584 | EGW1: Column3585 | EGX1: Column3586 | EGY1: Column3587 | EGZ1: Column3588 | EHA1: Column3589 | EHB1: Column3590 | EHC1: Column3591 | EHD1: Column3592 | EHE1: Column3593 | EHF1: Column3594 | EHG1: Column3595 | EHH1: Column3596 | EHI1: Column3597 | EHJ1: Column3598 | EHK1: Column3599 | EHL1: Column3600 | EHM1: Column3601 | EHN1: Column3602 | EHO1: Column3603 | EHP1: Column3604 | EHQ1: Column3605 | EHR1: Column3606 | EHS1: Column3607 | EHT1: Column3608 | EHU1: Column3609 | EHV1: Column3610 | EHW1: Column3611 | EHX1: Column3612 | EHY1: Column3613 | EHZ1: Column3614 | EIA1: Column3615 | EIB1: Column3616 | EIC1: Column3617 | EID1: Column3618 | EIE1: Column3619 | EIF1: Column3620 | EIG1: Column3621 | EIH1: Column3622 | EII1: Column3623 | EIJ1: Column3624 | EIK1: Column3625 | EIL1: Column3626 | EIM1: Column3627 | EIN1: Column3628 | EIO1: Column3629 | EIP1: Column3630 | EIQ1: Column3631 | EIR1: Column3632 | EIS1: Column3633 | EIT1: Column3634 | EIU1: Column3635 | EIV1: Column3636 | EIW1: Column3637 | EIX1: Column3638 | EIY1: Column3639 | EIZ1: Column3640 | EJA1: Column3641 | EJB1: Column3642 | EJC1: Column3643 | EJD1: Column3644 | EJE1: Column3645 | EJF1: Column3646 | EJG1: Column3647 | EJH1: Column3648 | EJI1: Column3649 | EJJ1: Column3650 | EJK1: Column3651 | EJL1: Column3652 | EJM1: Column3653 | EJN1: Column3654 | EJO1: Column3655 | EJP1: Column3656 | EJQ1: Column3657 | EJR1: Column3658 | EJS1: Column3659 | EJT1: Column3660 | EJU1: Column3661 | EJV1: Column3662 | EJW1: Column3663 | EJX1: Column3664 | EJY1: Column3665 | EJZ1: Column3666 | EKA1: Column3667 | EKB1: Column3668 | EKC1: Column3669 | EKD1: Column3670 | EKE1: Column3671 | EKF1: Column3672 | EKG1: Column3673 | EKH1: Column3674 | EKI1: Column3675 | EKJ1: Column3676 | EKK1: Column3677 | EKL1: Column3678 | EKM1: Column3679 | EKN1: Column3680 | EKO1: Column3681 | EKP1: Column3682 | EKQ1: Column3683 | EKR1: Column3684 | EKS1: Column3685 | EKT1: Column3686 | EKU1: Column3687 | EKV1: Column3688 | EKW1: Column3689 | EKX1: Column3690 | EKY1: Column3691 | EKZ1: Column3692 | ELA1: Column3693 | ELB1: Column3694 | ELC1: Column3695 | ELD1: Column3696 | ELE1: Column3697 | ELF1: Column3698 | ELG1: Column3699 | ELH1: Column3700 | ELI1: Column3701 | ELJ1: Column3702 | ELK1: Column3703 | ELL1: Column3704 | ELM1: Column3705 | ELN1: Column3706 | ELO1: Column3707 | ELP1: Column3708 | ELQ1: Column3709 | ELR1: Column3710 | ELS1: Column3711 | ELT1: Column3712 | ELU1: Column3713 | ELV1: Column3714 | ELW1: Column3715 | ELX1: Column3716 | ELY1: Column3717 | ELZ1: Column3718 | EMA1: Column3719 | EMB1: Column3720 | EMC1: Column3721 | EMD1: Column3722 | EME1: Column3723 | EMF1: Column3724 | EMG1: Column3725 | EMH1: Column3726 | EMI1: Column3727 | EMJ1: Column3728 | EMK1: Column3729 | EML1: Column3730 | EMM1: Column3731 | EMN1: Column3732 | EMO1: Column3733 | EMP1: Column3734 | EMQ1: Column3735 | EMR1: Column3736 | EMS1: Column3737 | EMT1: Column3738 | EMU1: Column3739 | EMV1: Column3740 | EMW1: Column3741 | EMX1: Column3742 | EMY1: Column3743 | EMZ1: Column3744 | ENA1: Column3745 | ENB1: Column3746 | ENC1: Column3747 | END1: Column3748 | ENE1: Column3749 | ENF1: Column3750 | ENG1: Column3751 | ENH1: Column3752 | ENI1: Column3753 | ENJ1: Column3754 | ENK1: Column3755 | ENL1: Column3756 | ENM1: Column3757 | ENN1: Column3758 | ENO1: Column3759 | ENP1: Column3760 | ENQ1: Column3761 | ENR1: Column3762 | ENS1: Column3763 | ENT1: Column3764 | ENU1: Column3765 | ENV1: Column3766 | ENW1: Column3767 | ENX1: Column3768 | ENY1: Column3769 | ENZ1: Column3770 | EOA1: Column3771 | EOB1: Column3772 | EOC1: Column3773 | EOD1: Column3774 | EOE1: Column3775 | EOF1: Column3776 | EOG1: Column3777 | EOH1: Column3778 | EOI1: Column3779 | EOJ1: Column3780 | EOK1: Column3781 | EOL1: Column3782 | EOM1: Column3783 | EON1: Column3784 | EOO1: Column3785 | EOP1: Column3786 | EOQ1: Column3787 | EOR1: Column3788 | EOS1: Column3789 | EOT1: Column3790 | EOU1: Column3791 | EOV1: Column3792 | EOW1: Column3793 | EOX1: Column3794 | EOY1: Column3795 | EOZ1: Column3796 | EPA1: Column3797 | EPB1: Column3798 | EPC1: Column3799 | EPD1: Column3800 | EPE1: Column3801 | EPF1: Column3802 | EPG1: Column3803 | EPH1: Column3804 | EPI1: Column3805 | EPJ1: Column3806 | EPK1: Column3807 | EPL1: Column3808 | EPM1: Column3809 | EPN1: Column3810 | EPO1: Column3811 | EPP1: Column3812 | EPQ1: Column3813 | EPR1: Column3814 | EPS1: Column3815 | EPT1: Column3816 | EPU1: Column3817 | EPV1: Column3818 | EPW1: Column3819 | EPX1: Column3820 | EPY1: Column3821 | EPZ1: Column3822 | EQA1: Column3823 | EQB1: Column3824 | EQC1: Column3825 | EQD1: Column3826 | EQE1: Column3827 | EQF1: Column3828 | EQG1: Column3829 | EQH1: Column3830 | EQI1: Column3831 | EQJ1: Column3832 | EQK1: Column3833 | EQL1: Column3834 | EQM1: Column3835 | EQN1: Column3836 | EQO1: Column3837 | EQP1: Column3838 | EQQ1: Column3839 | EQR1: Column3840 | EQS1: Column3841 | EQT1: Column3842 | EQU1: Column3843 | EQV1: Column3844 | EQW1: Column3845 | EQX1: Column3846 | EQY1: Column3847 | EQZ1: Column3848 | ERA1: Column3849 | ERB1: Column3850 | ERC1: Column3851 | ERD1: Column3852 | ERE1: Column3853 | ERF1: Column3854 | ERG1: Column3855 | ERH1: Column3856 | ERI1: Column3857 | ERJ1: Column3858 | ERK1: Column3859 | ERL1: Column3860 | ERM1: Column3861 | ERN1: Column3862 | ERO1: Column3863 | ERP1: Column3864 | ERQ1: Column3865 | ERR1: Column3866 | ERS1: Column3867 | ERT1: Column3868 | ERU1: Column3869 | ERV1: Column3870 | ERW1: Column3871 | ERX1: Column3872 | ERY1: Column3873 | ERZ1: Column3874 | ESA1: Column3875 | ESB1: Column3876 | ESC1: Column3877 | ESD1: Column3878 | ESE1: Column3879 | ESF1: Column3880 | ESG1: Column3881 | ESH1: Column3882 | ESI1: Column3883 | ESJ1: Column3884 | ESK1: Column3885 | ESL1: Column3886 | ESM1: Column3887 | ESN1: Column3888 | ESO1: Column3889 | ESP1: Column3890 | ESQ1: Column3891 | ESR1: Column3892 | ESS1: Column3893 | EST1: Column3894 | ESU1: Column3895 | ESV1: Column3896 | ESW1: Column3897 | ESX1: Column3898 | ESY1: Column3899 | ESZ1: Column3900 | ETA1: Column3901 | ETB1: Column3902 | ETC1: Column3903 | ETD1: Column3904 | ETE1: Column3905 | ETF1: Column3906 | ETG1: Column3907 | ETH1: Column3908 | ETI1: Column3909 | ETJ1: Column3910 | ETK1: Column3911 | ETL1: Column3912 | ETM1: Column3913 | ETN1: Column3914 | ETO1: Column3915 | ETP1: Column3916 | ETQ1: Column3917 | ETR1: Column3918 | ETS1: Column3919 | ETT1: Column3920 | ETU1: Column3921 | ETV1: Column3922 | ETW1: Column3923 | ETX1: Column3924 | ETY1: Column3925 | ETZ1: Column3926 | EUA1: Column3927 | EUB1: Column3928 | EUC1: Column3929 | EUD1: Column3930 | EUE1: Column3931 | EUF1: Column3932 | EUG1: Column3933 | EUH1: Column3934 | EUI1: Column3935 | EUJ1: Column3936 | EUK1: Column3937 | EUL1: Column3938 | EUM1: Column3939 | EUN1: Column3940 | EUO1: Column3941 | EUP1: Column3942 | EUQ1: Column3943 | EUR1: Column3944 | EUS1: Column3945 | EUT1: Column3946 | EUU1: Column3947 | EUV1: Column3948 | EUW1: Column3949 | EUX1: Column3950 | EUY1: Column3951 | EUZ1: Column3952 | EVA1: Column3953 | EVB1: Column3954 | EVC1: Column3955 | EVD1: Column3956 | EVE1: Column3957 | EVF1: Column3958 | EVG1: Column3959 | EVH1: Column3960 | EVI1: Column3961 | EVJ1: Column3962 | EVK1: Column3963 | EVL1: Column3964 | EVM1: Column3965 | EVN1: Column3966 | EVO1: Column3967 | EVP1: Column3968 | EVQ1: Column3969 | EVR1: Column3970 | EVS1: Column3971 | EVT1: Column3972 | EVU1: Column3973 | EVV1: Column3974 | EVW1: Column3975 | EVX1: Column3976 | EVY1: Column3977 | EVZ1: Column3978 | EWA1: Column3979 | EWB1: Column3980 | EWC1: Column3981 | EWD1: Column3982 | EWE1: Column3983 | EWF1: Column3984 | EWG1: Column3985 | EWH1: Column3986 | EWI1: Column3987 | EWJ1: Column3988 | EWK1: Column3989 | EWL1: Column3990 | EWM1: Column3991 | EWN1: Column3992 | EWO1: Column3993 | EWP1: Column3994 | EWQ1: Column3995 | EWR1: Column3996 | EWS1: Column3997 | EWT1: Column3998 | EWU1: Column3999 | EWV1: Column4000 | EWW1: Column4001 | EWX1: Column4002 | EWY1: Column4003 | EWZ1: Column4004 | EXA1: Column4005 | EXB1: Column4006 | EXC1: Column4007 | EXD1: Column4008 | EXE1: Column4009 | EXF1: Column4010 | EXG1: Column4011 | EXH1: Column4012 | EXI1: Column4013 | EXJ1: Column4014 | EXK1: Column4015 | EXL1: Column4016 | EXM1: Column4017 | EXN1: Column4018 | EXO1: Column4019 | EXP1: Column4020 | EXQ1: Column4021 | EXR1: Column4022 | EXS1: Column4023 | EXT1: Column4024 | EXU1: Column4025 | EXV1: Column4026 | EXW1: Column4027 | EXX1: Column4028 | EXY1: Column4029 | EXZ1: Column4030 | EYA1: Column4031 | EYB1: Column4032 | EYC1: Column4033 | EYD1: Column4034 | EYE1: Column4035 | EYF1: Column4036 | EYG1: Column4037 | EYH1: Column4038 | EYI1: Column4039 | EYJ1: Column4040 | EYK1: Column4041 | EYL1: Column4042 | EYM1: Column4043 | EYN1: Column4044 | EYO1: Column4045 | EYP1: Column4046 | EYQ1: Column4047 | EYR1: Column4048 | EYS1: Column4049 | EYT1: Column4050 | EYU1: Column4051 | EYV1: Column4052 | EYW1: Column4053 | EYX1: Column4054 | EYY1: Column4055 | EYZ1: Column4056 | EZA1: Column4057 | EZB1: Column4058 | EZC1: Column4059 | EZD1: Column4060 | EZE1: Column4061 | EZF1: Column4062 | EZG1: Column4063 | EZH1: Column4064 | EZI1: Column4065 | EZJ1: Column4066 | EZK1: Column4067 | EZL1: Column4068 | EZM1: Column4069 | EZN1: Column4070 | EZO1: Column4071 | EZP1: Column4072 | EZQ1: Column4073 | EZR1: Column4074 | EZS1: Column4075 | EZT1: Column4076 | EZU1: Column4077 | EZV1: Column4078 | EZW1: Column4079 | EZX1: Column4080 | EZY1: Column4081 | EZZ1: Column4082 | FAA1: Column4083 | FAB1: Column4084 | FAC1: Column4085 | FAD1: Column4086 | FAE1: Column4087 | FAF1: Column4088 | FAG1: Column4089 | FAH1: Column4090 | FAI1: Column4091 | FAJ1: Column4092 | FAK1: Column4093 | FAL1: Column4094 | FAM1: Column4095 | FAN1: Column4096 | FAO1: Column4097 | FAP1: Column4098 | FAQ1: Column4099 | FAR1: Column4100 | FAS1: Column4101 | FAT1: Column4102 | FAU1: Column4103 | FAV1: Column4104 | FAW1: Column4105 | FAX1: Column4106 | FAY1: Column4107 | FAZ1: Column4108 | FBA1: Column4109 | FBB1: Column4110 | FBC1: Column4111 | FBD1: Column4112 | FBE1: Column4113 | FBF1: Column4114 | FBG1: Column4115 | FBH1: Column4116 | FBI1: Column4117 | FBJ1: Column4118 | FBK1: Column4119 | FBL1: Column4120 | FBM1: Column4121 | FBN1: Column4122 | FBO1: Column4123 | FBP1: Column4124 | FBQ1: Column4125 | FBR1: Column4126 | FBS1: Column4127 | FBT1: Column4128 | FBU1: Column4129 | FBV1: Column4130 | FBW1: Column4131 | FBX1: Column4132 | FBY1: Column4133 | FBZ1: Column4134 | FCA1: Column4135 | FCB1: Column4136 | FCC1: Column4137 | FCD1: Column4138 | FCE1: Column4139 | FCF1: Column4140 | FCG1: Column4141 | FCH1: Column4142 | FCI1: Column4143 | FCJ1: Column4144 | FCK1: Column4145 | FCL1: Column4146 | FCM1: Column4147 | FCN1: Column4148 | FCO1: Column4149 | FCP1: Column4150 | FCQ1: Column4151 | FCR1: Column4152 | FCS1: Column4153 | FCT1: Column4154 | FCU1: Column4155 | FCV1: Column4156 | FCW1: Column4157 | FCX1: Column4158 | FCY1: Column4159 | FCZ1: Column4160 | FDA1: Column4161 | FDB1: Column4162 | FDC1: Column4163 | FDD1: Column4164 | FDE1: Column4165 | FDF1: Column4166 | FDG1: Column4167 | FDH1: Column4168 | FDI1: Column4169 | FDJ1: Column4170 | FDK1: Column4171 | FDL1: Column4172 | FDM1: Column4173 | FDN1: Column4174 | FDO1: Column4175 | FDP1: Column4176 | FDQ1: Column4177 | FDR1: Column4178 | FDS1: Column4179 | FDT1: Column4180 | FDU1: Column4181 | FDV1: Column4182 | FDW1: Column4183 | FDX1: Column4184 | FDY1: Column4185 | FDZ1: Column4186 | FEA1: Column4187 | FEB1: Column4188 | FEC1: Column4189 | FED1: Column4190 | FEE1: Column4191 | FEF1: Column4192 | FEG1: Column4193 | FEH1: Column4194 | FEI1: Column4195 | FEJ1: Column4196 | FEK1: Column4197 | FEL1: Column4198 | FEM1: Column4199 | FEN1: Column4200 | FEO1: Column4201 | FEP1: Column4202 | FEQ1: Column4203 | FER1: Column4204 | FES1: Column4205 | FET1: Column4206 | FEU1: Column4207 | FEV1: Column4208 | FEW1: Column4209 | FEX1: Column4210 | FEY1: Column4211 | FEZ1: Column4212 | FFA1: Column4213 | FFB1: Column4214 | FFC1: Column4215 | FFD1: Column4216 | FFE1: Column4217 | FFF1: Column4218 | FFG1: Column4219 | FFH1: Column4220 | FFI1: Column4221 | FFJ1: Column4222 | FFK1: Column4223 | FFL1: Column4224 | FFM1: Column4225 | FFN1: Column4226 | FFO1: Column4227 | FFP1: Column4228 | FFQ1: Column4229 | FFR1: Column4230 | FFS1: Column4231 | FFT1: Column4232 | FFU1: Column4233 | FFV1: Column4234 | FFW1: Column4235 | FFX1: Column4236 | FFY1: Column4237 | FFZ1: Column4238 | FGA1: Column4239 | FGB1: Column4240 | FGC1: Column4241 | FGD1: Column4242 | FGE1: Column4243 | FGF1: Column4244 | FGG1: Column4245 | FGH1: Column4246 | FGI1: Column4247 | FGJ1: Column4248 | FGK1: Column4249 | FGL1: Column4250 | FGM1: Column4251 | FGN1: Column4252 | FGO1: Column4253 | FGP1: Column4254 | FGQ1: Column4255 | FGR1: Column4256 | FGS1: Column4257 | FGT1: Column4258 | FGU1: Column4259 | FGV1: Column4260 | FGW1: Column4261 | FGX1: Column4262 | FGY1: Column4263 | FGZ1: Column4264 | FHA1: Column4265 | FHB1: Column4266 | FHC1: Column4267 | FHD1: Column4268 | FHE1: Column4269 | FHF1: Column4270 | FHG1: Column4271 | FHH1: Column4272 | FHI1: Column4273 | FHJ1: Column4274 | FHK1: Column4275 | FHL1: Column4276 | FHM1: Column4277 | FHN1: Column4278 | FHO1: Column4279 | FHP1: Column4280 | FHQ1: Column4281 | FHR1: Column4282 | FHS1: Column4283 | FHT1: Column4284 | FHU1: Column4285 | FHV1: Column4286 | FHW1: Column4287 | FHX1: Column4288 | FHY1: Column4289 | FHZ1: Column4290 | FIA1: Column4291 | FIB1: Column4292 | FIC1: Column4293 | FID1: Column4294 | FIE1: Column4295 | FIF1: Column4296 | FIG1: Column4297 | FIH1: Column4298 | FII1: Column4299 | FIJ1: Column4300 | FIK1: Column4301 | FIL1: Column4302 | FIM1: Column4303 | FIN1: Column4304 | FIO1: Column4305 | FIP1: Column4306 | FIQ1: Column4307 | FIR1: Column4308 | FIS1: Column4309 | FIT1: Column4310 | FIU1: Column4311 | FIV1: Column4312 | FIW1: Column4313 | FIX1: Column4314 | FIY1: Column4315 | FIZ1: Column4316 | FJA1: Column4317 | FJB1: Column4318 | FJC1: Column4319 | FJD1: Column4320 | FJE1: Column4321 | FJF1: Column4322 | FJG1: Column4323 | FJH1: Column4324 | FJI1: Column4325 | FJJ1: Column4326 | FJK1: Column4327 | FJL1: Column4328 | FJM1: Column4329 | FJN1: Column4330 | FJO1: Column4331 | FJP1: Column4332 | FJQ1: Column4333 | FJR1: Column4334 | FJS1: Column4335 | FJT1: Column4336 | FJU1: Column4337 | FJV1: Column4338 | FJW1: Column4339 | FJX1: Column4340 | FJY1: Column4341 | FJZ1: Column4342 | FKA1: Column4343 | FKB1: Column4344 | FKC1: Column4345 | FKD1: Column4346 | FKE1: Column4347 | FKF1: Column4348 | FKG1: Column4349 | FKH1: Column4350 | FKI1: Column4351 | FKJ1: Column4352 | FKK1: Column4353 | FKL1: Column4354 | FKM1: Column4355 | FKN1: Column4356 | FKO1: Column4357 | FKP1: Column4358 | FKQ1: Column4359 | FKR1: Column4360 | FKS1: Column4361 | FKT1: Column4362 | FKU1: Column4363 | FKV1: Column4364 | FKW1: Column4365 | FKX1: Column4366 | FKY1: Column4367 | FKZ1: Column4368 | FLA1: Column4369 | FLB1: Column4370 | FLC1: Column4371 | FLD1: Column4372 | FLE1: Column4373 | FLF1: Column4374 | FLG1: Column4375 | FLH1: Column4376 | FLI1: Column4377 | FLJ1: Column4378 | FLK1: Column4379 | FLL1: Column4380 | FLM1: Column4381 | FLN1: Column4382 | FLO1: Column4383 | FLP1: Column4384 | FLQ1: Column4385 | FLR1: Column4386 | FLS1: Column4387 | FLT1: Column4388 | FLU1: Column4389 | FLV1: Column4390 | FLW1: Column4391 | FLX1: Column4392 | FLY1: Column4393 | FLZ1: Column4394 | FMA1: Column4395 | FMB1: Column4396 | FMC1: Column4397 | FMD1: Column4398 | FME1: Column4399 | FMF1: Column4400 | FMG1: Column4401 | FMH1: Column4402 | FMI1: Column4403 | FMJ1: Column4404 | FMK1: Column4405 | FML1: Column4406 | FMM1: Column4407 | FMN1: Column4408 | FMO1: Column4409 | FMP1: Column4410 | FMQ1: Column4411 | FMR1: Column4412 | FMS1: Column4413 | FMT1: Column4414 | FMU1: Column4415 | FMV1: Column4416 | FMW1: Column4417 | FMX1: Column4418 | FMY1: Column4419 | FMZ1: Column4420 | FNA1: Column4421 | FNB1: Column4422 | FNC1: Column4423 | FND1: Column4424 | FNE1: Column4425 | FNF1: Column4426 | FNG1: Column4427 | FNH1: Column4428 | FNI1: Column4429 | FNJ1: Column4430 | FNK1: Column4431 | FNL1: Column4432 | FNM1: Column4433 | FNN1: Column4434 | FNO1: Column4435 | FNP1: Column4436 | FNQ1: Column4437 | FNR1: Column4438 | FNS1: Column4439 | FNT1: Column4440 | FNU1: Column4441 | FNV1: Column4442 | FNW1: Column4443 | FNX1: Column4444 | FNY1: Column4445 | FNZ1: Column4446 | FOA1: Column4447 | FOB1: Column4448 | FOC1: Column4449 | FOD1: Column4450 | FOE1: Column4451 | FOF1: Column4452 | FOG1: Column4453 | FOH1: Column4454 | FOI1: Column4455 | FOJ1: Column4456 | FOK1: Column4457 | FOL1: Column4458 | FOM1: Column4459 | FON1: Column4460 | FOO1: Column4461 | FOP1: Column4462 | FOQ1: Column4463 | FOR1: Column4464 | FOS1: Column4465 | FOT1: Column4466 | FOU1: Column4467 | FOV1: Column4468 | FOW1: Column4469 | FOX1: Column4470 | FOY1: Column4471 | FOZ1: Column4472 | FPA1: Column4473 | FPB1: Column4474 | FPC1: Column4475 | FPD1: Column4476 | FPE1: Column4477 | FPF1: Column4478 | FPG1: Column4479 | FPH1: Column4480 | FPI1: Column4481 | FPJ1: Column4482 | FPK1: Column4483 | FPL1: Column4484 | FPM1: Column4485 | FPN1: Column4486 | FPO1: Column4487 | FPP1: Column4488 | FPQ1: Column4489 | FPR1: Column4490 | FPS1: Column4491 | FPT1: Column4492 | FPU1: Column4493 | FPV1: Column4494 | FPW1: Column4495 | FPX1: Column4496 | FPY1: Column4497 | FPZ1: Column4498 | FQA1: Column4499 | FQB1: Column4500 | FQC1: Column4501 | FQD1: Column4502 | FQE1: Column4503 | FQF1: Column4504 | FQG1: Column4505 | FQH1: Column4506 | FQI1: Column4507 | FQJ1: Column4508 | FQK1: Column4509 | FQL1: Column4510 | FQM1: Column4511 | FQN1: Column4512 | FQO1: Column4513 | FQP1: Column4514 | FQQ1: Column4515 | FQR1: Column4516 | FQS1: Column4517 | FQT1: Column4518 | FQU1: Column4519 | FQV1: Column4520 | FQW1: Column4521 | FQX1: Column4522 | FQY1: Column4523 | FQZ1: Column4524 | FRA1: Column4525 | FRB1: Column4526 | FRC1: Column4527 | FRD1: Column4528 | FRE1: Column4529 | FRF1: Column4530 | FRG1: Column4531 | FRH1: Column4532 | FRI1: Column4533 | FRJ1: Column4534 | FRK1: Column4535 | FRL1: Column4536 | FRM1: Column4537 | FRN1: Column4538 | FRO1: Column4539 | FRP1: Column4540 | FRQ1: Column4541 | FRR1: Column4542 | FRS1: Column4543 | FRT1: Column4544 | FRU1: Column4545 | FRV1: Column4546 | FRW1: Column4547 | FRX1: Column4548 | FRY1: Column4549 | FRZ1: Column4550 | FSA1: Column4551 | FSB1: Column4552 | FSC1: Column4553 | FSD1: Column4554 | FSE1: Column4555 | FSF1: Column4556 | FSG1: Column4557 | FSH1: Column4558 | FSI1: Column4559 | FSJ1: Column4560 | FSK1: Column4561 | FSL1: Column4562 | FSM1: Column4563 | FSN1: Column4564 | FSO1: Column4565 | FSP1: Column4566 | FSQ1: Column4567 | FSR1: Column4568 | FSS1: Column4569 | FST1: Column4570 | FSU1: Column4571 | FSV1: Column4572 | FSW1: Column4573 | FSX1: Column4574 | FSY1: Column4575 | FSZ1: Column4576 | FTA1: Column4577 | FTB1: Column4578 | FTC1: Column4579 | FTD1: Column4580 | FTE1: Column4581 | FTF1: Column4582 | FTG1: Column4583 | FTH1: Column4584 | FTI1: Column4585 | FTJ1: Column4586 | FTK1: Column4587 | FTL1: Column4588 | FTM1: Column4589 | FTN1: Column4590 | FTO1: Column4591 | FTP1: Column4592 | FTQ1: Column4593 | FTR1: Column4594 | FTS1: Column4595 | FTT1: Column4596 | FTU1: Column4597 | FTV1: Column4598 | FTW1: Column4599 | FTX1: Column4600 | FTY1: Column4601 | FTZ1: Column4602 | FUA1: Column4603 | FUB1: Column4604 | FUC1: Column4605 | FUD1: Column4606 | FUE1: Column4607 | FUF1: Column4608 | FUG1: Column4609 | FUH1: Column4610 | FUI1: Column4611 | FUJ1: Column4612 | FUK1: Column4613 | FUL1: Column4614 | FUM1: Column4615 | FUN1: Column4616 | FUO1: Column4617 | FUP1: Column4618 | FUQ1: Column4619 | FUR1: Column4620 | FUS1: Column4621 | FUT1: Column4622 | FUU1: Column4623 | FUV1: Column4624 | FUW1: Column4625 | FUX1: Column4626 | FUY1: Column4627 | FUZ1: Column4628 | FVA1: Column4629 | FVB1: Column4630 | FVC1: Column4631 | FVD1: Column4632 | FVE1: Column4633 | FVF1: Column4634 | FVG1: Column4635 | FVH1: Column4636 | FVI1: Column4637 | FVJ1: Column4638 | FVK1: Column4639 | FVL1: Column4640 | FVM1: Column4641 | FVN1: Column4642 | FVO1: Column4643 | FVP1: Column4644 | FVQ1: Column4645 | FVR1: Column4646 | FVS1: Column4647 | FVT1: Column4648 | FVU1: Column4649 | FVV1: Column4650 | FVW1: Column4651 | FVX1: Column4652 | FVY1: Column4653 | FVZ1: Column4654 | FWA1: Column4655 | FWB1: Column4656 | FWC1: Column4657 | FWD1: Column4658 | FWE1: Column4659 | FWF1: Column4660 | FWG1: Column4661 | FWH1: Column4662 | FWI1: Column4663 | FWJ1: Column4664 | FWK1: Column4665 | FWL1: Column4666 | FWM1: Column4667 | FWN1: Column4668 | FWO1: Column4669 | FWP1: Column4670 | FWQ1: Column4671 | FWR1: Column4672 | FWS1: Column4673 | FWT1: Column4674 | FWU1: Column4675 | FWV1: Column4676 | FWW1: Column4677 | FWX1: Column4678 | FWY1: Column4679 | FWZ1: Column4680 | FXA1: Column4681 | FXB1: Column4682 | FXC1: Column4683 | FXD1: Column4684 | FXE1: Column4685 | FXF1: Column4686 | FXG1: Column4687 | FXH1: Column4688 | FXI1: Column4689 | FXJ1: Column4690 | FXK1: Column4691 | FXL1: Column4692 | FXM1: Column4693 | FXN1: Column4694 | FXO1: Column4695 | FXP1: Column4696 | FXQ1: Column4697 | FXR1: Column4698 | FXS1: Column4699 | FXT1: Column4700 | FXU1: Column4701 | FXV1: Column4702 | FXW1: Column4703 | FXX1: Column4704 | FXY1: Column4705 | FXZ1: Column4706 | FYA1: Column4707 | FYB1: Column4708 | FYC1: Column4709 | FYD1: Column4710 | FYE1: Column4711 | FYF1: Column4712 | FYG1: Column4713 | FYH1: Column4714 | FYI1: Column4715 | FYJ1: Column4716 | FYK1: Column4717 | FYL1: Column4718 | FYM1: Column4719 | FYN1: Column4720 | FYO1: Column4721 | FYP1: Column4722 | FYQ1: Column4723 | FYR1: Column4724 | FYS1: Column4725 | FYT1: Column4726 | FYU1: Column4727 | FYV1: Column4728 | FYW1: Column4729 | FYX1: Column4730 | FYY1: Column4731 | FYZ1: Column4732 | FZA1: Column4733 | FZB1: Column4734 | FZC1: Column4735 | FZD1: Column4736 | FZE1: Column4737 | FZF1: Column4738 | FZG1: Column4739 | FZH1: Column4740 | FZI1: Column4741 | FZJ1: Column4742 | FZK1: Column4743 | FZL1: Column4744 | FZM1: Column4745 | FZN1: Column4746 | FZO1: Column4747 | FZP1: Column4748 | FZQ1: Column4749 | FZR1: Column4750 | FZS1: Column4751 | FZT1: Column4752 | FZU1: Column4753 | FZV1: Column4754 | FZW1: Column4755 | FZX1: Column4756 | FZY1: Column4757 | FZZ1: Column4758 | GAA1: Column4759 | GAB1: Column4760 | GAC1: Column4761 | GAD1: Column4762 | GAE1: Column4763 | GAF1: Column4764 | GAG1: Column4765 | GAH1: Column4766 | GAI1: Column4767 | GAJ1: Column4768 | GAK1: Column4769 | GAL1: Column4770 | GAM1: Column4771 | GAN1: Column4772 | GAO1: Column4773 | GAP1: Column4774 | GAQ1: Column4775 | GAR1: Column4776 | GAS1: Column4777 | GAT1: Column4778 | GAU1: Column4779 | GAV1: Column4780 | GAW1: Column4781 | GAX1: Column4782 | GAY1: Column4783 | GAZ1: Column4784 | GBA1: Column4785 | GBB1: Column4786 | GBC1: Column4787 | GBD1: Column4788 | GBE1: Column4789 | GBF1: Column4790 | GBG1: Column4791 | GBH1: Column4792 | GBI1: Column4793 | GBJ1: Column4794 | GBK1: Column4795 | GBL1: Column4796 | GBM1: Column4797 | GBN1: Column4798 | GBO1: Column4799 | GBP1: Column4800 | GBQ1: Column4801 | GBR1: Column4802 | GBS1: Column4803 | GBT1: Column4804 | GBU1: Column4805 | GBV1: Column4806 | GBW1: Column4807 | GBX1: Column4808 | GBY1: Column4809 | GBZ1: Column4810 | GCA1: Column4811 | GCB1: Column4812 | GCC1: Column4813 | GCD1: Column4814 | GCE1: Column4815 | GCF1: Column4816 | GCG1: Column4817 | GCH1: Column4818 | GCI1: Column4819 | GCJ1: Column4820 | GCK1: Column4821 | GCL1: Column4822 | GCM1: Column4823 | GCN1: Column4824 | GCO1: Column4825 | GCP1: Column4826 | GCQ1: Column4827 | GCR1: Column4828 | GCS1: Column4829 | GCT1: Column4830 | GCU1: Column4831 | GCV1: Column4832 | GCW1: Column4833 | GCX1: Column4834 | GCY1: Column4835 | GCZ1: Column4836 | GDA1: Column4837 | GDB1: Column4838 | GDC1: Column4839 | GDD1: Column4840 | GDE1: Column4841 | GDF1: Column4842 | GDG1: Column4843 | GDH1: Column4844 | GDI1: Column4845 | GDJ1: Column4846 | GDK1: Column4847 | GDL1: Column4848 | GDM1: Column4849 | GDN1: Column4850 | GDO1: Column4851 | GDP1: Column4852 | GDQ1: Column4853 | GDR1: Column4854 | GDS1: Column4855 | GDT1: Column4856 | GDU1: Column4857 | GDV1: Column4858 | GDW1: Column4859 | GDX1: Column4860 | GDY1: Column4861 | GDZ1: Column4862 | GEA1: Column4863 | GEB1: Column4864 | GEC1: Column4865 | GED1: Column4866 | GEE1: Column4867 | GEF1: Column4868 | GEG1: Column4869 | GEH1: Column4870 | GEI1: Column4871 | GEJ1: Column4872 | GEK1: Column4873 | GEL1: Column4874 | GEM1: Column4875 | GEN1: Column4876 | GEO1: Column4877 | GEP1: Column4878 | GEQ1: Column4879 | GER1: Column4880 | GES1: Column4881 | GET1: Column4882 | GEU1: Column4883 | GEV1: Column4884 | GEW1: Column4885 | GEX1: Column4886 | GEY1: Column4887 | GEZ1: Column4888 | GFA1: Column4889 | GFB1: Column4890 | GFC1: Column4891 | GFD1: Column4892 | GFE1: Column4893 | GFF1: Column4894 | GFG1: Column4895 | GFH1: Column4896 | GFI1: Column4897 | GFJ1: Column4898 | GFK1: Column4899 | GFL1: Column4900 | GFM1: Column4901 | GFN1: Column4902 | GFO1: Column4903 | GFP1: Column4904 | GFQ1: Column4905 | GFR1: Column4906 | GFS1: Column4907 | GFT1: Column4908 | GFU1: Column4909 | GFV1: Column4910 | GFW1: Column4911 | GFX1: Column4912 | GFY1: Column4913 | GFZ1: Column4914 | GGA1: Column4915 | GGB1: Column4916 | GGC1: Column4917 | GGD1: Column4918 | GGE1: Column4919 | GGF1: Column4920 | GGG1: Column4921 | GGH1: Column4922 | GGI1: Column4923 | GGJ1: Column4924 | GGK1: Column4925 | GGL1: Column4926 | GGM1: Column4927 | GGN1: Column4928 | GGO1: Column4929 | GGP1: Column4930 | GGQ1: Column4931 | GGR1: Column4932 | GGS1: Column4933 | GGT1: Column4934 | GGU1: Column4935 | GGV1: Column4936 | GGW1: Column4937 | GGX1: Column4938 | GGY1: Column4939 | GGZ1: Column4940 | GHA1: Column4941 | GHB1: Column4942 | GHC1: Column4943 | GHD1: Column4944 | GHE1: Column4945 | GHF1: Column4946 | GHG1: Column4947 | GHH1: Column4948 | GHI1: Column4949 | GHJ1: Column4950 | GHK1: Column4951 | GHL1: Column4952 | GHM1: Column4953 | GHN1: Column4954 | GHO1: Column4955 | GHP1: Column4956 | GHQ1: Column4957 | GHR1: Column4958 | GHS1: Column4959 | GHT1: Column4960 | GHU1: Column4961 | GHV1: Column4962 | GHW1: Column4963 | GHX1: Column4964 | GHY1: Column4965 | GHZ1: Column4966 | GIA1: Column4967 | GIB1: Column4968 | GIC1: Column4969 | GID1: Column4970 | GIE1: Column4971 | GIF1: Column4972 | GIG1: Column4973 | GIH1: Column4974 | GII1: Column4975 | GIJ1: Column4976 | GIK1: Column4977 | GIL1: Column4978 | GIM1: Column4979 | GIN1: Column4980 | GIO1: Column4981 | GIP1: Column4982 | GIQ1: Column4983 | GIR1: Column4984 | GIS1: Column4985 | GIT1: Column4986 | GIU1: Column4987 | GIV1: Column4988 | GIW1: Column4989 | GIX1: Column4990 | GIY1: Column4991 | GIZ1: Column4992 | GJA1: Column4993 | GJB1: Column4994 | GJC1: Column4995 | GJD1: Column4996 | GJE1: Column4997 | GJF1: Column4998 | GJG1: Column4999 | GJH1: Column5000 | GJI1: Column5001 | GJJ1: Column5002 | GJK1: Column5003 | GJL1: Column5004 | GJM1: Column5005 | GJN1: Column5006 | GJO1: Column5007 | GJP1: Column5008 | GJQ1: Column5009 | GJR1: Column5010 | GJS1: Column5011 | GJT1: Column5012 | GJU1: Column5013 | GJV1: Column5014 | GJW1: Column5015 | GJX1: Column5016 | GJY1: Column5017 | GJZ1: Column5018 | GKA1: Column5019 | GKB1: Column5020 | GKC1: Column5021 | GKD1: Column5022 | GKE1: Column5023 | GKF1: Column5024 | GKG1: Column5025 | GKH1: Column5026 | GKI1: Column5027 | GKJ1: Column5028 | GKK1: Column5029 | GKL1: Column5030 | GKM1: Column5031 | GKN1: Column5032 | GKO1: Column5033 | GKP1: Column5034 | GKQ1: Column5035 | GKR1: Column5036 | GKS1: Column5037 | GKT1: Column5038 | GKU1: Column5039 | GKV1: Column5040 | GKW1: Column5041 | GKX1: Column5042 | GKY1: Column5043 | GKZ1: Column5044 | GLA1: Column5045 | GLB1: Column5046 | GLC1: Column5047 | GLD1: Column5048 | GLE1: Column5049 | GLF1: Column5050 | GLG1: Column5051 | GLH1: Column5052 | GLI1: Column5053 | GLJ1: Column5054 | GLK1: Column5055 | GLL1: Column5056 | GLM1: Column5057 | GLN1: Column5058 | GLO1: Column5059 | GLP1: Column5060 | GLQ1: Column5061 | GLR1: Column5062 | GLS1: Column5063 | GLT1: Column5064 | GLU1: Column5065 | GLV1: Column5066 | GLW1: Column5067 | GLX1: Column5068 | GLY1: Column5069 | GLZ1: Column5070 | GMA1: Column5071 | GMB1: Column5072 | GMC1: Column5073 | GMD1: Column5074 | GME1: Column5075 | GMF1: Column5076 | GMG1: Column5077 | GMH1: Column5078 | GMI1: Column5079 | GMJ1: Column5080 | GMK1: Column5081 | GML1: Column5082 | GMM1: Column5083 | GMN1: Column5084 | GMO1: Column5085 | GMP1: Column5086 | GMQ1: Column5087 | GMR1: Column5088 | GMS1: Column5089 | GMT1: Column5090 | GMU1: Column5091 | GMV1: Column5092 | GMW1: Column5093 | GMX1: Column5094 | GMY1: Column5095 | GMZ1: Column5096 | GNA1: Column5097 | GNB1: Column5098 | GNC1: Column5099 | GND1: Column5100 | GNE1: Column5101 | GNF1: Column5102 | GNG1: Column5103 | GNH1: Column5104 | GNI1: Column5105 | GNJ1: Column5106 | GNK1: Column5107 | GNL1: Column5108 | GNM1: Column5109 | GNN1: Column5110 | GNO1: Column5111 | GNP1: Column5112 | GNQ1: Column5113 | GNR1: Column5114 | GNS1: Column5115 | GNT1: Column5116 | GNU1: Column5117 | GNV1: Column5118 | GNW1: Column5119 | GNX1: Column5120 | GNY1: Column5121 | GNZ1: Column5122 | GOA1: Column5123 | GOB1: Column5124 | GOC1: Column5125 | GOD1: Column5126 | GOE1: Column5127 | GOF1: Column5128 | GOG1: Column5129 | GOH1: Column5130 | GOI1: Column5131 | GOJ1: Column5132 | GOK1: Column5133 | GOL1: Column5134 | GOM1: Column5135 | GON1: Column5136 | GOO1: Column5137 | GOP1: Column5138 | GOQ1: Column5139 | GOR1: Column5140 | GOS1: Column5141 | GOT1: Column5142 | GOU1: Column5143 | GOV1: Column5144 | GOW1: Column5145 | GOX1: Column5146 | GOY1: Column5147 | GOZ1: Column5148 | GPA1: Column5149 | GPB1: Column5150 | GPC1: Column5151 | GPD1: Column5152 | GPE1: Column5153 | GPF1: Column5154 | GPG1: Column5155 | GPH1: Column5156 | GPI1: Column5157 | GPJ1: Column5158 | GPK1: Column5159 | GPL1: Column5160 | GPM1: Column5161 | GPN1: Column5162 | GPO1: Column5163 | GPP1: Column5164 | GPQ1: Column5165 | GPR1: Column5166 | GPS1: Column5167 | GPT1: Column5168 | GPU1: Column5169 | GPV1: Column5170 | GPW1: Column5171 | GPX1: Column5172 | GPY1: Column5173 | GPZ1: Column5174 | GQA1: Column5175 | GQB1: Column5176 | GQC1: Column5177 | GQD1: Column5178 | GQE1: Column5179 | GQF1: Column5180 | GQG1: Column5181 | GQH1: Column5182 | GQI1: Column5183 | GQJ1: Column5184 | GQK1: Column5185 | GQL1: Column5186 | GQM1: Column5187 | GQN1: Column5188 | GQO1: Column5189 | GQP1: Column5190 | GQQ1: Column5191 | GQR1: Column5192 | GQS1: Column5193 | GQT1: Column5194 | GQU1: Column5195 | GQV1: Column5196 | GQW1: Column5197 | GQX1: Column5198 | GQY1: Column5199 | GQZ1: Column5200 | GRA1: Column5201 | GRB1: Column5202 | GRC1: Column5203 | GRD1: Column5204 | GRE1: Column5205 | GRF1: Column5206 | GRG1: Column5207 | GRH1: Column5208 | GRI1: Column5209 | GRJ1: Column5210 | GRK1: Column5211 | GRL1: Column5212 | GRM1: Column5213 | GRN1: Column5214 | GRO1: Column5215 | GRP1: Column5216 | GRQ1: Column5217 | GRR1: Column5218 | GRS1: Column5219 | GRT1: Column5220 | GRU1: Column5221 | GRV1: Column5222 | GRW1: Column5223 | GRX1: Column5224 | GRY1: Column5225 | GRZ1: Column5226 | GSA1: Column5227 | GSB1: Column5228 | GSC1: Column5229 | GSD1: Column5230 | GSE1: Column5231 | GSF1: Column5232 | GSG1: Column5233 | GSH1: Column5234 | GSI1: Column5235 | GSJ1: Column5236 | GSK1: Column5237 | GSL1: Column5238 | GSM1: Column5239 | GSN1: Column5240 | GSO1: Column5241 | GSP1: Column5242 | GSQ1: Column5243 | GSR1: Column5244 | GSS1: Column5245 | GST1: Column5246 | GSU1: Column5247 | GSV1: Column5248 | GSW1: Column5249 | GSX1: Column5250 | GSY1: Column5251 | GSZ1: Column5252 | GTA1: Column5253 | GTB1: Column5254 | GTC1: Column5255 | GTD1: Column5256 | GTE1: Column5257 | GTF1: Column5258 | GTG1: Column5259 | GTH1: Column5260 | GTI1: Column5261 | GTJ1: Column5262 | GTK1: Column5263 | GTL1: Column5264 | GTM1: Column5265 | GTN1: Column5266 | GTO1: Column5267 | GTP1: Column5268 | GTQ1: Column5269 | GTR1: Column5270 | GTS1: Column5271 | GTT1: Column5272 | GTU1: Column5273 | GTV1: Column5274 | GTW1: Column5275 | GTX1: Column5276 | GTY1: Column5277 | GTZ1: Column5278 | GUA1: Column5279 | GUB1: Column5280 | GUC1: Column5281 | GUD1: Column5282 | GUE1: Column5283 | GUF1: Column5284 | GUG1: Column5285 | GUH1: Column5286 | GUI1: Column5287 | GUJ1: Column5288 | GUK1: Column5289 | GUL1: Column5290 | GUM1: Column5291 | GUN1: Column5292 | GUO1: Column5293 | GUP1: Column5294 | GUQ1: Column5295 | GUR1: Column5296 | GUS1: Column5297 | GUT1: Column5298 | GUU1: Column5299 | GUV1: Column5300 | GUW1: Column5301 | GUX1: Column5302 | GUY1: Column5303 | GUZ1: Column5304 | GVA1: Column5305 | GVB1: Column5306 | GVC1: Column5307 | GVD1: Column5308 | GVE1: Column5309 | GVF1: Column5310 | GVG1: Column5311 | GVH1: Column5312 | GVI1: Column5313 | GVJ1: Column5314 | GVK1: Column5315 | GVL1: Column5316 | GVM1: Column5317 | GVN1: Column5318 | GVO1: Column5319 | GVP1: Column5320 | GVQ1: Column5321 | GVR1: Column5322 | GVS1: Column5323 | GVT1: Column5324 | GVU1: Column5325 | GVV1: Column5326 | GVW1: Column5327 | GVX1: Column5328 | GVY1: Column5329 | GVZ1: Column5330 | GWA1: Column5331 | GWB1: Column5332 | GWC1: Column5333 | GWD1: Column5334 | GWE1: Column5335 | GWF1: Column5336 | GWG1: Column5337 | GWH1: Column5338 | GWI1: Column5339 | GWJ1: Column5340 | GWK1: Column5341 | GWL1: Column5342 | GWM1: Column5343 | GWN1: Column5344 | GWO1: Column5345 | GWP1: Column5346 | GWQ1: Column5347 | GWR1: Column5348 | GWS1: Column5349 | GWT1: Column5350 | GWU1: Column5351 | GWV1: Column5352 | GWW1: Column5353 | GWX1: Column5354 | GWY1: Column5355 | GWZ1: Column5356 | GXA1: Column5357 | GXB1: Column5358 | GXC1: Column5359 | GXD1: Column5360 | GXE1: Column5361 | GXF1: Column5362 | GXG1: Column5363 | GXH1: Column5364 | GXI1: Column5365 | GXJ1: Column5366 | GXK1: Column5367 | GXL1: Column5368 | GXM1: Column5369 | GXN1: Column5370 | GXO1: Column5371 | GXP1: Column5372 | GXQ1: Column5373 | GXR1: Column5374 | GXS1: Column5375 | GXT1: Column5376 | GXU1: Column5377 | GXV1: Column5378 | GXW1: Column5379 | GXX1: Column5380 | GXY1: Column5381 | GXZ1: Column5382 | GYA1: Column5383 | GYB1: Column5384 | GYC1: Column5385 | GYD1: Column5386 | GYE1: Column5387 | GYF1: Column5388 | GYG1: Column5389 | GYH1: Column5390 | GYI1: Column5391 | GYJ1: Column5392 | GYK1: Column5393 | GYL1: Column5394 | GYM1: Column5395 | GYN1: Column5396 | GYO1: Column5397 | GYP1: Column5398 | GYQ1: Column5399 | GYR1: Column5400 | GYS1: Column5401 | GYT1: Column5402 | GYU1: Column5403 | GYV1: Column5404 | GYW1: Column5405 | GYX1: Column5406 | GYY1: Column5407 | GYZ1: Column5408 | GZA1: Column5409 | GZB1: Column5410 | GZC1: Column5411 | GZD1: Column5412 | GZE1: Column5413 | GZF1: Column5414 | GZG1: Column5415 | GZH1: Column5416 | GZI1: Column5417 | GZJ1: Column5418 | GZK1: Column5419 | GZL1: Column5420 | GZM1: Column5421 | GZN1: Column5422 | GZO1: Column5423 | GZP1: Column5424 | GZQ1: Column5425 | GZR1: Column5426 | GZS1: Column5427 | GZT1: Column5428 | GZU1: Column5429 | GZV1: Column5430 | GZW1: Column5431 | GZX1: Column5432 | GZY1: Column5433 | GZZ1: Column5434 | HAA1: Column5435 | HAB1: Column5436 | HAC1: Column5437 | HAD1: Column5438 | HAE1: Column5439 | HAF1: Column5440 | HAG1: Column5441 | HAH1: Column5442 | HAI1: Column5443 | HAJ1: Column5444 | HAK1: Column5445 | HAL1: Column5446 | HAM1: Column5447 | HAN1: Column5448 | HAO1: Column5449 | HAP1: Column5450 | HAQ1: Column5451 | HAR1: Column5452 | HAS1: Column5453 | HAT1: Column5454 | HAU1: Column5455 | HAV1: Column5456 | HAW1: Column5457 | HAX1: Column5458 | HAY1: Column5459 | HAZ1: Column5460 | HBA1: Column5461 | HBB1: Column5462 | HBC1: Column5463 | HBD1: Column5464 | HBE1: Column5465 | HBF1: Column5466 | HBG1: Column5467 | HBH1: Column5468 | HBI1: Column5469 | HBJ1: Column5470 | HBK1: Column5471 | HBL1: Column5472 | HBM1: Column5473 | HBN1: Column5474 | HBO1: Column5475 | HBP1: Column5476 | HBQ1: Column5477 | HBR1: Column5478 | HBS1: Column5479 | HBT1: Column5480 | HBU1: Column5481 | HBV1: Column5482 | HBW1: Column5483 | HBX1: Column5484 | HBY1: Column5485 | HBZ1: Column5486 | HCA1: Column5487 | HCB1: Column5488 | HCC1: Column5489 | HCD1: Column5490 | HCE1: Column5491 | HCF1: Column5492 | HCG1: Column5493 | HCH1: Column5494 | HCI1: Column5495 | HCJ1: Column5496 | HCK1: Column5497 | HCL1: Column5498 | HCM1: Column5499 | HCN1: Column5500 | HCO1: Column5501 | HCP1: Column5502 | HCQ1: Column5503 | HCR1: Column5504 | HCS1: Column5505 | HCT1: Column5506 | HCU1: Column5507 | HCV1: Column5508 | HCW1: Column5509 | HCX1: Column5510 | HCY1: Column5511 | HCZ1: Column5512 | HDA1: Column5513 | HDB1: Column5514 | HDC1: Column5515 | HDD1: Column5516 | HDE1: Column5517 | HDF1: Column5518 | HDG1: Column5519 | HDH1: Column5520 | HDI1: Column5521 | HDJ1: Column5522 | HDK1: Column5523 | HDL1: Column5524 | HDM1: Column5525 | HDN1: Column5526 | HDO1: Column5527 | HDP1: Column5528 | HDQ1: Column5529 | HDR1: Column5530 | HDS1: Column5531 | HDT1: Column5532 | HDU1: Column5533 | HDV1: Column5534 | HDW1: Column5535 | HDX1: Column5536 | HDY1: Column5537 | HDZ1: Column5538 | HEA1: Column5539 | HEB1: Column5540 | HEC1: Column5541 | HED1: Column5542 | HEE1: Column5543 | HEF1: Column5544 | HEG1: Column5545 | HEH1: Column5546 | HEI1: Column5547 | HEJ1: Column5548 | HEK1: Column5549 | HEL1: Column5550 | HEM1: Column5551 | HEN1: Column5552 | HEO1: Column5553 | HEP1: Column5554 | HEQ1: Column5555 | HER1: Column5556 | HES1: Column5557 | HET1: Column5558 | HEU1: Column5559 | HEV1: Column5560 | HEW1: Column5561 | HEX1: Column5562 | HEY1: Column5563 | HEZ1: Column5564 | HFA1: Column5565 | HFB1: Column5566 | HFC1: Column5567 | HFD1: Column5568 | HFE1: Column5569 | HFF1: Column5570 | HFG1: Column5571 | HFH1: Column5572 | HFI1: Column5573 | HFJ1: Column5574 | HFK1: Column5575 | HFL1: Column5576 | HFM1: Column5577 | HFN1: Column5578 | HFO1: Column5579 | HFP1: Column5580 | HFQ1: Column5581 | HFR1: Column5582 | HFS1: Column5583 | HFT1: Column5584 | HFU1: Column5585 | HFV1: Column5586 | HFW1: Column5587 | HFX1: Column5588 | HFY1: Column5589 | HFZ1: Column5590 | HGA1: Column5591 | HGB1: Column5592 | HGC1: Column5593 | HGD1: Column5594 | HGE1: Column5595 | HGF1: Column5596 | HGG1: Column5597 | HGH1: Column5598 | HGI1: Column5599 | HGJ1: Column5600 | HGK1: Column5601 | HGL1: Column5602 | HGM1: Column5603 | HGN1: Column5604 | HGO1: Column5605 | HGP1: Column5606 | HGQ1: Column5607 | HGR1: Column5608 | HGS1: Column5609 | HGT1: Column5610 | HGU1: Column5611 | HGV1: Column5612 | HGW1: Column5613 | HGX1: Column5614 | HGY1: Column5615 | HGZ1: Column5616 | HHA1: Column5617 | HHB1: Column5618 | HHC1: Column5619 | HHD1: Column5620 | HHE1: Column5621 | HHF1: Column5622 | HHG1: Column5623 | HHH1: Column5624 | HHI1: Column5625 | HHJ1: Column5626 | HHK1: Column5627 | HHL1: Column5628 | HHM1: Column5629 | HHN1: Column5630 | HHO1: Column5631 | HHP1: Column5632 | HHQ1: Column5633 | HHR1: Column5634 | HHS1: Column5635 | HHT1: Column5636 | HHU1: Column5637 | HHV1: Column5638 | HHW1: Column5639 | HHX1: Column5640 | HHY1: Column5641 | HHZ1: Column5642 | HIA1: Column5643 | HIB1: Column5644 | HIC1: Column5645 | HID1: Column5646 | HIE1: Column5647 | HIF1: Column5648 | HIG1: Column5649 | HIH1: Column5650 | HII1: Column5651 | HIJ1: Column5652 | HIK1: Column5653 | HIL1: Column5654 | HIM1: Column5655 | HIN1: Column5656 | HIO1: Column5657 | HIP1: Column5658 | HIQ1: Column5659 | HIR1: Column5660 | HIS1: Column5661 | HIT1: Column5662 | HIU1: Column5663 | HIV1: Column5664 | HIW1: Column5665 | HIX1: Column5666 | HIY1: Column5667 | HIZ1: Column5668 | HJA1: Column5669 | HJB1: Column5670 | HJC1: Column5671 | HJD1: Column5672 | HJE1: Column5673 | HJF1: Column5674 | HJG1: Column5675 | HJH1: Column5676 | HJI1: Column5677 | HJJ1: Column5678 | HJK1: Column5679 | HJL1: Column5680 | HJM1: Column5681 | HJN1: Column5682 | HJO1: Column5683 | HJP1: Column5684 | HJQ1: Column5685 | HJR1: Column5686 | HJS1: Column5687 | HJT1: Column5688 | HJU1: Column5689 | HJV1: Column5690 | HJW1: Column5691 | HJX1: Column5692 | HJY1: Column5693 | HJZ1: Column5694 | HKA1: Column5695 | HKB1: Column5696 | HKC1: Column5697 | HKD1: Column5698 | HKE1: Column5699 | HKF1: Column5700 | HKG1: Column5701 | HKH1: Column5702 | HKI1: Column5703 | HKJ1: Column5704 | HKK1: Column5705 | HKL1: Column5706 | HKM1: Column5707 | HKN1: Column5708 | HKO1: Column5709 | HKP1: Column5710 | HKQ1: Column5711 | HKR1: Column5712 | HKS1: Column5713 | HKT1: Column5714 | HKU1: Column5715 | HKV1: Column5716 | HKW1: Column5717 | HKX1: Column5718 | HKY1: Column5719 | HKZ1: Column5720 | HLA1: Column5721 | HLB1: Column5722 | HLC1: Column5723 | HLD1: Column5724 | HLE1: Column5725 | HLF1: Column5726 | HLG1: Column5727 | HLH1: Column5728 | HLI1: Column5729 | HLJ1: Column5730 | HLK1: Column5731 | HLL1: Column5732 | HLM1: Column5733 | HLN1: Column5734 | HLO1: Column5735 | HLP1: Column5736 | HLQ1: Column5737 | HLR1: Column5738 | HLS1: Column5739 | HLT1: Column5740 | HLU1: Column5741 | HLV1: Column5742 | HLW1: Column5743 | HLX1: Column5744 | HLY1: Column5745 | HLZ1: Column5746 | HMA1: Column5747 | HMB1: Column5748 | HMC1: Column5749 | HMD1: Column5750 | HME1: Column5751 | HMF1: Column5752 | HMG1: Column5753 | HMH1: Column5754 | HMI1: Column5755 | HMJ1: Column5756 | HMK1: Column5757 | HML1: Column5758 | HMM1: Column5759 | HMN1: Column5760 | HMO1: Column5761 | HMP1: Column5762 | HMQ1: Column5763 | HMR1: Column5764 | HMS1: Column5765 | HMT1: Column5766 | HMU1: Column5767 | HMV1: Column5768 | HMW1: Column5769 | HMX1: Column5770 | HMY1: Column5771 | HMZ1: Column5772 | HNA1: Column5773 | HNB1: Column5774 | HNC1: Column5775 | HND1: Column5776 | HNE1: Column5777 | HNF1: Column5778 | HNG1: Column5779 | HNH1: Column5780 | HNI1: Column5781 | HNJ1: Column5782 | HNK1: Column5783 | HNL1: Column5784 | HNM1: Column5785 | HNN1: Column5786 | HNO1: Column5787 | HNP1: Column5788 | HNQ1: Column5789 | HNR1: Column5790 | HNS1: Column5791 | HNT1: Column5792 | HNU1: Column5793 | HNV1: Column5794 | HNW1: Column5795 | HNX1: Column5796 | HNY1: Column5797 | HNZ1: Column5798 | HOA1: Column5799 | HOB1: Column5800 | HOC1: Column5801 | HOD1: Column5802 | HOE1: Column5803 | HOF1: Column5804 | HOG1: Column5805 | HOH1: Column5806 | HOI1: Column5807 | HOJ1: Column5808 | HOK1: Column5809 | HOL1: Column5810 | HOM1: Column5811 | HON1: Column5812 | HOO1: Column5813 | HOP1: Column5814 | HOQ1: Column5815 | HOR1: Column5816 | HOS1: Column5817 | HOT1: Column5818 | HOU1: Column5819 | HOV1: Column5820 | HOW1: Column5821 | HOX1: Column5822 | HOY1: Column5823 | HOZ1: Column5824 | HPA1: Column5825 | HPB1: Column5826 | HPC1: Column5827 | HPD1: Column5828 | HPE1: Column5829 | HPF1: Column5830 | HPG1: Column5831 | HPH1: Column5832 | HPI1: Column5833 | HPJ1: Column5834 | HPK1: Column5835 | HPL1: Column5836 | HPM1: Column5837 | HPN1: Column5838 | HPO1: Column5839 | HPP1: Column5840 | HPQ1: Column5841 | HPR1: Column5842 | HPS1: Column5843 | HPT1: Column5844 | HPU1: Column5845 | HPV1: Column5846 | HPW1: Column5847 | HPX1: Column5848 | HPY1: Column5849 | HPZ1: Column5850 | HQA1: Column5851 | HQB1: Column5852 | HQC1: Column5853 | HQD1: Column5854 | HQE1: Column5855 | HQF1: Column5856 | HQG1: Column5857 | HQH1: Column5858 | HQI1: Column5859 | HQJ1: Column5860 | HQK1: Column5861 | HQL1: Column5862 | HQM1: Column5863 | HQN1: Column5864 | HQO1: Column5865 | HQP1: Column5866 | HQQ1: Column5867 | HQR1: Column5868 | HQS1: Column5869 | HQT1: Column5870 | HQU1: Column5871 | HQV1: Column5872 | HQW1: Column5873 | HQX1: Column5874 | HQY1: Column5875 | HQZ1: Column5876 | HRA1: Column5877 | HRB1: Column5878 | HRC1: Column5879 | HRD1: Column5880 | HRE1: Column5881 | HRF1: Column5882 | HRG1: Column5883 | HRH1: Column5884 | HRI1: Column5885 | HRJ1: Column5886 | HRK1: Column5887 | HRL1: Column5888 | HRM1: Column5889 | HRN1: Column5890 | HRO1: Column5891 | HRP1: Column5892 | HRQ1: Column5893 | HRR1: Column5894 | HRS1: Column5895 | HRT1: Column5896 | HRU1: Column5897 | HRV1: Column5898 | HRW1: Column5899 | HRX1: Column5900 | HRY1: Column5901 | HRZ1: Column5902 | HSA1: Column5903 | HSB1: Column5904 | HSC1: Column5905 | HSD1: Column5906 | HSE1: Column5907 | HSF1: Column5908 | HSG1: Column5909 | HSH1: Column5910 | HSI1: Column5911 | HSJ1: Column5912 | HSK1: Column5913 | HSL1: Column5914 | HSM1: Column5915 | HSN1: Column5916 | HSO1: Column5917 | HSP1: Column5918 | HSQ1: Column5919 | HSR1: Column5920 | HSS1: Column5921 | HST1: Column5922 | HSU1: Column5923 | HSV1: Column5924 | HSW1: Column5925 | HSX1: Column5926 | HSY1: Column5927 | HSZ1: Column5928 | HTA1: Column5929 | HTB1: Column5930 | HTC1: Column5931 | HTD1: Column5932 | HTE1: Column5933 | HTF1: Column5934 | HTG1: Column5935 | HTH1: Column5936 | HTI1: Column5937 | HTJ1: Column5938 | HTK1: Column5939 | HTL1: Column5940 | HTM1: Column5941 | HTN1: Column5942 | HTO1: Column5943 | HTP1: Column5944 | HTQ1: Column5945 | HTR1: Column5946 | HTS1: Column5947 | HTT1: Column5948 | HTU1: Column5949 | HTV1: Column5950 | HTW1: Column5951 | HTX1: Column5952 | HTY1: Column5953 | HTZ1: Column5954 | HUA1: Column5955 | HUB1: Column5956 | HUC1: Column5957 | HUD1: Column5958 | HUE1: Column5959 | HUF1: Column5960 | HUG1: Column5961 | HUH1: Column5962 | HUI1: Column5963 | HUJ1: Column5964 | HUK1: Column5965 | HUL1: Column5966 | HUM1: Column5967 | HUN1: Column5968 | HUO1: Column5969 | HUP1: Column5970 | HUQ1: Column5971 | HUR1: Column5972 | HUS1: Column5973 | HUT1: Column5974 | HUU1: Column5975 | HUV1: Column5976 | HUW1: Column5977 | HUX1: Column5978 | HUY1: Column5979 | HUZ1: Column5980 | HVA1: Column5981 | HVB1: Column5982 | HVC1: Column5983 | HVD1: Column5984 | HVE1: Column5985 | HVF1: Column5986 | HVG1: Column5987 | HVH1: Column5988 | HVI1: Column5989 | HVJ1: Column5990 | HVK1: Column5991 | HVL1: Column5992 | HVM1: Column5993 | HVN1: Column5994 | HVO1: Column5995 | HVP1: Column5996 | HVQ1: Column5997 | HVR1: Column5998 | HVS1: Column5999 | HVT1: Column6000 | HVU1: Column6001 | HVV1: Column6002 | HVW1: Column6003 | HVX1: Column6004 | HVY1: Column6005 | HVZ1: Column6006 | HWA1: Column6007 | HWB1: Column6008 | HWC1: Column6009 | HWD1: Column6010 | HWE1: Column6011 | HWF1: Column6012 | HWG1: Column6013 | HWH1: Column6014 | HWI1: Column6015 | HWJ1: Column6016 | HWK1: Column6017 | HWL1: Column6018 | HWM1: Column6019 | HWN1: Column6020 | HWO1: Column6021 | HWP1: Column6022 | HWQ1: Column6023 | HWR1: Column6024 | HWS1: Column6025 | HWT1: Column6026 | HWU1: Column6027 | HWV1: Column6028 | HWW1: Column6029 | HWX1: Column6030 | HWY1: Column6031 | HWZ1: Column6032 | HXA1: Column6033 | HXB1: Column6034 | HXC1: Column6035 | HXD1: Column6036 | HXE1: Column6037 | HXF1: Column6038 | HXG1: Column6039 | HXH1: Column6040 | HXI1: Column6041 | HXJ1: Column6042 | HXK1: Column6043 | HXL1: Column6044 | HXM1: Column6045 | HXN1: Column6046 | HXO1: Column6047 | HXP1: Column6048 | HXQ1: Column6049 | HXR1: Column6050 | HXS1: Column6051 | HXT1: Column6052 | HXU1: Column6053 | HXV1: Column6054 | HXW1: Column6055 | HXX1: Column6056 | HXY1: Column6057 | HXZ1: Column6058 | HYA1: Column6059 | HYB1: Column6060 | HYC1: Column6061 | HYD1: Column6062 | HYE1: Column6063 | HYF1: Column6064 | HYG1: Column6065 | HYH1: Column6066 | HYI1: Column6067 | HYJ1: Column6068 | HYK1: Column6069 | HYL1: Column6070 | HYM1: Column6071 | HYN1: Column6072 | HYO1: Column6073 | HYP1: Column6074 | HYQ1: Column6075 | HYR1: Column6076 | HYS1: Column6077 | HYT1: Column6078 | HYU1: Column6079 | HYV1: Column6080 | HYW1: Column6081 | HYX1: Column6082 | HYY1: Column6083 | HYZ1: Column6084 | HZA1: Column6085 | HZB1: Column6086 | HZC1: Column6087 | HZD1: Column6088 | HZE1: Column6089 | HZF1: Column6090 | HZG1: Column6091 | HZH1: Column6092 | HZI1: Column6093 | HZJ1: Column6094 | HZK1: Column6095 | HZL1: Column6096 | HZM1: Column6097 | HZN1: Column6098 | HZO1: Column6099 | HZP1: Column6100 | HZQ1: Column6101 | HZR1: Column6102 | HZS1: Column6103 | HZT1: Column6104 | HZU1: Column6105 | HZV1: Column6106 | HZW1: Column6107 | HZX1: Column6108 | HZY1: Column6109 | HZZ1: Column6110 | IAA1: Column6111 | IAB1: Column6112 | IAC1: Column6113 | IAD1: Column6114 | IAE1: Column6115 | IAF1: Column6116 | IAG1: Column6117 | IAH1: Column6118 | IAI1: Column6119 | IAJ1: Column6120 | IAK1: Column6121 | IAL1: Column6122 | IAM1: Column6123 | IAN1: Column6124 | IAO1: Column6125 | IAP1: Column6126 | IAQ1: Column6127 | IAR1: Column6128 | IAS1: Column6129 | IAT1: Column6130 | IAU1: Column6131 | IAV1: Column6132 | IAW1: Column6133 | IAX1: Column6134 | IAY1: Column6135 | IAZ1: Column6136 | IBA1: Column6137 | IBB1: Column6138 | IBC1: Column6139 | IBD1: Column6140 | IBE1: Column6141 | IBF1: Column6142 | IBG1: Column6143 | IBH1: Column6144 | IBI1: Column6145 | IBJ1: Column6146 | IBK1: Column6147 | IBL1: Column6148 | IBM1: Column6149 | IBN1: Column6150 | IBO1: Column6151 | IBP1: Column6152 | IBQ1: Column6153 | IBR1: Column6154 | IBS1: Column6155 | IBT1: Column6156 | IBU1: Column6157 | IBV1: Column6158 | IBW1: Column6159 | IBX1: Column6160 | IBY1: Column6161 | IBZ1: Column6162 | ICA1: Column6163 | ICB1: Column6164 | ICC1: Column6165 | ICD1: Column6166 | ICE1: Column6167 | ICF1: Column6168 | ICG1: Column6169 | ICH1: Column6170 | ICI1: Column6171 | ICJ1: Column6172 | ICK1: Column6173 | ICL1: Column6174 | ICM1: Column6175 | ICN1: Column6176 | ICO1: Column6177 | ICP1: Column6178 | ICQ1: Column6179 | ICR1: Column6180 | ICS1: Column6181 | ICT1: Column6182 | ICU1: Column6183 | ICV1: Column6184 | ICW1: Column6185 | ICX1: Column6186 | ICY1: Column6187 | ICZ1: Column6188 | IDA1: Column6189 | IDB1: Column6190 | IDC1: Column6191 | IDD1: Column6192 | IDE1: Column6193 | IDF1: Column6194 | IDG1: Column6195 | IDH1: Column6196 | IDI1: Column6197 | IDJ1: Column6198 | IDK1: Column6199 | IDL1: Column6200 | IDM1: Column6201 | IDN1: Column6202 | IDO1: Column6203 | IDP1: Column6204 | IDQ1: Column6205 | IDR1: Column6206 | IDS1: Column6207 | IDT1: Column6208 | IDU1: Column6209 | IDV1: Column6210 | IDW1: Column6211 | IDX1: Column6212 | IDY1: Column6213 | IDZ1: Column6214 | IEA1: Column6215 | IEB1: Column6216 | IEC1: Column6217 | IED1: Column6218 | IEE1: Column6219 | IEF1: Column6220 | IEG1: Column6221 | IEH1: Column6222 | IEI1: Column6223 | IEJ1: Column6224 | IEK1: Column6225 | IEL1: Column6226 | IEM1: Column6227 | IEN1: Column6228 | IEO1: Column6229 | IEP1: Column6230 | IEQ1: Column6231 | IER1: Column6232 | IES1: Column6233 | IET1: Column6234 | IEU1: Column6235 | IEV1: Column6236 | IEW1: Column6237 | IEX1: Column6238 | IEY1: Column6239 | IEZ1: Column6240 | IFA1: Column6241 | IFB1: Column6242 | IFC1: Column6243 | IFD1: Column6244 | IFE1: Column6245 | IFF1: Column6246 | IFG1: Column6247 | IFH1: Column6248 | IFI1: Column6249 | IFJ1: Column6250 | IFK1: Column6251 | IFL1: Column6252 | IFM1: Column6253 | IFN1: Column6254 | IFO1: Column6255 | IFP1: Column6256 | IFQ1: Column6257 | IFR1: Column6258 | IFS1: Column6259 | IFT1: Column6260 | IFU1: Column6261 | IFV1: Column6262 | IFW1: Column6263 | IFX1: Column6264 | IFY1: Column6265 | IFZ1: Column6266 | IGA1: Column6267 | IGB1: Column6268 | IGC1: Column6269 | IGD1: Column6270 | IGE1: Column6271 | IGF1: Column6272 | IGG1: Column6273 | IGH1: Column6274 | IGI1: Column6275 | IGJ1: Column6276 | IGK1: Column6277 | IGL1: Column6278 | IGM1: Column6279 | IGN1: Column6280 | IGO1: Column6281 | IGP1: Column6282 | IGQ1: Column6283 | IGR1: Column6284 | IGS1: Column6285 | IGT1: Column6286 | IGU1: Column6287 | IGV1: Column6288 | IGW1: Column6289 | IGX1: Column6290 | IGY1: Column6291 | IGZ1: Column6292 | IHA1: Column6293 | IHB1: Column6294 | IHC1: Column6295 | IHD1: Column6296 | IHE1: Column6297 | IHF1: Column6298 | IHG1: Column6299 | IHH1: Column6300 | IHI1: Column6301 | IHJ1: Column6302 | IHK1: Column6303 | IHL1: Column6304 | IHM1: Column6305 | IHN1: Column6306 | IHO1: Column6307 | IHP1: Column6308 | IHQ1: Column6309 | IHR1: Column6310 | IHS1: Column6311 | IHT1: Column6312 | IHU1: Column6313 | IHV1: Column6314 | IHW1: Column6315 | IHX1: Column6316 | IHY1: Column6317 | IHZ1: Column6318 | IIA1: Column6319 | IIB1: Column6320 | IIC1: Column6321 | IID1: Column6322 | IIE1: Column6323 | IIF1: Column6324 | IIG1: Column6325 | IIH1: Column6326 | III1: Column6327 | IIJ1: Column6328 | IIK1: Column6329 | IIL1: Column6330 | IIM1: Column6331 | IIN1: Column6332 | IIO1: Column6333 | IIP1: Column6334 | IIQ1: Column6335 | IIR1: Column6336 | IIS1: Column6337 | IIT1: Column6338 | IIU1: Column6339 | IIV1: Column6340 | IIW1: Column6341 | IIX1: Column6342 | IIY1: Column6343 | IIZ1: Column6344 | IJA1: Column6345 | IJB1: Column6346 | IJC1: Column6347 | IJD1: Column6348 | IJE1: Column6349 | IJF1: Column6350 | IJG1: Column6351 | IJH1: Column6352 | IJI1: Column6353 | IJJ1: Column6354 | IJK1: Column6355 | IJL1: Column6356 | IJM1: Column6357 | IJN1: Column6358 | IJO1: Column6359 | IJP1: Column6360 | IJQ1: Column6361 | IJR1: Column6362 | IJS1: Column6363 | IJT1: Column6364 | IJU1: Column6365 | IJV1: Column6366 | IJW1: Column6367 | IJX1: Column6368 | IJY1: Column6369 | IJZ1: Column6370 | IKA1: Column6371 | IKB1: Column6372 | IKC1: Column6373 | IKD1: Column6374 | IKE1: Column6375 | IKF1: Column6376 | IKG1: Column6377 | IKH1: Column6378 | IKI1: Column6379 | IKJ1: Column6380 | IKK1: Column6381 | IKL1: Column6382 | IKM1: Column6383 | IKN1: Column6384 | IKO1: Column6385 | IKP1: Column6386 | IKQ1: Column6387 | IKR1: Column6388 | IKS1: Column6389 | IKT1: Column6390 | IKU1: Column6391 | IKV1: Column6392 | IKW1: Column6393 | IKX1: Column6394 | IKY1: Column6395 | IKZ1: Column6396 | ILA1: Column6397 | ILB1: Column6398 | ILC1: Column6399 | ILD1: Column6400 | ILE1: Column6401 | ILF1: Column6402 | ILG1: Column6403 | ILH1: Column6404 | ILI1: Column6405 | ILJ1: Column6406 | ILK1: Column6407 | ILL1: Column6408 | ILM1: Column6409 | ILN1: Column6410 | ILO1: Column6411 | ILP1: Column6412 | ILQ1: Column6413 | ILR1: Column6414 | ILS1: Column6415 | ILT1: Column6416 | ILU1: Column6417 | ILV1: Column6418 | ILW1: Column6419 | ILX1: Column6420 | ILY1: Column6421 | ILZ1: Column6422 | IMA1: Column6423 | IMB1: Column6424 | IMC1: Column6425 | IMD1: Column6426 | IME1: Column6427 | IMF1: Column6428 | IMG1: Column6429 | IMH1: Column6430 | IMI1: Column6431 | IMJ1: Column6432 | IMK1: Column6433 | IML1: Column6434 | IMM1: Column6435 | IMN1: Column6436 | IMO1: Column6437 | IMP1: Column6438 | IMQ1: Column6439 | IMR1: Column6440 | IMS1: Column6441 | IMT1: Column6442 | IMU1: Column6443 | IMV1: Column6444 | IMW1: Column6445 | IMX1: Column6446 | IMY1: Column6447 | IMZ1: Column6448 | INA1: Column6449 | INB1: Column6450 | INC1: Column6451 | IND1: Column6452 | INE1: Column6453 | INF1: Column6454 | ING1: Column6455 | INH1: Column6456 | INI1: Column6457 | INJ1: Column6458 | INK1: Column6459 | INL1: Column6460 | INM1: Column6461 | INN1: Column6462 | INO1: Column6463 | INP1: Column6464 | INQ1: Column6465 | INR1: Column6466 | INS1: Column6467 | INT1: Column6468 | INU1: Column6469 | INV1: Column6470 | INW1: Column6471 | INX1: Column6472 | INY1: Column6473 | INZ1: Column6474 | IOA1: Column6475 | IOB1: Column6476 | IOC1: Column6477 | IOD1: Column6478 | IOE1: Column6479 | IOF1: Column6480 | IOG1: Column6481 | IOH1: Column6482 | IOI1: Column6483 | IOJ1: Column6484 | IOK1: Column6485 | IOL1: Column6486 | IOM1: Column6487 | ION1: Column6488 | IOO1: Column6489 | IOP1: Column6490 | IOQ1: Column6491 | IOR1: Column6492 | IOS1: Column6493 | IOT1: Column6494 | IOU1: Column6495 | IOV1: Column6496 | IOW1: Column6497 | IOX1: Column6498 | IOY1: Column6499 | IOZ1: Column6500 | IPA1: Column6501 | IPB1: Column6502 | IPC1: Column6503 | IPD1: Column6504 | IPE1: Column6505 | IPF1: Column6506 | IPG1: Column6507 | IPH1: Column6508 | IPI1: Column6509 | IPJ1: Column6510 | IPK1: Column6511 | IPL1: Column6512 | IPM1: Column6513 | IPN1: Column6514 | IPO1: Column6515 | IPP1: Column6516 | IPQ1: Column6517 | IPR1: Column6518 | IPS1: Column6519 | IPT1: Column6520 | IPU1: Column6521 | IPV1: Column6522 | IPW1: Column6523 | IPX1: Column6524 | IPY1: Column6525 | IPZ1: Column6526 | IQA1: Column6527 | IQB1: Column6528 | IQC1: Column6529 | IQD1: Column6530 | IQE1: Column6531 | IQF1: Column6532 | IQG1: Column6533 | IQH1: Column6534 | IQI1: Column6535 | IQJ1: Column6536 | IQK1: Column6537 | IQL1: Column6538 | IQM1: Column6539 | IQN1: Column6540 | IQO1: Column6541 | IQP1: Column6542 | IQQ1: Column6543 | IQR1: Column6544 | IQS1: Column6545 | IQT1: Column6546 | IQU1: Column6547 | IQV1: Column6548 | IQW1: Column6549 | IQX1: Column6550 | IQY1: Column6551 | IQZ1: Column6552 | IRA1: Column6553 | IRB1: Column6554 | IRC1: Column6555 | IRD1: Column6556 | IRE1: Column6557 | IRF1: Column6558 | IRG1: Column6559 | IRH1: Column6560 | IRI1: Column6561 | IRJ1: Column6562 | IRK1: Column6563 | IRL1: Column6564 | IRM1: Column6565 | IRN1: Column6566 | IRO1: Column6567 | IRP1: Column6568 | IRQ1: Column6569 | IRR1: Column6570 | IRS1: Column6571 | IRT1: Column6572 | IRU1: Column6573 | IRV1: Column6574 | IRW1: Column6575 | IRX1: Column6576 | IRY1: Column6577 | IRZ1: Column6578 | ISA1: Column6579 | ISB1: Column6580 | ISC1: Column6581 | ISD1: Column6582 | ISE1: Column6583 | ISF1: Column6584 | ISG1: Column6585 | ISH1: Column6586 | ISI1: Column6587 | ISJ1: Column6588 | ISK1: Column6589 | ISL1: Column6590 | ISM1: Column6591 | ISN1: Column6592 | ISO1: Column6593 | ISP1: Column6594 | ISQ1: Column6595 | ISR1: Column6596 | ISS1: Column6597 | IST1: Column6598 | ISU1: Column6599 | ISV1: Column6600 | ISW1: Column6601 | ISX1: Column6602 | ISY1: Column6603 | ISZ1: Column6604 | ITA1: Column6605 | ITB1: Column6606 | ITC1: Column6607 | ITD1: Column6608 | ITE1: Column6609 | ITF1: Column6610 | ITG1: Column6611 | ITH1: Column6612 | ITI1: Column6613 | ITJ1: Column6614 | ITK1: Column6615 | ITL1: Column6616 | ITM1: Column6617 | ITN1: Column6618 | ITO1: Column6619 | ITP1: Column6620 | ITQ1: Column6621 | ITR1: Column6622 | ITS1: Column6623 | ITT1: Column6624 | ITU1: Column6625 | ITV1: Column6626 | ITW1: Column6627 | ITX1: Column6628 | ITY1: Column6629 | ITZ1: Column6630 | IUA1: Column6631 | IUB1: Column6632 | IUC1: Column6633 | IUD1: Column6634 | IUE1: Column6635 | IUF1: Column6636 | IUG1: Column6637 | IUH1: Column6638 | IUI1: Column6639 | IUJ1: Column6640 | IUK1: Column6641 | IUL1: Column6642 | IUM1: Column6643 | IUN1: Column6644 | IUO1: Column6645 | IUP1: Column6646 | IUQ1: Column6647 | IUR1: Column6648 | IUS1: Column6649 | IUT1: Column6650 | IUU1: Column6651 | IUV1: Column6652 | IUW1: Column6653 | IUX1: Column6654 | IUY1: Column6655 | IUZ1: Column6656 | IVA1: Column6657 | IVB1: Column6658 | IVC1: Column6659 | IVD1: Column6660 | IVE1: Column6661 | IVF1: Column6662 | IVG1: Column6663 | IVH1: Column6664 | IVI1: Column6665 | IVJ1: Column6666 | IVK1: Column6667 | IVL1: Column6668 | IVM1: Column6669 | IVN1: Column6670 | IVO1: Column6671 | IVP1: Column6672 | IVQ1: Column6673 | IVR1: Column6674 | IVS1: Column6675 | IVT1: Column6676 | IVU1: Column6677 | IVV1: Column6678 | IVW1: Column6679 | IVX1: Column6680 | IVY1: Column6681 | IVZ1: Column6682 | IWA1: Column6683 | IWB1: Column6684 | IWC1: Column6685 | IWD1: Column6686 | IWE1: Column6687 | IWF1: Column6688 | IWG1: Column6689 | IWH1: Column6690 | IWI1: Column6691 | IWJ1: Column6692 | IWK1: Column6693 | IWL1: Column6694 | IWM1: Column6695 | IWN1: Column6696 | IWO1: Column6697 | IWP1: Column6698 | IWQ1: Column6699 | IWR1: Column6700 | IWS1: Column6701 | IWT1: Column6702 | IWU1: Column6703 | IWV1: Column6704 | IWW1: Column6705 | IWX1: Column6706 | IWY1: Column6707 | IWZ1: Column6708 | IXA1: Column6709 | IXB1: Column6710 | IXC1: Column6711 | IXD1: Column6712 | IXE1: Column6713 | IXF1: Column6714 | IXG1: Column6715 | IXH1: Column6716 | IXI1: Column6717 | IXJ1: Column6718 | IXK1: Column6719 | IXL1: Column6720 | IXM1: Column6721 | IXN1: Column6722 | IXO1: Column6723 | IXP1: Column6724 | IXQ1: Column6725 | IXR1: Column6726 | IXS1: Column6727 | IXT1: Column6728 | IXU1: Column6729 | IXV1: Column6730 | IXW1: Column6731 | IXX1: Column6732 | IXY1: Column6733 | IXZ1: Column6734 | IYA1: Column6735 | IYB1: Column6736 | IYC1: Column6737 | IYD1: Column6738 | IYE1: Column6739 | IYF1: Column6740 | IYG1: Column6741 | IYH1: Column6742 | IYI1: Column6743 | IYJ1: Column6744 | IYK1: Column6745 | IYL1: Column6746 | IYM1: Column6747 | IYN1: Column6748 | IYO1: Column6749 | IYP1: Column6750 | IYQ1: Column6751 | IYR1: Column6752 | IYS1: Column6753 | IYT1: Column6754 | IYU1: Column6755 | IYV1: Column6756 | IYW1: Column6757 | IYX1: Column6758 | IYY1: Column6759 | IYZ1: Column6760 | IZA1: Column6761 | IZB1: Column6762 | IZC1: Column6763 | IZD1: Column6764 | IZE1: Column6765 | IZF1: Column6766 | IZG1: Column6767 | IZH1: Column6768 | IZI1: Column6769 | IZJ1: Column6770 | IZK1: Column6771 | IZL1: Column6772 | IZM1: Column6773 | IZN1: Column6774 | IZO1: Column6775 | IZP1: Column6776 | IZQ1: Column6777 | IZR1: Column6778 | IZS1: Column6779 | IZT1: Column6780 | IZU1: Column6781 | IZV1: Column6782 | IZW1: Column6783 | IZX1: Column6784 | IZY1: Column6785 | IZZ1: Column6786 | JAA1: Column6787 | JAB1: Column6788 | JAC1: Column6789 | JAD1: Column6790 | JAE1: Column6791 | JAF1: Column6792 | JAG1: Column6793 | JAH1: Column6794 | JAI1: Column6795 | JAJ1: Column6796 | JAK1: Column6797 | JAL1: Column6798 | JAM1: Column6799 | JAN1: Column6800 | JAO1: Column6801 | JAP1: Column6802 | JAQ1: Column6803 | JAR1: Column6804 | JAS1: Column6805 | JAT1: Column6806 | JAU1: Column6807 | JAV1: Column6808 | JAW1: Column6809 | JAX1: Column6810 | JAY1: Column6811 | JAZ1: Column6812 | JBA1: Column6813 | JBB1: Column6814 | JBC1: Column6815 | JBD1: Column6816 | JBE1: Column6817 | JBF1: Column6818 | JBG1: Column6819 | JBH1: Column6820 | JBI1: Column6821 | JBJ1: Column6822 | JBK1: Column6823 | JBL1: Column6824 | JBM1: Column6825 | JBN1: Column6826 | JBO1: Column6827 | JBP1: Column6828 | JBQ1: Column6829 | JBR1: Column6830 | JBS1: Column6831 | JBT1: Column6832 | JBU1: Column6833 | JBV1: Column6834 | JBW1: Column6835 | JBX1: Column6836 | JBY1: Column6837 | JBZ1: Column6838 | JCA1: Column6839 | JCB1: Column6840 | JCC1: Column6841 | JCD1: Column6842 | JCE1: Column6843 | JCF1: Column6844 | JCG1: Column6845 | JCH1: Column6846 | JCI1: Column6847 | JCJ1: Column6848 | JCK1: Column6849 | JCL1: Column6850 | JCM1: Column6851 | JCN1: Column6852 | JCO1: Column6853 | JCP1: Column6854 | JCQ1: Column6855 | JCR1: Column6856 | JCS1: Column6857 | JCT1: Column6858 | JCU1: Column6859 | JCV1: Column6860 | JCW1: Column6861 | JCX1: Column6862 | JCY1: Column6863 | JCZ1: Column6864 | JDA1: Column6865 | JDB1: Column6866 | JDC1: Column6867 | JDD1: Column6868 | JDE1: Column6869 | JDF1: Column6870 | JDG1: Column6871 | JDH1: Column6872 | JDI1: Column6873 | JDJ1: Column6874 | JDK1: Column6875 | JDL1: Column6876 | JDM1: Column6877 | JDN1: Column6878 | JDO1: Column6879 | JDP1: Column6880 | JDQ1: Column6881 | JDR1: Column6882 | JDS1: Column6883 | JDT1: Column6884 | JDU1: Column6885 | JDV1: Column6886 | JDW1: Column6887 | JDX1: Column6888 | JDY1: Column6889 | JDZ1: Column6890 | JEA1: Column6891 | JEB1: Column6892 | JEC1: Column6893 | JED1: Column6894 | JEE1: Column6895 | JEF1: Column6896 | JEG1: Column6897 | JEH1: Column6898 | JEI1: Column6899 | JEJ1: Column6900 | JEK1: Column6901 | JEL1: Column6902 | JEM1: Column6903 | JEN1: Column6904 | JEO1: Column6905 | JEP1: Column6906 | JEQ1: Column6907 | JER1: Column6908 | JES1: Column6909 | JET1: Column6910 | JEU1: Column6911 | JEV1: Column6912 | JEW1: Column6913 | JEX1: Column6914 | JEY1: Column6915 | JEZ1: Column6916 | JFA1: Column6917 | JFB1: Column6918 | JFC1: Column6919 | JFD1: Column6920 | JFE1: Column6921 | JFF1: Column6922 | JFG1: Column6923 | JFH1: Column6924 | JFI1: Column6925 | JFJ1: Column6926 | JFK1: Column6927 | JFL1: Column6928 | JFM1: Column6929 | JFN1: Column6930 | JFO1: Column6931 | JFP1: Column6932 | JFQ1: Column6933 | JFR1: Column6934 | JFS1: Column6935 | JFT1: Column6936 | JFU1: Column6937 | JFV1: Column6938 | JFW1: Column6939 | JFX1: Column6940 | JFY1: Column6941 | JFZ1: Column6942 | JGA1: Column6943 | JGB1: Column6944 | JGC1: Column6945 | JGD1: Column6946 | JGE1: Column6947 | JGF1: Column6948 | JGG1: Column6949 | JGH1: Column6950 | JGI1: Column6951 | JGJ1: Column6952 | JGK1: Column6953 | JGL1: Column6954 | JGM1: Column6955 | JGN1: Column6956 | JGO1: Column6957 | JGP1: Column6958 | JGQ1: Column6959 | JGR1: Column6960 | JGS1: Column6961 | JGT1: Column6962 | JGU1: Column6963 | JGV1: Column6964 | JGW1: Column6965 | JGX1: Column6966 | JGY1: Column6967 | JGZ1: Column6968 | JHA1: Column6969 | JHB1: Column6970 | JHC1: Column6971 | JHD1: Column6972 | JHE1: Column6973 | JHF1: Column6974 | JHG1: Column6975 | JHH1: Column6976 | JHI1: Column6977 | JHJ1: Column6978 | JHK1: Column6979 | JHL1: Column6980 | JHM1: Column6981 | JHN1: Column6982 | JHO1: Column6983 | JHP1: Column6984 | JHQ1: Column6985 | JHR1: Column6986 | JHS1: Column6987 | JHT1: Column6988 | JHU1: Column6989 | JHV1: Column6990 | JHW1: Column6991 | JHX1: Column6992 | JHY1: Column6993 | JHZ1: Column6994 | JIA1: Column6995 | JIB1: Column6996 | JIC1: Column6997 | JID1: Column6998 | JIE1: Column6999 | JIF1: Column7000 | JIG1: Column7001 | JIH1: Column7002 | JII1: Column7003 | JIJ1: Column7004 | JIK1: Column7005 | JIL1: Column7006 | JIM1: Column7007 | JIN1: Column7008 | JIO1: Column7009 | JIP1: Column7010 | JIQ1: Column7011 | JIR1: Column7012 | JIS1: Column7013 | JIT1: Column7014 | JIU1: Column7015 | JIV1: Column7016 | JIW1: Column7017 | JIX1: Column7018 | JIY1: Column7019 | JIZ1: Column7020 | JJA1: Column7021 | JJB1: Column7022 | JJC1: Column7023 | JJD1: Column7024 | JJE1: Column7025 | JJF1: Column7026 | JJG1: Column7027 | JJH1: Column7028 | JJI1: Column7029 | JJJ1: Column7030 | JJK1: Column7031 | JJL1: Column7032 | JJM1: Column7033 | JJN1: Column7034 | JJO1: Column7035 | JJP1: Column7036 | JJQ1: Column7037 | JJR1: Column7038 | JJS1: Column7039 | JJT1: Column7040 | JJU1: Column7041 | JJV1: Column7042 | JJW1: Column7043 | JJX1: Column7044 | JJY1: Column7045 | JJZ1: Column7046 | JKA1: Column7047 | JKB1: Column7048 | JKC1: Column7049 | JKD1: Column7050 | JKE1: Column7051 | JKF1: Column7052 | JKG1: Column7053 | JKH1: Column7054 | JKI1: Column7055 | JKJ1: Column7056 | JKK1: Column7057 | JKL1: Column7058 | JKM1: Column7059 | JKN1: Column7060 | JKO1: Column7061 | JKP1: Column7062 | JKQ1: Column7063 | JKR1: Column7064 | JKS1: Column7065 | JKT1: Column7066 | JKU1: Column7067 | JKV1: Column7068 | JKW1: Column7069 | JKX1: Column7070 | JKY1: Column7071 | JKZ1: Column7072 | JLA1: Column7073 | JLB1: Column7074 | JLC1: Column7075 | JLD1: Column7076 | JLE1: Column7077 | JLF1: Column7078 | JLG1: Column7079 | JLH1: Column7080 | JLI1: Column7081 | JLJ1: Column7082 | JLK1: Column7083 | JLL1: Column7084 | JLM1: Column7085 | JLN1: Column7086 | JLO1: Column7087 | JLP1: Column7088 | JLQ1: Column7089 | JLR1: Column7090 | JLS1: Column7091 | JLT1: Column7092 | JLU1: Column7093 | JLV1: Column7094 | JLW1: Column7095 | JLX1: Column7096 | JLY1: Column7097 | JLZ1: Column7098 | JMA1: Column7099 | JMB1: Column7100 | JMC1: Column7101 | JMD1: Column7102 | JME1: Column7103 | JMF1: Column7104 | JMG1: Column7105 | JMH1: Column7106 | JMI1: Column7107 | JMJ1: Column7108 | JMK1: Column7109 | JML1: Column7110 | JMM1: Column7111 | JMN1: Column7112 | JMO1: Column7113 | JMP1: Column7114 | JMQ1: Column7115 | JMR1: Column7116 | JMS1: Column7117 | JMT1: Column7118 | JMU1: Column7119 | JMV1: Column7120 | JMW1: Column7121 | JMX1: Column7122 | JMY1: Column7123 | JMZ1: Column7124 | JNA1: Column7125 | JNB1: Column7126 | JNC1: Column7127 | JND1: Column7128 | JNE1: Column7129 | JNF1: Column7130 | JNG1: Column7131 | JNH1: Column7132 | JNI1: Column7133 | JNJ1: Column7134 | JNK1: Column7135 | JNL1: Column7136 | JNM1: Column7137 | JNN1: Column7138 | JNO1: Column7139 | JNP1: Column7140 | JNQ1: Column7141 | JNR1: Column7142 | JNS1: Column7143 | JNT1: Column7144 | JNU1: Column7145 | JNV1: Column7146
A2: No. of days back | B2: 2000
A3: Dates | B3: 45957 | C3: 45954 | D3: 45953 | E3: 45952 | F3: 45951 | G3: 45950 | H3: 45947 | I3: 45946 | J3: 45945 | K3: 45944 | L3: 45943 | M3: 45940 | N3: 45939 | O3: 45938 | P3: 45937 | Q3: 45936 | R3: 45933 | S3: 45932 | T3: 45931 | U3: 45930 | V3: 45929 | W3: 45926 | X3: 45925 | Y3: 45924 | Z3: 45923 | AA3: 45922 | AB3: 45919 | AC3: 45918 | AD3: 45917 | AE3: 45916 | AF3: 45915 | AG3: 45912 | AH3: 45911 | AI3: 45910 | AJ3: 45909 | AK3: 45908 | AL3: 45905 | AM3: 45904 | AN3: 45903 | AO3: 45902 | AP3: 45901 | AQ3: 45898 | AR3: 45897 | AS3: 45896 | AT3: 45895 | AU3: 45894 | AV3: 45891 | AW3: 45890 | AX3: 45889 | AY3: 45888 | AZ3: 45887 | BA3: 45884 | BB3: 45883 | BC3: 45882 | BD3: 45881 | BE3: 45880 | BF3: 45877 | BG3: 45876 | BH3: 45875 | BI3: 45874 | BJ3: 45873 | BK3: 45870 | BL3: 45869 | BM3: 45868 | BN3: 45867 | BO3: 45866 | BP3: 45863 | BQ3: 45862 | BR3: 45861 | BS3: 45860 | BT3: 45859 | BU3: 45856 | BV3: 45855 | BW3: 45854 | BX3: 45853 | BY3: 45852 | BZ3: 45849 | CA3: 45848 | CB3: 45847 | CC3: 45846 | CD3: 45845 | CE3: 45842 | CF3: 45841 | CG3: 45840 | CH3: 45839 | CI3: 45838 | CJ3: 45835 | CK3: 45834 | CL3: 45833 | CM3: 45832 | CN3: 45831 | CO3: 45828 | CP3: 45827 | CQ3: 45826 | CR3: 45825 | CS3: 45824 | CT3: 45821 | CU3: 45820 | CV3: 45819 | CW3: 45818 | CX3: 45817 | CY3: 45814 | CZ3: 45813 | DA3: 45812 | DB3: 45811 | DC3: 45810 | DD3: 45807 | DE3: 45806 | DF3: 45805 | DG3: 45804 | DH3: 45803 | DI3: 45800 | DJ3: 45799 | DK3: 45798 | DL3: 45797 | DM3: 45796 | DN3: 45793 | DO3: 45792 | DP3: 45791 | DQ3: 45790 | DR3: 45789 | DS3: 45786 | DT3: 45785 | DU3: 45784 | DV3: 45783 | DW3: 45782 | DX3: 45779 | DY3: 45778 | DZ3: 45777 | EA3: 45776 | EB3: 45775 | EC3: 45772 | ED3: 45771 | EE3: 45770 | EF3: 45769 | EG3: 45768 | EH3: 45765 | EI3: 45764 | EJ3: 45763 | EK3: 45762 | EL3: 45761 | EM3: 45758 | EN3: 45757 | EO3: 45756 | EP3: 45755 | EQ3: 45754 | ER3: 45751 | ES3: 45750 | ET3: 45749 | EU3: 45748 | EV3: 45747 | EW3: 45744 | EX3: 45743 | EY3: 45742 | EZ3: 45741 | FA3: 45740 | FB3: 45737 | FC3: 45736 | FD3: 45735 | FE3: 45734 | FF3: 45733 | FG3: 45730 | FH3: 45729 | FI3: 45728 | FJ3: 45727 | FK3: 45726 | FL3: 45723 | FM3: 45722 | FN3: 45721 | FO3: 45720 | FP3: 45719 | FQ3: 45716 | FR3: 45715 | FS3: 45714 | FT3: 45713 | FU3: 45712 | FV3: 45709 | FW3: 45708 | FX3: 45707 | FY3: 45706 | FZ3: 45705 | GA3: 45702 | GB3: 45701 | GC3: 45700 | GD3: 45699 | GE3: 45698 | GF3: 45695 | GG3: 45694 | GH3: 45693 | GI3: 45692 | GJ3: 45691 | GK3: 45688 | GL3: 45687 | GM3: 45686 | GN3: 45685 | GO3: 45684 | GP3: 45681 | GQ3: 45680 | GR3: 45679 | GS3: 45678 | GT3: 45677 | GU3: 45674 | GV3: 45673 | GW3: 45672 | GX3: 45671 | GY3: 45670 | GZ3: 45667 | HA3: 45666 | HB3: 45665 | HC3: 45664 | HD3: 45663 | HE3: 45660 | HF3: 45659 | HG3: 45658 | HH3: 45657 | HI3: 45656 | HJ3: 45653 | HK3: 45652 | HL3: 45651 | HM3: 45650 | HN3: 45649 | HO3: 45646 | HP3: 45645 | HQ3: 45644 | HR3: 45643 | HS3: 45642 | HT3: 45639 | HU3: 45638 | HV3: 45637 | HW3: 45636 | HX3: 45635 | HY3: 45632 | HZ3: 45631 | IA3: 45630 | IB3: 45629 | IC3: 45628 | ID3: 45625 | IE3: 45624 | IF3: 45623 | IG3: 45622 | IH3: 45621 | II3: 45618 | IJ3: 45617 | IK3: 45616 | IL3: 45615 | IM3: 45614 | IN3: 45611 | IO3: 45610 | IP3: 45609 | IQ3: 45608 | IR3: 45607 | IS3: 45604 | IT3: 45603 | IU3: 45602 | IV3: 45601 | IW3: 45600 | IX3: 45597 | IY3: 45596 | IZ3: 45595 | JA3: 45594 | JB3: 45593 | JC3: 45590 | JD3: 45589 | JE3: 45588 | JF3: 45587 | JG3: 45586 | JH3: 45583 | JI3: 45582 | JJ3: 45581 | JK3: 45580 | JL3: 45579 | JM3: 45576 | JN3: 45575 | JO3: 45574 | JP3: 45573 | JQ3: 45572 | JR3: 45569 | JS3: 45568 | JT3: 45567 | JU3: 45566 | JV3: 45565 | JW3: 45562 | JX3: 45561 | JY3: 45560 | JZ3: 45559 | KA3: 45558 | KB3: 45555 | KC3: 45554 | KD3: 45553 | KE3: 45552 | KF3: 45551 | KG3: 45548 | KH3: 45547 | KI3: 45546 | KJ3: 45545 | KK3: 45544 | KL3: 45541 | KM3: 45540 | KN3: 45539 | KO3: 45538 | KP3: 45537 | KQ3: 45534 | KR3: 45533 | KS3: 45532 | KT3: 45531 | KU3: 45530 | KV3: 45527 | KW3: 45526 | KX3: 45525 | KY3: 45524 | KZ3: 45523 | LA3: 45520 | LB3: 45519 | LC3: 45518 | LD3: 45517 | LE3: 45516 | LF3: 45513 | LG3: 45512 | LH3: 45511 | LI3: 45510 | LJ3: 45509 | LK3: 45506 | LL3: 45505 | LM3: 45504 | LN3: 45503 | LO3: 45502 | LP3: 45499 | LQ3: 45498 | LR3: 45497 | LS3: 45496 | LT3: 45495 | LU3: 45492 | LV3: 45491 | LW3: 45490 | LX3: 45489 | LY3: 45488 | LZ3: 45485 | MA3: 45484 | MB3: 45483 | MC3: 45482 | MD3: 45481 | ME3: 45478 | MF3: 45477 | MG3: 45476 | MH3: 45475 | MI3: 45474 | MJ3: 45471 | MK3: 45470 | ML3: 45469 | MM3: 45468 | MN3: 45467 | MO3: 45464 | MP3: 45463 | MQ3: 45462 | MR3: 45461 | MS3: 45460 | MT3: 45457 | MU3: 45456 | MV3: 45455 | MW3: 45454 | MX3: 45453 | MY3: 45450 | MZ3: 45449 | NA3: 45448 | NB3: 45447 | NC3: 45446 | ND3: 45443 | NE3: 45442 | NF3: 45441 | NG3: 45440 | NH3: 45439 | NI3: 45436 | NJ3: 45435 | NK3: 45434 | NL3: 45433 | NM3: 45432 | NN3: 45429 | NO3: 45428 | NP3: 45427 | NQ3: 45426 | NR3: 45425 | NS3: 45422 | NT3: 45421 | NU3: 45420 | NV3: 45419 | NW3: 45418 | NX3: 45415 | NY3: 45414 | NZ3: 45413 | OA3: 45412 | OB3: 45411 | OC3: 45408 | OD3: 45407 | OE3: 45406 | OF3: 45405 | OG3: 45404 | OH3: 45401 | OI3: 45400 | OJ3: 45399 | OK3: 45398 | OL3: 45397 | OM3: 45394 | ON3: 45393 | OO3: 45392 | OP3: 45391 | OQ3: 45390 | OR3: 45387 | OS3: 45386 | OT3: 45385 | OU3: 45384 | OV3: 45383 | OW3: 45380 | OX3: 45379 | OY3: 45378 | OZ3: 45377 | PA3: 45376 | PB3: 45373 | PC3: 45372 | PD3: 45371 | PE3: 45370 | PF3: 45369 | PG3: 45366 | PH3: 45365 | PI3: 45364 | PJ3: 45363 | PK3: 45362 | PL3: 45359 | PM3: 45358 | PN3: 45357 | PO3: 45356 | PP3: 45355 | PQ3: 45352 | PR3: 45351 | PS3: 45350 | PT3: 45349 | PU3: 45348 | PV3: 45345 | PW3: 45344 | PX3: 45343 | PY3: 45342 | PZ3: 45341 | QA3: 45338 | QB3: 45337 | QC3: 45336 | QD3: 45335 | QE3: 45334 | QF3: 45331 | QG3: 45330 | QH3: 45329 | QI3: 45328 | QJ3: 45327 | QK3: 45324 | QL3: 45323 | QM3: 45322 | QN3: 45321 | QO3: 45320 | QP3: 45317 | QQ3: 45316 | QR3: 45315 | QS3: 45314 | QT3: 45313 | QU3: 45310 | QV3: 45309 | QW3: 45308 | QX3: 45307 | QY3: 45306 | QZ3: 45303 | RA3: 45302 | RB3: 45301 | RC3: 45300 | RD3: 45299 | RE3: 45296 | RF3: 45295 | RG3: 45294 | RH3: 45293 | RI3: 45292 | RJ3: 45289 | RK3: 45288 | RL3: 45287 | RM3: 45286 | RN3: 45285 | RO3: 45282 | RP3: 45281 | RQ3: 45280 | RR3: 45279 | RS3: 45278 | RT3: 45275 | RU3: 45274 | RV3: 45273 | RW3: 45272 | RX3: 45271 | RY3: 45268 | RZ3: 45267 | SA3: 45266 | SB3: 45265 | SC3: 45264 | SD3: 45261 | SE3: 45260 | SF3: 45259 | SG3: 45258 | SH3: 45257 | SI3: 45254 | SJ3: 45253 | SK3: 45252 | SL3: 45251 | SM3: 45250 | SN3: 45247 | SO3: 45246 | SP3: 45245 | SQ3: 45244 | SR3: 45243 | SS3: 45240 | ST3: 45239 | SU3: 45238 | SV3: 45237 | SW3: 45236 | SX3: 45233 | SY3: 45232 | SZ3: 45231 | TA3: 45230 | TB3: 45229 | TC3: 45226 | TD3: 45225 | TE3: 45224 | TF3: 45223 | TG3: 45222 | TH3: 45219 | TI3: 45218 | TJ3: 45217 | TK3: 45216 | TL3: 45215 | TM3: 45212 | TN3: 45211 | TO3: 45210 | TP3: 45209 | TQ3: 45208 | TR3: 45205 | TS3: 45204 | TT3: 45203 | TU3: 45202 | TV3: 45201 | TW3: 45198 | TX3: 45197 | TY3: 45196 | TZ3: 45195 | UA3: 45194 | UB3: 45191 | UC3: 45190 | UD3: 45189 | UE3: 45188 | UF3: 45187 | UG3: 45184 | UH3: 45183 | UI3: 45182 | UJ3: 45181 | UK3: 45180 | UL3: 45177 | UM3: 45176 | UN3: 45175 | UO3: 45174 | UP3: 45173 | UQ3: 45170 | UR3: 45169 | US3: 45168 | UT3: 45167 | UU3: 45166 | UV3: 45163 | UW3: 45162 | UX3: 45161 | UY3: 45160 | UZ3: 45159 | VA3: 45156 | VB3: 45155 | VC3: 45154 | VD3: 45153 | VE3: 45152 | VF3: 45149 | VG3: 45148 | VH3: 45147 | VI3: 45146 | VJ3: 45145 | VK3: 45142 | VL3: 45141 | VM3: 45140 | VN3: 45139 | VO3: 45138 | VP3: 45135 | VQ3: 45134 | VR3: 45133 | VS3: 45132 | VT3: 45131 | VU3: 45128 | VV3: 45127 | VW3: 45126 | VX3: 45125 | VY3: 45124 | VZ3: 45121 | WA3: 45120 | WB3: 45119 | WC3: 45118 | WD3: 45117 | WE3: 45114 | WF3: 45113 | WG3: 45112 | WH3: 45111 | WI3: 45110 | WJ3: 45107 | WK3: 45106 | WL3: 45105 | WM3: 45104 | WN3: 45103 | WO3: 45100 | WP3: 45099 | WQ3: 45098 | WR3: 45097 | WS3: 45096 | WT3: 45093 | WU3: 45092 | WV3: 45091 | WW3: 45090 | WX3: 45089 | WY3: 45086 | WZ3: 45085 | XA3: 45084 | XB3: 45083 | XC3: 45082 | XD3: 45079 | XE3: 45078 | XF3: 45077 | XG3: 45076 | XH3: 45075 | XI3: 45072 | XJ3: 45071 | XK3: 45070 | XL3: 45069 | XM3: 45068 | XN3: 45065 | XO3: 45064 | XP3: 45063 | XQ3: 45062 | XR3: 45061 | XS3: 45058 | XT3: 45057 | XU3: 45056 | XV3: 45055 | XW3: 45054 | XX3: 45051 | XY3: 45050 | XZ3: 45049 | YA3: 45048 | YB3: 45047 | YC3: 45044 | YD3: 45043 | YE3: 45042 | YF3: 45041 | YG3: 45040 | YH3: 45037 | YI3: 45036 | YJ3: 45035 | YK3: 45034 | YL3: 45033 | YM3: 45030 | YN3: 45029 | YO3: 45028 | YP3: 45027 | YQ3: 45026 | YR3: 45023 | YS3: 45022 | YT3: 45021 | YU3: 45020 | YV3: 45019 | YW3: 45016 | YX3: 45015 | YY3: 45014 | YZ3: 45013 | ZA3: 45012 | ZB3: 45009 | ZC3: 45008 | ZD3: 45007 | ZE3: 45006 | ZF3: 45005 | ZG3: 45002 | ZH3: 45001 | ZI3: 45000 | ZJ3: 44999 | ZK3: 44998 | ZL3: 44995 | ZM3: 44994 | ZN3: 44993 | ZO3: 44992 | ZP3: 44991 | ZQ3: 44988 | ZR3: 44987 | ZS3: 44986 | ZT3: 44985 | ZU3: 44984 | ZV3: 44981 | ZW3: 44980 | ZX3: 44979 | ZY3: 44978 | ZZ3: 44977 | AAA3: 44974 | AAB3: 44973 | AAC3: 44972 | AAD3: 44971 | AAE3: 44970 | AAF3: 44967 | AAG3: 44966 | AAH3: 44965 | AAI3: 44964 | AAJ3: 44963 | AAK3: 44960 | AAL3: 44959 | AAM3: 44958 | AAN3: 44957 | AAO3: 44956 | AAP3: 44953 | AAQ3: 44952 | AAR3: 44951 | AAS3: 44950 | AAT3: 44949 | AAU3: 44946 | AAV3: 44945 | AAW3: 44944 | AAX3: 44943 | AAY3: 44942 | AAZ3: 44939 | ABA3: 44938 | ABB3: 44937 | ABC3: 44936 | ABD3: 44935 | ABE3: 44932 | ABF3: 44931 | ABG3: 44930 | ABH3: 44929 | ABI3: 44928 | ABJ3: 44925 | ABK3: 44924 | ABL3: 44923 | ABM3: 44922 | ABN3: 44921 | ABO3: 44918 | ABP3: 44917 | ABQ3: 44916 | ABR3: 44915 | ABS3: 44914 | ABT3: 44911 | ABU3: 44910 | ABV3: 44909 | ABW3: 44908 | ABX3: 44907 | ABY3: 44904 | ABZ3: 44903 | ACA3: 44902 | ACB3: 44901 | ACC3: 44900 | ACD3: 44897 | ACE3: 44896 | ACF3: 44895 | ACG3: 44894 | ACH3: 44893 | ACI3: 44890 | ACJ3: 44889 | ACK3: 44888 | ACL3: 44887 | ACM3: 44886 | ACN3: 44883 | ACO3: 44882 | ACP3: 44881 | ACQ3: 44880 | ACR3: 44879 | ACS3: 44876 | ACT3: 44875 | ACU3: 44874 | ACV3: 44873 | ACW3: 44872 | ACX3: 44869 | ACY3: 44868 | ACZ3: 44867 | ADA3: 44866 | ADB3: 44865 | ADC3: 44862 | ADD3: 44861 | ADE3: 44860 | ADF3: 44859 | ADG3: 44858 | ADH3: 44855 | ADI3: 44854 | ADJ3: 44853 | ADK3: 44852 | ADL3: 44851 | ADM3: 44848 | ADN3: 44847 | ADO3: 44846 | ADP3: 44845 | ADQ3: 44844 | ADR3: 44841 | ADS3: 44840 | ADT3: 44839 | ADU3: 44838 | ADV3: 44837 | ADW3: 44834 | ADX3: 44833 | ADY3: 44832 | ADZ3: 44831 | AEA3: 44830 | AEB3: 44827 | AEC3: 44826 | AED3: 44825 | AEE3: 44824 | AEF3: 44823 | AEG3: 44820 | AEH3: 44819 | AEI3: 44818 | AEJ3: 44817 | AEK3: 44816 | AEL3: 44813 | AEM3: 44812 | AEN3: 44811 | AEO3: 44810 | AEP3: 44809 | AEQ3: 44806 | AER3: 44805 | AES3: 44804 | AET3: 44803 | AEU3: 44802 | AEV3: 44799 | AEW3: 44798 | AEX3: 44797 | AEY3: 44796 | AEZ3: 44795 | AFA3: 44792 | AFB3: 44791 | AFC3: 44790 | AFD3: 44789 | AFE3: 44788 | AFF3: 44785 | AFG3: 44784 | AFH3: 44783 | AFI3: 44782 | AFJ3: 44781 | AFK3: 44778 | AFL3: 44777 | AFM3: 44776 | AFN3: 44775 | AFO3: 44774 | AFP3: 44771 | AFQ3: 44770 | AFR3: 44769 | AFS3: 44768 | AFT3: 44767 | AFU3: 44764 | AFV3: 44763 | AFW3: 44762 | AFX3: 44761 | AFY3: 44760 | AFZ3: 44757 | AGA3: 44756 | AGB3: 44755 | AGC3: 44754 | AGD3: 44753 | AGE3: 44750 | AGF3: 44749 | AGG3: 44748 | AGH3: 44747 | AGI3: 44746 | AGJ3: 44743 | AGK3: 44742 | AGL3: 44741 | AGM3: 44740 | AGN3: 44739 | AGO3: 44736 | AGP3: 44735 | AGQ3: 44734 | AGR3: 44733 | AGS3: 44732 | AGT3: 44729 | AGU3: 44728 | AGV3: 44727 | AGW3: 44726 | AGX3: 44725 | AGY3: 44722 | AGZ3: 44721 | AHA3: 44720 | AHB3: 44719 | AHC3: 44718 | AHD3: 44715 | AHE3: 44714 | AHF3: 44713 | AHG3: 44712 | AHH3: 44711 | AHI3: 44708 | AHJ3: 44707 | AHK3: 44706 | AHL3: 44705 | AHM3: 44704 | AHN3: 44701 | AHO3: 44700 | AHP3: 44699 | AHQ3: 44698 | AHR3: 44697 | AHS3: 44694 | AHT3: 44693 | AHU3: 44692 | AHV3: 44691 | AHW3: 44690 | AHX3: 44687 | AHY3: 44686 | AHZ3: 44685 | AIA3: 44684 | AIB3: 44683 | AIC3: 44680 | AID3: 44679 | AIE3: 44678 | AIF3: 44677 | AIG3: 44676 | AIH3: 44673 | AII3: 44672 | AIJ3: 44671 | AIK3: 44670 | AIL3: 44669 | AIM3: 44666 | AIN3: 44665 | AIO3: 44664 | AIP3: 44663 | AIQ3: 44662 | AIR3: 44659 | AIS3: 44658 | AIT3: 44657 | AIU3: 44656 | AIV3: 44655 | AIW3: 44652 | AIX3: 44651 | AIY3: 44650 | AIZ3: 44649 | AJA3: 44648 | AJB3: 44645 | AJC3: 44644 | AJD3: 44643 | AJE3: 44642 | AJF3: 44641 | AJG3: 44638 | AJH3: 44637 | AJI3: 44636 | AJJ3: 44635 | AJK3: 44634 | AJL3: 44631 | AJM3: 44630 | AJN3: 44629 | AJO3: 44628 | AJP3: 44627 | AJQ3: 44624 | AJR3: 44623 | AJS3: 44622 | AJT3: 44621 | AJU3: 44620 | AJV3: 44617 | AJW3: 44616 | AJX3: 44615 | AJY3: 44614 | AJZ3: 44613 | AKA3: 44610 | AKB3: 44609 | AKC3: 44608 | AKD3: 44607 | AKE3: 44606 | AKF3: 44603 | AKG3: 44602 | AKH3: 44601 | AKI3: 44600 | AKJ3: 44599 | AKK3: 44596 | AKL3: 44595 | AKM3: 44594 | AKN3: 44593 | AKO3: 44592 | AKP3: 44589 | AKQ3: 44588 | AKR3: 44587 | AKS3: 44586 | AKT3: 44585 | AKU3: 44582 | AKV3: 44581 | AKW3: 44580 | AKX3: 44579 | AKY3: 44578 | AKZ3: 44575 | ALA3: 44574 | ALB3: 44573 | ALC3: 44572 | ALD3: 44571 | ALE3: 44568 | ALF3: 44567 | ALG3: 44566 | ALH3: 44565 | ALI3: 44564 | ALJ3: 44561 | ALK3: 44560 | ALL3: 44559 | ALM3: 44558 | ALN3: 44557 | ALO3: 44554 | ALP3: 44553 | ALQ3: 44552 | ALR3: 44551 | ALS3: 44550 | ALT3: 44547 | ALU3: 44546 | ALV3: 44545 | ALW3: 44544 | ALX3: 44543 | ALY3: 44540 | ALZ3: 44539 | AMA3: 44538 | AMB3: 44537 | AMC3: 44536 | AMD3: 44533 | AME3: 44532 | AMF3: 44531 | AMG3: 44530 | AMH3: 44529 | AMI3: 44526 | AMJ3: 44525 | AMK3: 44524 | AML3: 44523 | AMM3: 44522 | AMN3: 44519 | AMO3: 44518 | AMP3: 44517 | AMQ3: 44516 | AMR3: 44515 | AMS3: 44512 | AMT3: 44511 | AMU3: 44510 | AMV3: 44509 | AMW3: 44508 | AMX3: 44505 | AMY3: 44504 | AMZ3: 44503 | ANA3: 44502 | ANB3: 44501 | ANC3: 44498 | AND3: 44497 | ANE3: 44496 | ANF3: 44495 | ANG3: 44494 | ANH3: 44491 | ANI3: 44490 | ANJ3: 44489 | ANK3: 44488 | ANL3: 44487 | ANM3: 44484 | ANN3: 44483 | ANO3: 44482 | ANP3: 44481 | ANQ3: 44480 | ANR3: 44477 | ANS3: 44476 | ANT3: 44475 | ANU3: 44474 | ANV3: 44473 | ANW3: 44470 | ANX3: 44469 | ANY3: 44468 | ANZ3: 44467 | AOA3: 44466 | AOB3: 44463 | AOC3: 44462 | AOD3: 44461 | AOE3: 44460 | AOF3: 44459 | AOG3: 44456 | AOH3: 44455 | AOI3: 44454 | AOJ3: 44453 | AOK3: 44452 | AOL3: 44449 | AOM3: 44448 | AON3: 44447 | AOO3: 44446 | AOP3: 44445 | AOQ3: 44442 | AOR3: 44441 | AOS3: 44440 | AOT3: 44439 | AOU3: 44438 | AOV3: 44435 | AOW3: 44434 | AOX3: 44433 | AOY3: 44432 | AOZ3: 44431 | APA3: 44428 | APB3: 44427 | APC3: 44426 | APD3: 44425 | APE3: 44424 | APF3: 44421 | APG3: 44420 | APH3: 44419 | API3: 44418 | APJ3: 44417 | APK3: 44414 | APL3: 44413 | APM3: 44412 | APN3: 44411 | APO3: 44410 | APP3: 44407 | APQ3: 44406 | APR3: 44405 | APS3: 44404 | APT3: 44403 | APU3: 44400 | APV3: 44399 | APW3: 44398 | APX3: 44397 | APY3: 44396 | APZ3: 44393 | AQA3: 44392 | AQB3: 44391 | AQC3: 44390 | AQD3: 44389 | AQE3: 44386 | AQF3: 44385 | AQG3: 44384 | AQH3: 44383 | AQI3: 44382 | AQJ3: 44379 | AQK3: 44378 | AQL3: 44377 | AQM3: 44376 | AQN3: 44375 | AQO3: 44372 | AQP3: 44371 | AQQ3: 44370 | AQR3: 44369 | AQS3: 44368 | AQT3: 44365 | AQU3: 44364 | AQV3: 44363 | AQW3: 44362 | AQX3: 44361 | AQY3: 44358 | AQZ3: 44357 | ARA3: 44356 | ARB3: 44355 | ARC3: 44354 | ARD3: 44351 | ARE3: 44350 | ARF3: 44349 | ARG3: 44348 | ARH3: 44347 | ARI3: 44344 | ARJ3: 44343 | ARK3: 44342 | ARL3: 44341 | ARM3: 44340 | ARN3: 44337 | ARO3: 44336 | ARP3: 44335 | ARQ3: 44334 | ARR3: 44333 | ARS3: 44330 | ART3: 44329 | ARU3: 44328 | ARV3: 44327 | ARW3: 44326 | ARX3: 44323 | ARY3: 44322 | ARZ3: 44321 | ASA3: 44320 | ASB3: 44319 | ASC3: 44316 | ASD3: 44315 | ASE3: 44314 | ASF3: 44313 | ASG3: 44312 | ASH3: 44309 | ASI3: 44308 | ASJ3: 44307 | ASK3: 44306 | ASL3: 44305 | ASM3: 44302 | ASN3: 44301 | ASO3: 44300 | ASP3: 44299 | ASQ3: 44298 | ASR3: 44295 | ASS3: 44294 | AST3: 44293 | ASU3: 44292 | ASV3: 44291 | ASW3: 44288 | ASX3: 44287 | ASY3: 44286 | ASZ3: 44285 | ATA3: 44284 | ATB3: 44281 | ATC3: 44280 | ATD3: 44279 | ATE3: 44278 | ATF3: 44277 | ATG3: 44274 | ATH3: 44273 | ATI3: 44272 | ATJ3: 44271 | ATK3: 44270 | ATL3: 44267 | ATM3: 44266 | ATN3: 44265 | ATO3: 44264 | ATP3: 44263 | ATQ3: 44260 | ATR3: 44259 | ATS3: 44258 | ATT3: 44257 | ATU3: 44256 | ATV3: 44253 | ATW3: 44252 | ATX3: 44251 | ATY3: 44250 | ATZ3: 44249 | AUA3: 44246 | AUB3: 44245 | AUC3: 44244 | AUD3: 44243 | AUE3: 44242 | AUF3: 44239 | AUG3: 44238 | AUH3: 44237 | AUI3: 44236 | AUJ3: 44235 | AUK3: 44232 | AUL3: 44231 | AUM3: 44230 | AUN3: 44229 | AUO3: 44228 | AUP3: 44225 | AUQ3: 44224 | AUR3: 44223 | AUS3: 44222 | AUT3: 44221 | AUU3: 44218 | AUV3: 44217 | AUW3: 44216 | AUX3: 44215 | AUY3: 44214 | AUZ3: 44211 | AVA3: 44210 | AVB3: 44209 | AVC3: 44208 | AVD3: 44207 | AVE3: 44204 | AVF3: 44203 | AVG3: 44202 | AVH3: 44201 | AVI3: 44200 | AVJ3: 44197 | AVK3: 44196 | AVL3: 44195 | AVM3: 44194 | AVN3: 44193 | AVO3: 44190 | AVP3: 44189 | AVQ3: 44188 | AVR3: 44187 | AVS3: 44186 | AVT3: 44183 | AVU3: 44182 | AVV3: 44181 | AVW3: 44180 | AVX3: 44179 | AVY3: 44176 | AVZ3: 44175 | AWA3: 44174 | AWB3: 44173 | AWC3: 44172 | AWD3: 44169 | AWE3: 44168 | AWF3: 44167 | AWG3: 44166 | AWH3: 44165 | AWI3: 44162 | AWJ3: 44161 | AWK3: 44160 | AWL3: 44159 | AWM3: 44158 | AWN3: 44155 | AWO3: 44154 | AWP3: 44153 | AWQ3: 44152 | AWR3: 44151 | AWS3: 44148 | AWT3: 44147 | AWU3: 44146 | AWV3: 44145 | AWW3: 44144 | AWX3: 44141 | AWY3: 44140 | AWZ3: 44139 | AXA3: 44138 | AXB3: 44137 | AXC3: 44134 | AXD3: 44133 | AXE3: 44132 | AXF3: 44131 | AXG3: 44130 | AXH3: 44127 | AXI3: 44126 | AXJ3: 44125 | AXK3: 44124 | AXL3: 44123 | AXM3: 44120 | AXN3: 44119 | AXO3: 44118 | AXP3: 44117 | AXQ3: 44116 | AXR3: 44113 | AXS3: 44112 | AXT3: 44111 | AXU3: 44110 | AXV3: 44109 | AXW3: 44106 | AXX3: 44105 | AXY3: 44104 | AXZ3: 44103 | AYA3: 44102 | AYB3: 44099 | AYC3: 44098 | AYD3: 44097 | AYE3: 44096 | AYF3: 44095 | AYG3: 44092 | AYH3: 44091 | AYI3: 44090 | AYJ3: 44089 | AYK3: 44088 | AYL3: 44085 | AYM3: 44084 | AYN3: 44083 | AYO3: 44082 | AYP3: 44081 | AYQ3: 44078 | AYR3: 44077 | AYS3: 44076 | AYT3: 44075 | AYU3: 44074 | AYV3: 44071 | AYW3: 44070 | AYX3: 44069 | AYY3: 44068 | AYZ3: 44067 | AZA3: 44064 | AZB3: 44063 | AZC3: 44062 | AZD3: 44061 | AZE3: 44060 | AZF3: 44057 | AZG3: 44056 | AZH3: 44055 | AZI3: 44054 | AZJ3: 44053 | AZK3: 44050 | AZL3: 44049 | AZM3: 44048 | AZN3: 44047 | AZO3: 44046 | AZP3: 44043 | AZQ3: 44042 | AZR3: 44041 | AZS3: 44040 | AZT3: 44039 | AZU3: 44036 | AZV3: 44035 | AZW3: 44034 | AZX3: 44033 | AZY3: 44032 | AZZ3: 44029 | BAA3: 44028 | BAB3: 44027 | BAC3: 44026 | BAD3: 44025 | BAE3: 44022 | BAF3: 44021 | BAG3: 44020 | BAH3: 44019 | BAI3: 44018 | BAJ3: 44015 | BAK3: 44014 | BAL3: 44013 | BAM3: 44012 | BAN3: 44011 | BAO3: 44008 | BAP3: 44007 | BAQ3: 44006 | BAR3: 44005 | BAS3: 44004 | BAT3: 44001 | BAU3: 44000 | BAV3: 43999 | BAW3: 43998 | BAX3: 43997 | BAY3: 43994 | BAZ3: 43993 | BBA3: 43992 | BBB3: 43991 | BBC3: 43990 | BBD3: 43987 | BBE3: 43986 | BBF3: 43985 | BBG3: 43984 | BBH3: 43983 | BBI3: 43980 | BBJ3: 43979 | BBK3: 43978 | BBL3: 43977 | BBM3: 43976 | BBN3: 43973 | BBO3: 43972 | BBP3: 43971 | BBQ3: 43970 | BBR3: 43969 | BBS3: 43966 | BBT3: 43965 | BBU3: 43964 | BBV3: 43963 | BBW3: 43962 | BBX3: 43959 | BBY3: 43958 | BBZ3: 43957
A4: UX1 INDEX | B4: 18.6373 | C4: 18.6373 | D4: 18.9203 | E4: 18.7 | F4: 18.018 | G4: 18.4487 | H4: 20.9137 | I4: 24.0259 | J4: 20.7228 | K4: 20.2857 | L4: 19.0245 | M4: 21.0095 | N4: 17.7004 | O4: 17.6497 | P4: 18.1013 | Q4: 17.602 | R4: 17.7273 | S4: 17.842 | T4: 17.5014 | U4: 17.588 | V4: 17.7466 | W4: 17.4931 | X4: 18.3333 | Y4: 18.0413 | Z4: 18.34 | AA4: 18.0476 | AB4: 17.7179 | AC4: 17.677 | AD4: 15.86 | AE4: 16.1034 | AF4: 15.7566 | AG4: 15.5928 | AH4: 15.6473 | AI4: 16.1314 | AJ4: 16.2916 | AK4: 16.3618 | AL4: 16.7106 | AM4: 16.5962 | AN4: 17.1889 | AO4: 17.7246 | AP4: 17.149 | AQ4: 17.149 | AR4: 16.6525 | AS4: 16.9045 | AT4: 16.8867 | AU4: 17.0172 | AV4: 16.9975 | AW4: 18.6088 | AX4: 15.41 | AY4: 15.5738 | AZ4: 15.3206 | BA4: 15.7742 | BB4: 15.7256 | BC4: 15.6455 | BD4: 15.8937 | BE4: 16.9014 | BF4: 16.868 | BG4: 17.7978 | BH4: 17.6048 | BI4: 18.3111 | BJ4: 18.1045 | BK4: 19.8518 | BL4: 17.9566 | BM4: 17.9038 | BN4: 17.8434 | BO4: 17.3948 | BP4: 17.8844 | BQ4: 18.0782 | BR4: 18.0956 | BS4: 18.8975 | BT4: 19.0016 | BU4: 19.141 | BV4: 19.4451 | BW4: 16.74 | BX4: 16.9855 | BY4: 17.3381 | BZ4: 17.1231 | CA4: 16.8712 | CB4: 17.0818 | CC4: 18.0173 | CD4: 18.729 | CE4: 18.3205 | CF4: 18.3205 | CG4: 18.5591 | CH4: 18.6524 | CI4: 18.7125 | CJ4: 18.8523 | CK4: 18.9112 | CL4: 19.0176 | CM4: 19.2484 | CN4: 20.7581 | CO4: 21.1254 | CP4: 20.68 | CQ4: 20.68 | CR4: 20.9935 | CS4: 19.1942 | CT4: 21.2716 | CU4: 18.7455 | CV4: 18.3462 | CW4: 18.1408 | CX4: 18.3048 | CY4: 18.5314 | CZ4: 19.5782 | DA4: 19.1474 | DB4: 19.204 | DC4: 19.7059 | DD4: 20.0219 | DE4: 19.9594 | DF4: 19.92 | DG4: 19.7008 | DH4: 22.0425 | DI4: 22.0425 | DJ4: 20.6395 | DK4: 19.12 | DL4: 18.0043 | DM4: 18.2044 | DN4: 17.9271 | DO4: 18.2334 | DP4: 18.7805 | DQ4: 18.4379 | DR4: 18.571 | DS4: 22.0058 | DT4: 22.2923 | DU4: 23.3234 | DV4: 24.1076 | DW4: 23.1838 | DX4: 22.4818 | DY4: 23.5699 | DZ4: 24.0109 | EA4: 23.3847 | EB4: 23.682 | EC4: 23.4981 | ED4: 24.5677 | EE4: 25.4379 | EF4: 26.5397 | EG4: 28.4469 | EH4: 26.7284 | EI4: 26.7284 | EJ4: 31.91 | EK4: 29.9025 | EL4: 29.8594 | EM4: 34.6376 | EN4: 35.8622 | EO4: 28.6489 | EP4: 39.1728 | EQ4: 33.1708 | ER4: 32.4976 | ES4: 26.3753 | ET4: 20.1562 | EU4: 20.8794 | EV4: 20.8435 | EW4: 20.9817 | EX4: 18.9763 | EY4: 18.8445 | EZ4: 18.2072 | FA4: 18.0635 | FB4: 19.4179 | FC4: 19.4005 | FD4: 19.7513 | FE4: 21.63 | FF4: 20.8352 | FG4: 21.5211 | FH4: 24.4101 | FI4: 23.0749 | FJ4: 24.6115 | FK4: 24.9344 | FL4: 21.6254 | FM4: 22.8281 | FN4: 20.1269 | FO4: 21.2409 | FP4: 20.6577 | FQ4: 18.8291 | FR4: 19.3063 | FS4: 18.1337 | FT4: 18.4836 | FU4: 18.4302 | FV4: 18.3007 | FW4: 17.0326 | FX4: 15.94 | FY4: 15.6602 | FZ4: 16.0117 | GA4: 16.0117 | GB4: 16.1349 | GC4: 16.8012 | GD4: 16.7694 | GE4: 16.7021 | GF4: 17.3458 | GG4: 16.5795 | GH4: 16.7703 | GI4: 17.2011 | GJ4: 17.9108 | GK4: 17.3586 | GL4: 16.7092 | GM4: 16.8431 | GN4: 16.939 | GO4: 17.6133 | GP4: 16.382 | GQ4: 16.4733 | GR4: 15.53 | GS4: 15.2423 | GT4: 16.1792 | GU4: 16.1792 | GV4: 16.189 | GW4: 16.101 | GX4: 18.2081 | GY4: 18.5959 | GZ4: 19.0119 | HA4: 17.9667 | HB4: 17.7197 | HC4: 17.8805 | HD4: 16.5686 | HE4: 16.6858 | HF4: 17.9098 | HG4: 17.5177 | HH4: 17.5177 | HI4: 17.3868 | HJ4: 16.9415 | HK4: 16.0329 | HL4: 15.9878 | HM4: 15.9878 | HN4: 17.0257 | HO4: 18.2606 | HP4: 21.7113 | HQ4: 15.66 | HR4: 15.7483 | HS4: 14.6997 | HT4: 14.519 | HU4: 14.4062 | HV4: 14.2842 | HW4: 14.6523 | HX4: 14.7355 | HY4: 14.2855 | HZ4: 14.6032 | IA4: 14.6572 | IB4: 14.5309 | IC4: 14.7128 | ID4: 14.8517 | IE4: 15.169 | IF4: 15.169 | IG4: 15.2541 | IH4: 15.4492 | II4: 16.0654 | IJ4: 16.7716 | IK4: 16.65 | IL4: 16.4181 | IM4: 15.6117 | IN4: 16.3884 | IO4: 14.64 | IP4: 14.544 | IQ4: 15.2572 | IR4: 15.4861 | IS4: 15.4969 | IT4: 15.6411 | IU4: 16.246 | IV4: 18.3442 | IW4: 19.5077 | IX4: 20.488 | IY4: 20.9579 | IZ4: 19.3182 | JA4: 18.7575 | JB4: 18.7978 | JC4: 19.8968 | JD4: 18.9021 | JE4: 19.274 | JF4: 18.2834 | JG4: 18.3564 | JH4: 18.3002 | JI4: 18.7641 | JJ4: 20.97 | JK4: 20.9675 | JL4: 20.2002 | JM4: 21.1276 | JN4: 21.3948 | JO4: 20.8987 | JP4: 21.4558 | JQ4: 22.5656 | JR4: 20.2031 | JS4: 21.0732 | JT4: 20.1015 | JU4: 20.4666 | JV4: 18.8425 | JW4: 19.2552 | JX4: 18.2977 | JY4: 18.3144 | JZ4: 18.0531 | KA4: 18.0066 | KB4: 17.9542 | KC4: 18.0222 | KD4: 18.69 | KE4: 17.8331 | KF4: 17.0904 | KG4: 16.703 | KH4: 16.9479 | KI4: 17.2328 | KJ4: 18.2864 | KK4: 18.7253 | KL4: 20.4643 | KM4: 18.7523 | KN4: 19.5445 | KO4: 19.1208 | KP4: 15.411 | KQ4: 15.411 | KR4: 15.9351 | KS4: 16.5703 | KT4: 15.5794 | KU4: 15.947 | KV4: 15.9286 | KW4: 17.0095 | KX4: 16.11 | KY4: 15.8801 | KZ4: 14.7848 | LA4: 15.2799 | LB4: 15.3485 | LC4: 16.2453 | LD4: 17.5452 | LE4: 19.4647 | LF4: 19.4971 | LG4: 22.6885 | LH4: 25.0766 | LI4: 25.7702 | LJ4: 32.0986 | LK4: 21.8527 | LL4: 17.4669 | LM4: 15.9994 | LN4: 16.4855 | LO4: 15.9722 | LP4: 16.1771 | LQ4: 17.1444 | LR4: 17.072 | LS4: 14.9323 | LT4: 15.0439 | LU4: 15.9169 | LV4: 15.2934 | LW4: 13.89 | LX4: 13.1593 | LY4: 13.1369 | LZ4: 12.8311 | MA4: 13.1184 | MB4: 12.9335 | MC4: 12.9957 | MD4: 13.082 | ME4: 13.3033 | MF4: 13.2699 | MG4: 13.2699 | MH4: 13.206 | MI4: 13.4175 | MJ4: 14.0228 | MK4: 13.7587 | ML4: 13.9083 | MM4: 14.077 | MN4: 14.3967 | MO4: 14.4458 | MP4: 14.7681 | MQ4: 12.39 | MR4: 12.39 | MS4: 12.8015 | MT4: 12.9549 | MU4: 12.4105 | MV4: 12.5556 | MW4: 12.9694 | MX4: 13.0295 | MY4: 13.0098 | MZ4: 13.2562 | NA4: 13.3525 | NB4: 13.7165 | NC4: 13.6535 | ND4: 13.7896 | NE4: 14.2928 | NF4: 14.3394 | NG4: 13.7256 | NH4: 13.4272 | NI4: 13.4272 | NJ4: 13.8561 | NK4: 12 | NL4: 12.1979 | NM4: 12.5725 | NN4: 12.6503 | NO4: 12.8347 | NP4: 12.879 | NQ4: 13.5162 | NR4: 13.8191 | NS4: 13.5511 | NT4: 13.8112 | NU4: 13.9112 | NV4: 14.0973 | NW4: 14.1983 | NX4: 14.5915 | NY4: 15.1632 | NZ4: 15.7081 | OA4: 15.6634 | OB4: 15.1678 | OC4: 15.3964 | OD4: 16.0018 | OE4: 15.6252 | OF4: 15.7943 | OG4: 16.4697 | OH4: 17.8354 | OI4: 17.3829 | OJ4: 18.03 | OK4: 18.2475 | OL4: 18.4081 | OM4: 17.0882 | ON4: 15.0239 | OO4: 15.3171 | OP4: 15.0753 | OQ4: 15.347 | OR4: 16.0774 | OS4: 15.8308 | OT4: 14.9446 | OU4: 14.9996 | OV4: 14.5022 | OW4: 14.3687 | OX4: 14.3687 | OY4: 14.0661 | OZ4: 14.3463 | PA4: 14.4005 | PB4: 14.4814 | PC4: 14.4567 | PD4: 14.17 | PE4: 13.9448 | PF4: 14.3579 | PG4: 14.5984 | PH4: 14.342 | PI4: 13.7973 | PJ4: 13.9606 | PK4: 14.8956 | PL4: 15.0773 | PM4: 14.6174 | PN4: 14.7897 | PO4: 14.703 | PP4: 14.0297 | PQ4: 14.0481 | PR4: 14.0088 | PS4: 14.2232 | PT4: 13.9981 | PU4: 14.2522 | PV4: 14.4301 | PW4: 15.0348 | PX4: 15.3494 | PY4: 15.5273 | PZ4: 14.9515 | QA4: 14.9515 | QB4: 15.0189 | QC4: 14.32 | QD4: 15.7525 | QE4: 13.8034 | QF4: 13.3705 | QG4: 13.3452 | QH4: 13.3847 | QI4: 13.5521 | QJ4: 13.9557 | QK4: 14.5473 | QL4: 14.6977 | QM4: 14.8735 | QN4: 13.9929 | QO4: 14.2508 | QP4: 14.1173 | QQ4: 14.2261 | QR4: 14.038 | QS4: 13.7002 | QT4: 14.0804 | QU4: 14.6052 | QV4: 15.0037 | QW4: 15.13 | QX4: 13.9544 | QY4: 13.1811 | QZ4: 13.1811 | RA4: 13.0512 | RB4: 13.3453 | RC4: 13.4039 | RD4: 13.7975 | RE4: 14.2034 | RF4: 14.6618 | RG4: 14.6997 | RH4: 14.1016 | RI4: 14.0512 | RJ4: 14.0512 | RK4: 13.9837 | RL4: 13.9935 | RM4: 14.6063 | RN4: 15.0372 | RO4: 15.0372 | RP4: 15.4414 | RQ4: 12.31 | RR4: 12.409 | RS4: 12.4176 | RT4: 12.4649 | RU4: 12.3048 | RV4: 12.1843 | RW4: 12.4035 | RX4: 12.9471 | RY4: 13.3417 | RZ4: 13.7485 | SA4: 13.737 | SB4: 13.663 | SC4: 13.8006 | SD4: 13.6982 | SE4: 13.7578 | SF4: 13.9997 | SG4: 13.7842 | SH4: 13.9533 | SI4: 13.8496 | SJ4: 14.5628 | SK4: 14.5628 | SL4: 14.4523 | SM4: 14.776 | SN4: 14.9042 | SO4: 15.1459 | SP4: 14.22 | SQ4: 14.2701 | SR4: 14.8035 | SS4: 14.8991 | ST4: 15.8874 | SU4: 15.1093 | SV4: 15.5014 | SW4: 15.6461 | SX4: 16.1519 | SY4: 16.5565 | SZ4: 17.3005 | TA4: 18.1268 | TB4: 19.5901 | TC4: 21.1865 | TD4: 20.5375 | TE4: 20.3008 | TF4: 19.0875 | TG4: 20.0003 | TH4: 20.725 | TI4: 20.5549 | TJ4: 18.37 | TK4: 17.8484 | TL4: 17.1597 | TM4: 19.2567 | TN4: 16.9479 | TO4: 16.5021 | TP4: 16.9878 | TQ4: 17.6467 | TR4: 18.0342 | TS4: 18.1998 | TT4: 18.5177 | TU4: 19.6564 | TV4: 17.8507 | TW4: 17.7712 | TX4: 17.3515 | TY4: 18.3022 | TZ4: 19.1742 | UA4: 17.4974 | UB4: 17.4916 | UC4: 17.4859 | UD4: 13.96 | UE4: 14.0519 | UF4: 14.0971 | UG4: 14.2528 | UH4: 13.3689 | UI4: 13.9985 | UJ4: 14.6385 | UK4: 14.5844 | UL4: 14.9405 | UM4: 15.3022 | UN4: 15.3467 | UO4: 14.9927 | UP4: 14.7971 | UQ4: 14.7971 | UR4: 15.0438 | US4: 15.3029 | UT4: 15.9027 | UU4: 16.4326 | UV4: 17.1776 | UW4: 18.0102 | UX4: 17.2933 | UY4: 17.901 | UZ4: 17.8493 | VA4: 18.4487 | VB4: 18.8548 | VC4: 16.28 | VD4: 16.1726 | VE4: 14.8456 | VF4: 15.3536 | VG4: 16.0072 | VH4: 16.3469 | VI4: 16.4955 | VJ4: 16.2943 | VK4: 17.5076 | VL4: 16.7483 | VM4: 16.7022 | VN4: 15.0724 | VO4: 14.8634 | VP4: 14.9886 | VQ4: 15.6879 | VR4: 14.8878 | VS4: 15.3462 | VT4: 15.3804 | VU4: 15.611 | VV4: 15.846 | VW4: 13.02 | VX4: 13.3001 | VY4: 13.699 | VZ4: 13.8048 | WA4: 14.1923 | WB4: 14.2934 | WC4: 15.5525 | WD4: 15.7747 | WE4: 15.8619 | WF4: 16.1652 | WG4: 15.2825 | WH4: 14.8946 | WI4: 14.8946 | WJ4: 15.011 | WK4: 15.3281 | WL4: 14.9918 | WM4: 15.5616 | WN4: 15.9957 | WO4: 15.9547 | WP4: 15.7789 | WQ4: 13.44 | WR4: 14.0254 | WS4: 14.3454 | WT4: 14.3454 | WU4: 15.103 | WV4: 14.778 | WW4: 15.3191 | WX4: 15.5628 | WY4: 15.2378 | WZ4: 15.0127 | XA4: 15.4509 | XB4: 15.4181 | XC4: 16.5014 | XD4: 16.9463 | XE4: 17.7047 | XF4: 18.8651 | XG4: 18.967 | XH4: 19.5822 | XI4: 19.5822 | XJ4: 20.4261 | XK4: 20.9965 | XL4: 20.0458 | XM4: 19.671 | XN4: 19.6485 | XO4: 19.1473 | XP4: 17.12 | XQ4: 18.282 | XR4: 17.801 | XS4: 18.5431 | XT4: 18.6032 | XU4: 18.8504 | XV4: 19.4202 | XW4: 19.0021 | XX4: 19.2868 | XY4: 21.1905 | XZ4: 19.9541 | YA4: 19.3402 | YB4: 18.1693 | YC4: 18.4361 | YD4: 19.4461 | YE4: 20.4248 | YF4: 21.0194 | YG4: 19.3262 | YH4: 19.4083 | YI4: 19.8376 | YJ4: 16.75 | YK4: 17.0513 | YL4: 17.416 | YM4: 18.3523 | YN4: 18.7342 | YO4: 19.9518 | YP4: 19.7666 | YQ4: 19.804 | YR4: 20.1 | YS4: 19.9781 | YT4: 20.4184 | YU4: 20.5997 | YV4: 20.2095 | YW4: 20.7642 | YX4: 20.8277 | YY4: 20.9309 | YZ4: 21.6995 | ZA4: 22.2674 | ZB4: 23.2241 | ZC4: 24.2236 | ZD4: 20.68 | ZE4: 21.5908 | ZF4: 24.1683 | ZG4: 25.6342 | ZH4: 23.0155 | ZI4: 25.8129 | ZJ4: 23.7017 | ZK4: 25.3724 | ZL4: 24.1808 | ZM4: 21.7964 | ZN4: 19.3052 | ZO4: 19.7516 | ZP4: 19.2202 | ZQ4: 19.4984 | ZR4: 20.2009 | ZS4: 21.0322 | ZT4: 20.7757 | ZU4: 21.3317 | ZV4: 22.1873 | ZW4: 21.3726 | ZX4: 22.2109 | ZY4: 22.9011 | ZZ4: 21.2482 | AAA4: 21.2482 | AAB4: 21.1605 | AAC4: 18.69 | AAD4: 18.6489 | AAE4: 19.9144 | AAF4: 20.9304 | AAG4: 20.8103 | AAH4: 20.0524 | AAI4: 19.2146 | AAJ4: 20.0124 | AAK4: 19.3373 | AAL4: 19.2989 | AAM4: 18.7506 | AAN4: 19.5257 | AAO4: 20.0481 | AAP4: 19.3177 | AAQ4: 19.6703 | AAR4: 19.9583 | AAS4: 19.9502 | AAT4: 20.7548 | AAU4: 21.086 | AAV4: 21.7451 | AAW4: 19.09 | AAX4: 19.3155 | AAY4: 19.4988 | AAZ4: 19.4988 | ABA4: 19.82 | ABB4: 21.2004 | ABC4: 21.0949 | ABD4: 22.2669 | ABE4: 22.1957 | ABF4: 22.6516 | ABG4: 22.401 | ABH4: 23.0514 | ABI4: 23.0981 | ABJ4: 23.0981 | ABK4: 23.2091 | ABL4: 23.5481 | ABM4: 23.4524 | ABN4: 23.6302 | ABO4: 23.6302 | ABP4: 24.2555 | ABQ4: 20.25 | ABR4: 21.4848 | ABS4: 22.147 | ABT4: 22.4507 | ABU4: 22.3075 | ABV4: 20.6262 | ABW4: 21.6885 | ABX4: 23.1023 | ABY4: 23.1016 | ABZ4: 22.3978 | ACA4: 22.8621 | ACB4: 22.4502 | ACC4: 21.6851 | ACD4: 21.2041 | ACE4: 21.5747 | ACF4: 22.122 | ACG4: 23.0397 | ACH4: 23.4033 | ACI4: 22.4869 | ACJ4: 22.4026 | ACK4: 22.4026 | ACL4: 22.9505 | ACM4: 23.8139 | ACN4: 24.515 | ACO4: 24.7666 | ACP4: 24.93 | ACQ4: 24.584 | ACR4: 24.237 | ACS4: 23.95 | ACT4: 24.6297 | ACU4: 26.857 | ACV4: 26.1017 | ACW4: 25.1559 | ACX4: 25.5286 | ACY4: 25.6701 | ACZ4: 26.4475 | ADA4: 25.634 | ADB4: 25.8753 | ADC4: 26.2602 | ADD4: 26.9184 | ADE4: 27.4876 | ADF4: 28.1854 | ADG4: 29.3523 | ADH4: 29.9854 | ADI4: 29.9629 | ADJ4: 31.77 | ADK4: 30.8564 | ADL4: 31.1798 | ADM4: 31.9297 | ADN4: 31.0521 | ADO4: 32.1735 | ADP4: 32.754 | ADQ4: 32.1078 | ADR4: 31.1984 | ADS4: 29.9193 | ADT4: 28.9643 | ADU4: 28.7999 | ADV4: 29.9893 | ADW4: 31.516 | ADX4: 30.9432 | ADY4: 29.8919 | ADZ4: 31.383 | AEA4: 30.9247 | AEB4: 29.8592 | AEC4: 28.0956 | AED4: 26.65 | AEE4: 26.9999 | AEF4: 25.7761 | AEG4: 26.2206 | AEH4: 26.3637 | AEI4: 26.4161 | AEJ4: 26.745 | AEK4: 23.9193 | AEL4: 23.9496 | AEM4: 24.3161 | AEN4: 24.8966 | AEO4: 26.7579 | AEP4: 25.9363 | AEQ4: 25.9363 | AER4: 25.6212 | AES4: 25.7939 | AET4: 26.4608 | AEU4: 26.0278 | AEV4: 26.1802 | AEW4: 23.5977 | AEX4: 24.3501 | AEY4: 25.3302 | AEZ4: 25.8208 | AFA4: 24.1028 | AFB4: 22.9999 | AFC4: 20.11 | AFD4: 20.0006 | AFE4: 20.426 | AFF4: 21.1867 | AFG4: 21.4995 | AFH4: 21.3507 | AFI4: 22.989 | AFJ4: 22.6589 | AFK4: 22.4476 | AFL4: 23.2001 | AFM4: 23.1634 | AFN4: 24.6115 | AFO4: 24.2144 | AFP4: 23.4158 | AFQ4: 23.667 | AFR4: 25.0001 | AFS4: 25.9513 | AFT4: 25.2141 | AFU4: 25.5044 | AFV4: 25.7437 | AFW4: 24.37 | AFX4: 24.83 | AFY4: 25.7016 | AFZ4: 25.2066 | AGA4: 26.8663 | AGB4: 26.8636 | AGC4: 27.3879 | AGD4: 27.186 | AGE4: 26.049 | AGF4: 26.85 | AGG4: 27.1987 | AGH4: 27.7261 | AGI4: 27.689 | AGJ4: 27.689 | AGK4: 28.5623 | AGL4: 28.3335 | AGM4: 28.3331 | AGN4: 27.4118 | AGO4: 28.4774 | AGP4: 29.0073 | AGQ4: 29.0105 | AGR4: 30.3228 | AGS4: 30.902 | AGT4: 30.902 | AGU4: 31.9206 | AGV4: 31 | AGW4: 32.5815 | AGX4: 33.4687 | AGY4: 28.2892 | AGZ4: 26.4245 | AHA4: 24.6993 | AHB4: 24.6805 | AHC4: 25.5854 | AHD4: 25.9627 | AHE4: 25.6001 | AHF4: 26.1937 | AHG4: 26.4123 | AHH4: 26.8678 | AHI4: 26.8678 | AHJ4: 28.0636 | AHK4: 28.4859 | AHL4: 29.1855 | AHM4: 29.0797 | AHN4: 29.4224 | AHO4: 29.286 | AHP4: 27.68 | AHQ4: 26.5988 | AHR4: 27.5856 | AHS4: 28.8191 | AHT4: 31.2544 | AHU4: 32.1627 | AHV4: 32.254 | AHW4: 33.8168 | AHX4: 30.8118 | AHY4: 31.3271 | AHZ4: 25.762 | AIA4: 28.8864 | AIB4: 30.9477 | AIC4: 31.6487 | AID4: 29.2407 | AIE4: 30.8249 | AIF4: 30.3018 | AIG4: 27.2576 | AIH4: 27.9879 | AII4: 24.6907 | AIJ4: 20.3 | AIK4: 21.1489 | AIL4: 22.9518 | AIM4: 23.4211 | AIN4: 23.4211 | AIO4: 22.6858 | AIP4: 25.0641 | AIQ4: 24.7042 | AIR4: 22.8475 | AIS4: 22.9769 | AIT4: 23.7022 | AIU4: 23.2559 | AIV4: 20.9619 | AIW4: 22.3324 | AIX4: 23.469 | AIY4: 22.07 | AIZ4: 21.7532 | AJA4: 22.9946 | AJB4: 23.4552 | AJC4: 24.2654 | AJD4: 24.8925 | AJE4: 24.9989 | AJF4: 25.482 | AJG4: 25.6406 | AJH4: 27.1143 | AJI4: 27.5411 | AJJ4: 32.28 | AJK4: 31.8036 | AJL4: 31.0024 | AJM4: 30.4155 | AJN4: 32.1193 | AJO4: 33.9186 | AJP4: 34.8105 | AJQ4: 31.5274 | AJR4: 29.9057 | AJS4: 29.6145 | AJT4: 32.1241 | AJU4: 28.6169 | AJV4: 27.2572 | AJW4: 28.5487 | AJX4: 29.6693 | AJY4: 27.9601 | AJZ4: 28.1482 | AKA4: 28.1482 | AKB4: 27.5683 | AKC4: 26.37 | AKD4: 25.3833 | AKE4: 28.3374 | AKF4: 27.814 | AKG4: 24.2186 | AKH4: 21.1561 | AKI4: 22.3116 | AKJ4: 23.6521 | AKK4: 24.2613 | AKL4: 25.7306 | AKM4: 22.0259 | AKN4: 22.7458 | AKO4: 24.8523 | AKP4: 26.8734 | AKQ4: 28.8263 | AKR4: 28.633 | AKS4: 28.1645 | AKT4: 28.0683 | AKU4: 27.3086 | AKV4: 24.9658 | AKW4: 22.79 | AKX4: 22.6197 | AKY4: 19.667 | AKZ4: 19.667 | ALA4: 20.4167 | ALB4: 18.5814 | ALC4: 18.954 | ALD4: 19.9034 | ALE4: 20.398 | ALF4: 20.8496 | ALG4: 20.7745 | ALH4: 18.8692 | ALI4: 18.8578 | ALJ4: 19.6745 | ALK4: 19.9439 | ALL4: 20.0072 | ALM4: 20.5305 | ALN4: 21.0053 | ALO4: 21.6518 | ALP4: 21.6518 | ALQ4: 20.83 | ALR4: 21.0726 | ALS4: 22.8089 | ALT4: 21.0691 | ALU4: 20.4217 | ALV4: 19.0758 | ALW4: 21.2857 | ALX4: 20.5841 | ALY4: 19.7975 | ALZ4: 21.5672 | AMA4: 20.8267 | AMB4: 22.5437 | AMC4: 25.8521 | AMD4: 28.7301 | AME4: 25.9392 | AMF4: 27.8304 | AMG4: 25.6865 | AMH4: 22.2041 | AMI4: 26.5412 | AMJ4: 20.348 | AMK4: 20.348 | AML4: 20.563 | AMM4: 21.1529 | AMN4: 20.7994 | AMO4: 20.4995 | AMP4: 16.34 | AMQ4: 16.7991 | AMR4: 17.0011 | AMS4: 17.4182 | AMT4: 18.7588 | AMU4: 19.5268 | AMV4: 18.9001 | AMW4: 18.4945 | AMX4: 18.4401 | AMY4: 17.4041 | AMZ4: 17.1078 | ANA4: 17.8505 | ANB4: 18.3999 | ANC4: 18.7793 | AND4: 18.6503 | ANE4: 19.3496 | ANF4: 18.9246 | ANG4: 18.5505 | ANH4: 19.1016 | ANI4: 18.6977 | ANJ4: 15.35 | ANK4: 15.9647 | ANL4: 16.618 | ANM4: 17.1727 | ANN4: 17.6014 | ANO4: 19.1506 | ANP4: 19.7169 | ANQ4: 20.1505 | ANR4: 19.7169 | ANS4: 20.1013 | ANT4: 21.2171 | ANU4: 21.7541 | ANV4: 22.681 | ANW4: 21.994 | ANX4: 22.8678 | ANY4: 22.9912 | ANZ4: 22.5173 | AOA4: 20.1083 | AOB4: 19.8182 | AOC4: 20.5996 | AOD4: 22.0994 | AOE4: 23.4294 | AOF4: 24.4629 | AOG4: 21.9377 | AOH4: 20.5556 | AOI4: 19.79 | AOJ4: 19.715 | AOK4: 19.298 | AOL4: 20.6249 | AOM4: 19.3716 | AON4: 18.7658 | AOO4: 18.8314 | AOP4: 18.3528 | AOQ4: 18.3528 | AOR4: 17.9632 | AOS4: 18.0805 | AOT4: 18.6212 | AOU4: 18.746 | AOV4: 18.9529 | AOW4: 20.1229 | AOX4: 19.2328 | AOY4: 19.7306 | AOZ4: 19.8468 | APA4: 20.5273 | APB4: 22.346 | APC4: 18.58 | APD4: 17.5787 | APE4: 16.504 | APF4: 16.631 | APG4: 17.0028 | APH4: 17.4443 | API4: 17.9776 | APJ4: 18.4231 | APK4: 18.7024 | APL4: 19.3129 | APM4: 19.8494 | APN4: 19.8525 | APO4: 21.1496 | APP4: 20.274 | APQ4: 19.7092 | APR4: 20.1089 | APS4: 20.7147 | APT4: 20.1497 | APU4: 20.3675 | APV4: 20.5665 | APW4: 18.9 | APX4: 19.9561 | APY4: 22.738 | APZ4: 18.6228 | AQA4: 17.51 | AQB4: 17.047 | AQC4: 17.7342 | AQD4: 17.3713 | AQE4: 17.7962 | AQF4: 19.545 | AQG4: 18.0485 | AQH4: 17.9987 | AQI4: 17.4706 | AQJ4: 17.4706 | AQK4: 17.4735 | AQL4: 17.9033 | AQM4: 18.1278 | AQN4: 17.7213 | AQO4: 17.7017 | AQP4: 18.167 | AQQ4: 18.4413 | AQR4: 18.8265 | AQS4: 19.9159 | AQT4: 21.339 | AQU4: 19.5146 | AQV4: 16.38 | AQW4: 17.1014 | AQX4: 16.4514 | AQY4: 16.5505 | AQZ4: 16.9031 | ARA4: 18.3797 | ARB4: 17.9012 | ARC4: 17.6359 | ARD4: 18.1246 | ARE4: 19.2865 | ARF4: 18.9248 | ARG4: 19.5551 | ARH4: 19.1343 | ARI4: 19.1343 | ARJ4: 18.5669 | ARK4: 19.6232 | ARL4: 20.7012 | ARM4: 20.7569 | ARN4: 21.8453 | ARO4: 22.1031 | ARP4: 25.21 | ARQ4: 21.1438 | ARR4: 19.9063 | ARS4: 19.1312 | ART4: 22.6932 | ARU4: 25.9725 | ARV4: 21.2388 | ARW4: 19.4819 | ARX4: 18.2917 | ARY4: 19.6892 | ARZ4: 19.9784 | ASA4: 20.5493 | ASB4: 19.7324 | ASC4: 20.438 | ASD4: 19.5684 | ASE4: 19.6632 | ASF4: 19.7093 | ASG4: 20.2051 | ASH4: 20.4318 | ASI4: 21.1658 | ASJ4: 19.28 | ASK4: 18.6526 | ASL4: 17.657 | ASM4: 17.0019 | ASN4: 17.1523 | ASO4: 18.0989 | ASP4: 17.6781 | ASQ4: 18.0039 | ASR4: 18.1505 | ASS4: 18.4887 | AST4: 18.986 | ASU4: 19.561 | ASV4: 19.5423 | ASW4: 20.0824 | ASX4: 20.0824 | ASY4: 20.734 | ASZ4: 21.0321 | ATA4: 22.0032 | ATB4: 21.3859 | ATC4: 22.3056 | ATD4: 22.9775 | ATE4: 22.833 | ATF4: 21.731 | ATG4: 23.315 | ATH4: 24.3001 | ATI4: 20.8 | ATJ4: 19.9204 | ATK4: 20.1006 | ATL4: 21.9778 | ATM4: 22.8882 | ATN4: 23.5048 | ATO4: 23.9726 | ATP4: 25.3667 | ATQ4: 25.0507 | ATR4: 27.521 | ATS4: 26.1275 | ATT4: 24.765 | ATU4: 24.6158 | ATV4: 26.7444 | ATW4: 28.215 | ATX4: 23.7595 | ATY4: 24.748 | ATZ4: 25.9031 | AUA4: 24.7988 | AUB4: 25.8017 | AUC4: 22.81 | AUD4: 21.2418 | AUE4: 21.3594 | AUF4: 21.3594 | AUG4: 22.71 | AUH4: 23.7413 | AUI4: 23.7021 | AUJ4: 23.8379 | AUK4: 24.0993 | AUL4: 24.2274 | AUM4: 25.7794 | AUN4: 27.5781 | AUO4: 30.3302 | AUP4: 32.3859 | AUQ4: 30.3946 | AUR4: 31.5342 | AUS4: 25.4095 | AUT4: 25.9535 | AUU4: 24.875 | AUV4: 24.525 | AUW4: 22.59 | AUX4: 23.225 | AUY4: 23.775 | AUZ4: 23.775 | AVA4: 23.175 | AVB4: 22.675 | AVC4: 23.325 | AVD4: 24.475 | AVE4: 22.775 | AVF4: 23.225 | AVG4: 25.125 | AVH4: 25.325 | AVI4: 26.275 | AVJ4: 23.675 | AVK4: 23.675 | AVL4: 23.675 | AVM4: 24.625 | AVN4: 23.675 | AVO4: 23.825 | AVP4: 23.825 | AVQ4: 24.625 | AVR4: 25.775 | AVS4: 26.325 | AVT4: 24.175 | AVU4: 23.825 | AVV4: 23.35 | AVW4: 22.875 | AVX4: 24.275 | AVY4: 23.625 | AVZ4: 22.525 | AWA4: 22.525 | AWB4: 21.375 | AWC4: 22.475 | AWD4: 22.475 | AWE4: 22.975 | AWF4: 22.675 | AWG4: 22.825 | AWH4: 22.375 | AWI4: 22.825 | AWJ4: 22.625 | AWK4: 22.625 | AWL4: 23.6 | AWM4: 24.1 | AWN4: 24.375 | AWO4: 24.475 | AWP4: 22.41 | AWQ4: 22.975 | AWR4: 22.925 | AWS4: 23.325 | AWT4: 25.875 | AWU4: 23.825 | AWV4: 24.675 | AWW4: 25.575 | AWX4: 25.475 | AWY4: 27.775 | AWZ4: 28.375 | AXA4: 31.425 | AXB4: 33.375 | AXC4: 34.1 | AXD4: 33.125 | AXE4: 36 | AXF4: 31.325 | AXG4: 31.325 | AXH4: 28.775 | AXI4: 28.825 | AXJ4: 29.07 | AXK4: 29.275 | AXL4: 29.175 | AXM4: 27.875 | AXN4: 27.575 | AXO4: 27.075 | AXP4: 26.775 | AXQ4: 26.325 | AXR4: 26.875 | AXS4: 28.125 | AXT4: 30.025 | AXU4: 31.225 | AXV4: 30.825 | AXW4: 32.075 | AXX4: 30.675 | AXY4: 30.375 | AXZ4: 29.775 | AYA4: 30.825 | AYB4: 31.225 | AYC4: 32.225 | AYD4: 32.475 | AYE4: 31.375 | AYF4: 31.225 | AYG4: 30.075 | AYH4: 29.825 | AYI4: 26.12 | AYJ4: 25.375 | AYK4: 25.725 | AYL4: 26.325 | AYM4: 28.775 | AYN4: 28.375 | AYO4: 30.225 | AYP4: 29.65 | AYQ4: 29.65 | AYR4: 33.875 | AYS4: 28.875 | AYT4: 28.325 | AYU4: 27.875 | AYV4: 26.95 | AYW4: 27.025 | AYX4: 26.075 | AYY4: 25.475 | AYZ4: 25.825 | AZA4: 25.925 | AZB4: 25.875 | AZC4: 21.71 | AZD4: 21.775 | AZE4: 21.775 | AZF4: 23.275 | AZG4: 23.225 | AZH4: 23.275 | AZI4: 24.925 | AZJ4: 23.775 | AZK4: 24.625 | AZL4: 24.875 | AZM4: 25.325 | AZN4: 25.875 | AZO4: 26.775 | AZP4: 26.825 | AZQ4: 27.175 | AZR4: 26.775 | AZS4: 27.525 | AZT4: 27.525 | AZU4: 28.725 | AZV4: 28.775 | AZW4: 25.45 | AZX4: 24.775 | AZY4: 24.725 | AZZ4: 26.425 | BAA4: 28.125 | BAB4: 28.325 | BAC4: 29.625 | BAD4: 31.825 | BAE4: 28.775 | BAF4: 30.225 | BAG4: 29.525 | BAH4: 30.575 | BAI4: 29.25 | BAJ4: 29.075 | BAK4: 29.075 | BAL4: 29.825 | BAM4: 30.875 | BAN4: 32.325 | BAO4: 34.525 | BAP4: 32.175 | BAQ4: 33.575 | BAR4: 31.925 | BAS4: 31.625 | BAT4: 35.275 | BAU4: 33.575 | BAV4: 33.44 | BAW4: 33.1 | BAX4: 33.9 | BAY4: 35.075 | BAZ4: 40.625 | BBA4: 27.475 | BBB4: 27.625 | BBC4: 26.025 | BBD4: 25.325 | BBE4: 26.725 | BBF4: 27 | BBG4: 28.225 | BBH4: 29.525 | BBI4: 28.825 | BBJ4: 30.325 | BBK4: 29.075 | BBL4: 29.625 | BBM4: 30.375 | BBN4: 30.375 | BBO4: 31.025 | BBP4: 28.11 | BBQ4: 30.75 | BBR4: 28.925 | BBS4: 32.125 | BBT4: 32.375 | BBU4: 35.075 | BBV4: 33.075 | BBW4: 27.825 | BBX4: 29.325 | BBY4: 32.125 | BBZ4: 34.775
A5: UX2 INDEX | B5: 19.3431 | C5: 19.3431 | D5: 19.6218 | E5: 19.3039 | F5: 19.0436 | G5: 19.1805 | H5: 20.7096 | I5: 22.4142 | J5: 20.6812 | K5: 20.4843 | L5: 19.6943 | M5: 21.2344 | N5: 19.2535 | O5: 19.2059 | P5: 19.491 | Q5: 19.1017 | R5: 19.2466 | S5: 19.3483 | T5: 19.1491 | U5: 19.2492 | V5: 19.2967 | W5: 19.0568 | X5: 19.7125 | Y5: 19.5247 | Z5: 19.708 | AA5: 19.534 | AB5: 19.2825 | AC5: 19.25 | AD5: 17.7786 | AE5: 18.4512 | AF5: 18.1366 | AG5: 17.9471 | AH5: 17.995 | AI5: 18.3931 | AJ5: 18.4396 | AK5: 18.5378 | AL5: 18.8991 | AM5: 18.8515 | AN5: 19.4266 | AO5: 19.8497 | AP5: 19.3442 | AQ5: 19.3442 | AR5: 19.0363 | AS5: 19.1748 | AT5: 19.0898 | AU5: 19.1565 | AV5: 19.0513 | AW5: 20.3754 | AX5: 18.3008 | AY5: 18.3931 | AZ5: 18.009 | BA5: 18.4744 | BB5: 18.5444 | BC5: 18.4996 | BD5: 18.5508 | BE5: 19.2976 | BF5: 19.1604 | BG5: 19.7075 | BH5: 19.5688 | BI5: 20.1609 | BJ5: 19.9853 | BK5: 21.1103 | BL5: 19.8708 | BM5: 19.7879 | BN5: 19.7103 | BO5: 19.3055 | BP5: 19.7887 | BQ5: 19.8785 | BR5: 20.0524 | BS5: 20.705 | BT5: 20.6923 | BU5: 20.8192 | BV5: 20.9494 | BW5: 19.5255 | BX5: 19.3911 | BY5: 19.4824 | BZ5: 19.1936 | CA5: 19.1121 | CB5: 19.2593 | CC5: 19.8183 | CD5: 20.2403 | CE5: 20.0767 | CF5: 20.0767 | CG5: 20.1827 | CH5: 20.1918 | CI5: 20.0976 | CJ5: 20.1951 | CK5: 20.1218 | CL5: 20.2389 | CM5: 20.446 | CN5: 21.499 | CO5: 21.6516 | CP5: 20.8053 | CQ5: 20.8053 | CR5: 21.4052 | CS5: 20.2816 | CT5: 21.8201 | CU5: 20.2997 | CV5: 20.0947 | CW5: 19.971 | CX5: 20.0001 | CY5: 20.1545 | CZ5: 20.8932 | DA5: 20.498 | DB5: 20.574 | DC5: 20.8963 | DD5: 21.0379 | DE5: 20.8552 | DF5: 20.7911 | DG5: 20.522 | DH5: 22.2839 | DI5: 22.2839 | DJ5: 21.2388 | DK5: 20.7904 | DL5: 19.4966 | DM5: 19.6515 | DN5: 19.4121 | DO5: 19.4628 | DP5: 19.744 | DQ5: 19.2945 | DR5: 19.4058 | DS5: 22.092 | DT5: 22.229 | DU5: 22.9534 | DV5: 23.5229 | DW5: 22.8084 | DX5: 22.4001 | DY5: 23.261 | DZ5: 23.5652 | EA5: 23.1101 | EB5: 23.3132 | EC5: 23.2525 | ED5: 24.0525 | EE5: 24.8708 | EF5: 25.7021 | EG5: 27.0167 | EH5: 25.7621 | EI5: 25.7621 | EJ5: 27.6258 | EK5: 25.4674 | EL5: 25.6983 | EM5: 28.8917 | EN5: 29.871 | EO5: 25.1944 | EP5: 31.4333 | EQ5: 28.1411 | ER5: 28.5193 | ES5: 24.1926 | ET5: 20.0227 | EU5: 20.5138 | EV5: 20.4872 | EW5: 20.5492 | EX5: 19.1588 | EY5: 19.1501 | EZ5: 18.6554 | FA5: 18.4989 | FB5: 19.4739 | FC5: 19.4706 | FD5: 19.7468 | FE5: 20.4806 | FF5: 19.9169 | FG5: 20.6804 | FH5: 22.6331 | FI5: 21.7139 | FJ5: 22.7661 | FK5: 22.7978 | FL5: 20.7863 | FM5: 21.7923 | FN5: 19.9017 | FO5: 20.7993 | FP5: 20.4435 | FQ5: 19.0461 | FR5: 19.4276 | FS5: 18.6034 | FT5: 18.7907 | FU5: 18.7684 | FV5: 18.699 | FW5: 17.8579 | FX5: 16.9066 | FY5: 17.1256 | FZ5: 17.1818 | GA5: 17.1818 | GB5: 17.2427 | GC5: 17.4799 | GD5: 17.5614 | GE5: 17.5244 | GF5: 17.9512 | GG5: 17.4335 | GH5: 17.491 | GI5: 17.7673 | GJ5: 18.1335 | GK5: 17.986 | GL5: 17.5228 | GM5: 17.4988 | GN5: 17.4803 | GO5: 18.0353 | GP5: 17.2994 | GQ5: 17.3441 | GR5: 16.7432 | GS5: 16.5367 | GT5: 17.2382 | GU5: 17.2382 | GV5: 17.0997 | GW5: 17.063 | GX5: 18.5544 | GY5: 18.9083 | GZ5: 19.2947 | HA5: 18.325 | HB5: 18.1515 | HC5: 18.2637 | HD5: 17.3787 | HE5: 17.4356 | HF5: 18.2685 | HG5: 17.8708 | HH5: 17.8708 | HI5: 17.7923 | HJ5: 17.5586 | HK5: 16.9782 | HL5: 16.8502 | HM5: 16.8502 | HN5: 17.56 | HO5: 18.5862 | HP5: 21.0178 | HQ5: 19.762 | HR5: 16.9531 | HS5: 16.6091 | HT5: 16.2782 | HU5: 16.2991 | HV5: 16.1838 | HW5: 16.2662 | HX5: 16.2983 | HY5: 15.9521 | HZ5: 16.201 | IA5: 16.0881 | IB5: 15.937 | IC5: 16.0326 | ID5: 16.0529 | IE5: 16.2576 | IF5: 16.2576 | IG5: 16.3418 | IH5: 16.4269 | II5: 16.8433 | IJ5: 17.2813 | IK5: 16.9522 | IL5: 16.4057 | IM5: 15.8517 | IN5: 16.3703 | IO5: 15.4412 | IP5: 15.4598 | IQ5: 15.7362 | IR5: 15.7216 | IS5: 15.7606 | IT5: 15.8303 | IU5: 16.2785 | IV5: 17.8957 | IW5: 18.7211 | IX5: 19.4768 | IY5: 19.7307 | IZ5: 18.5536 | JA5: 18.1953 | JB5: 18.2452 | JC5: 19.0437 | JD5: 18.3654 | JE5: 18.6272 | JF5: 17.844 | JG5: 17.9371 | JH5: 17.9419 | JI5: 18.3153 | JJ5: 19.0531 | JK5: 19.305 | JL5: 18.6485 | JM5: 19.3402 | JN5: 19.5553 | JO5: 19.3484 | JP5: 19.894 | JQ5: 20.6485 | JR5: 19.1629 | JS5: 19.9132 | JT5: 19.1061 | JU5: 19.2892 | JV5: 18.0975 | JW5: 18.5204 | JX5: 17.844 | JY5: 17.9062 | JZ5: 17.6609 | KA5: 17.7088 | KB5: 17.7076 | KC5: 17.7952 | KD5: 18.7393 | KE5: 19.032 | KF5: 18.6622 | KG5: 18.4866 | KH5: 18.5068 | KI5: 18.6085 | KJ5: 19.3349 | KK5: 19.7187 | KL5: 20.9192 | KM5: 19.6891 | KN5: 20.5578 | KO5: 20.1829 | KP5: 17.4021 | KQ5: 17.4021 | KR5: 17.8579 | KS5: 18.3952 | KT5: 17.6572 | KU5: 17.9583 | KV5: 18.0591 | KW5: 19.0438 | KX5: 16.228 | KY5: 16.0407 | KZ5: 15.3728 | LA5: 15.6896 | LB5: 15.7452 | LC5: 16.2629 | LD5: 17.4046 | LE5: 18.8303 | LF5: 18.8533 | LG5: 21.7279 | LH5: 23.5773 | LI5: 24.8657 | LJ5: 30.3911 | LK5: 21.9844 | LL5: 17.8469 | LM5: 16.4934 | LN5: 16.8294 | LO5: 16.3991 | LP5: 16.718 | LQ5: 17.5661 | LR5: 17.4566 | LS5: 15.6963 | LT5: 15.7971 | LU5: 16.5074 | LV5: 16.0481 | LW5: 14.808 | LX5: 14.3356 | LY5: 14.219 | LZ5: 14.0232 | MA5: 14.1965 | MB5: 14.1545 | MC5: 14.2194 | MD5: 14.1818 | ME5: 14.3738 | MF5: 14.3482 | MG5: 14.3482 | MH5: 14.296 | MI5: 14.4308 | MJ5: 14.9402 | MK5: 14.818 | ML5: 14.8901 | MM5: 14.9865 | MN5: 15.2751 | MO5: 15.3433 | MP5: 15.6549 | MQ5: 14.2961 | MR5: 14.2961 | MS5: 14.3193 | MT5: 14.4134 | MU5: 13.9653 | MV5: 13.9677 | MW5: 14.2445 | MX5: 14.2355 | MY5: 14.2232 | MZ5: 14.3165 | NA5: 14.3946 | NB5: 14.5892 | NC5: 14.5124 | ND5: 14.5813 | NE5: 14.903 | NF5: 14.9519 | NG5: 14.5635 | NH5: 14.3147 | NI5: 14.3147 | NJ5: 14.6702 | NK5: 13.6649 | NL5: 13.3887 | NM5: 13.6021 | NN5: 13.6146 | NO5: 13.7394 | NP5: 13.7759 | NQ5: 14.2591 | NR5: 14.5261 | NS5: 14.3785 | NT5: 14.5709 | NU5: 14.6128 | NV5: 14.7108 | NW5: 14.7946 | NX5: 15.1674 | NY5: 15.6452 | NZ5: 16.0814 | OA5: 15.952 | OB5: 15.6545 | OC5: 15.9111 | OD5: 16.2415 | OE5: 16.0272 | OF5: 16.2121 | OG5: 16.8052 | OH5: 17.9513 | OI5: 17.6459 | OJ5: 17.2093 | OK5: 17.4557 | OL5: 18.0133 | OM5: 17.1165 | ON5: 15.8992 | OO5: 16.1527 | OP5: 15.8977 | OQ5: 15.9546 | OR5: 16.5142 | OS5: 16.2118 | OT5: 15.644 | OU5: 15.7777 | OV5: 15.4306 | OW5: 15.4185 | OX5: 15.4185 | OY5: 15.1988 | OZ5: 15.3954 | PA5: 15.4969 | PB5: 15.5795 | PC5: 15.5371 | PD5: 14.5645 | PE5: 14.9214 | PF5: 15.3308 | PG5: 15.6778 | PH5: 15.4042 | PI5: 15.0363 | PJ5: 15.1004 | PK5: 15.8192 | PL5: 15.9453 | PM5: 15.6174 | PN5: 15.6097 | PO5: 15.6063 | PP5: 15.051 | PQ5: 15.0964 | PR5: 15.0507 | PS5: 15.2325 | PT5: 15.0229 | PU5: 15.2524 | PV5: 15.4033 | PW5: 15.9232 | PX5: 16.0978 | PY5: 16.2898 | PZ5: 15.8956 | QA5: 15.8956 | QB5: 15.9688 | QC5: 15.1396 | QD5: 16.0148 | QE5: 14.9534 | QF5: 14.6955 | QG5: 14.5328 | QH5: 14.6441 | QI5: 14.6468 | QJ5: 15.0004 | QK5: 15.5485 | QL5: 15.5533 | QM5: 15.6748 | QN5: 15.0432 | QO5: 15.2503 | QP5: 15.1767 | QQ5: 15.309 | QR5: 15.1205 | QS5: 14.7723 | QT5: 15.1727 | QU5: 15.6997 | QV5: 15.9966 | QW5: 15.5187 | QX5: 14.9876 | QY5: 14.4647 | QZ5: 14.4647 | RA5: 14.2522 | RB5: 14.2977 | RC5: 14.4285 | RD5: 14.7882 | RE5: 15.0979 | RF5: 15.6042 | RG5: 15.6212 | RH5: 15.1958 | RI5: 15.2954 | RJ5: 15.2954 | RK5: 15.3042 | RL5: 15.3641 | RM5: 15.9198 | RN5: 16.296 | RO5: 16.296 | RP5: 16.5186 | RQ5: 15.8061 | RR5: 14.8894 | RS5: 14.6414 | RT5: 14.6252 | RU5: 14.1515 | RV5: 14.2146 | RW5: 14.3962 | RX5: 14.7916 | RY5: 15.0638 | RZ5: 15.5478 | SA5: 15.5667 | SB5: 15.417 | SC5: 15.549 | SD5: 15.5089 | SE5: 15.5681 | SF5: 15.8501 | SG5: 15.5543 | SH5: 15.7645 | SI5: 15.6449 | SJ5: 16.2486 | SK5: 16.2486 | SL5: 16.0213 | SM5: 16.3301 | SN5: 16.4004 | SO5: 16.6024 | SP5: 15.3507 | SQ5: 15.7429 | SR5: 15.8467 | SS5: 15.997 | ST5: 16.6544 | SU5: 16.046 | SV5: 16.3245 | SW5: 16.3841 | SX5: 16.9746 | SY5: 17.3431 | SZ5: 17.8499 | TA5: 18.6006 | TB5: 19.707 | TC5: 21.2116 | TD5: 20.4999 | TE5: 20.3601 | TF5: 19.2673 | TG5: 20.0471 | TH5: 20.6987 | TI5: 20.5479 | TJ5: 19.5967 | TK5: 18.4362 | TL5: 17.978 | TM5: 19.9214 | TN5: 17.7476 | TO5: 17.3537 | TP5: 17.6168 | TQ5: 18.2263 | TR5: 18.4171 | TS5: 18.7461 | TT5: 18.9066 | TU5: 19.7982 | TV5: 18.238 | TW5: 18.2463 | TX5: 18.0194 | TY5: 18.75 | TZ5: 19.2555 | UA5: 17.9872 | UB5: 17.8893 | UC5: 17.7975 | UD5: 16.1696 | UE5: 15.5728 | UF5: 15.6816 | UG5: 15.7721 | UH5: 15.2378 | UI5: 15.665 | UJ5: 15.8595 | UK5: 15.8099 | UL5: 16.1484 | UM5: 16.439 | UN5: 16.4978 | UO5: 16.1975 | UP5: 16.2094 | UQ5: 16.2094 | UR5: 16.3736 | US5: 16.7006 | UT5: 17.1967 | UU5: 17.5005 | UV5: 18.0894 | UW5: 18.7774 | UX5: 18.1989 | UY5: 18.6903 | UZ5: 18.5019 | VA5: 18.925 | VB5: 19.2015 | VC5: 18.0118 | VD5: 17.696 | VE5: 16.7773 | VF5: 17.0503 | VG5: 17.6997 | VH5: 17.5875 | VI5: 17.7233 | VJ5: 17.4 | VK5: 18.1354 | VL5: 17.6502 | VM5: 17.7566 | VN5: 16.5652 | VO5: 16.3393 | VP5: 16.5351 | VQ5: 16.9633 | VR5: 16.3968 | VS5: 16.7516 | VT5: 16.6594 | VU5: 17.0242 | VV5: 17.2747 | VW5: 15.905 | VX5: 15.5365 | VY5: 15.7475 | VZ5: 15.7526 | WA5: 15.9364 | WB5: 15.7668 | WC5: 16.5759 | WD5: 16.6988 | WE5: 16.8278 | WF5: 17.2288 | WG5: 16.4596 | WH5: 16.3515 | WI5: 16.3515 | WJ5: 16.4003 | WK5: 16.692 | WL5: 16.3695 | WM5: 16.8875 | WN5: 17.3156 | WO5: 17.569 | WP5: 17.3498 | WQ5: 16.179 | WR5: 16.5246 | WS5: 16.4772 | WT5: 16.4772 | WU5: 17.0878 | WV5: 16.6008 | WW5: 17.1144 | WX5: 17.1041 | WY5: 17.1289 | WZ5: 17.0487 | XA5: 17.4953 | XB5: 17.372 | XC5: 18.3393 | XD5: 18.7589 | XE5: 19.393 | XF5: 20.446 | XG5: 20.6501 | XH5: 21.0499 | XI5: 21.0499 | XJ5: 21.811 | XK5: 22.2087 | XL5: 21.6473 | XM5: 21.4467 | XN5: 21.4995 | XO5: 20.9557 | XP5: 19.9815 | XQ5: 20.6437 | XR5: 20.0649 | XS5: 20.5509 | XT5: 20.5239 | XU5: 20.7546 | XV5: 21.3303 | XW5: 20.9454 | XX5: 21.347 | XY5: 22.9204 | XZ5: 21.9995 | YA5: 21.4668 | YB5: 20.8044 | YC5: 21.3015 | YD5: 21.8142 | YE5: 22.4992 | YF5: 22.9737 | YG5: 21.5595 | YH5: 21.638 | YI5: 21.8001 | YJ5: 19.4007 | YK5: 19.4442 | YL5: 19.5767 | YM5: 20.09 | YN5: 20.4359 | YO5: 21.0517 | YP5: 20.971 | YQ5: 21.2259 | YR5: 21.55 | YS5: 21.4985 | YT5: 21.8447 | YU5: 21.9997 | YV5: 21.5513 | YW5: 22.1285 | YX5: 22.1587 | YY5: 22.1493 | YZ5: 22.7125 | ZA5: 23.0993 | ZB5: 23.959 | ZC5: 24.4969 | ZD5: 23.5 | ZE5: 22.7699 | ZF5: 24.942 | ZG5: 26.1463 | ZH5: 23.5506 | ZI5: 25.8726 | ZJ5: 23.9083 | ZK5: 25.5333 | ZL5: 24.7848 | ZM5: 22.4264 | ZN5: 20.4505 | ZO5: 20.8009 | ZP5: 20.3629 | ZQ5: 20.7153 | ZR5: 21.2499 | ZS5: 22.0497 | ZT5: 21.7518 | ZU5: 22.25 | ZV5: 22.8954 | ZW5: 22.1509 | ZX5: 22.7161 | ZY5: 23.2459 | ZZ5: 21.9486 | AAA5: 21.9486 | AAB5: 21.901 | AAC5: 20.0523 | AAD5: 20.4267 | AAE5: 21.2484 | AAF5: 22.0492 | AAG5: 21.7857 | AAH5: 21.1509 | AAI5: 20.3507 | AAJ5: 20.95 | AAK5: 20.5476 | AAL5: 20.3479 | AAM5: 19.9559 | AAN5: 20.4806 | AAO5: 20.874 | AAP5: 20.4616 | AAQ5: 20.8311 | AAR5: 21.0531 | AAS5: 21.0023 | AAT5: 21.8469 | AAU5: 22.032 | AAV5: 22.6023 | AAW5: 21.6874 | AAX5: 20.9452 | AAY5: 20.7317 | AAZ5: 20.7317 | ABA5: 21.252 | ABB5: 22.3485 | ABC5: 22.1945 | ABD5: 23.0757 | ABE5: 22.9488 | ABF5: 23.5365 | ABG5: 23.3757 | ABH5: 24.0825 | ABI5: 24.5453 | ABJ5: 24.5453 | ABK5: 24.4999 | ABL5: 24.7588 | ABM5: 24.8001 | ABN5: 24.8909 | ABO5: 24.8909 | ABP5: 25.301 | ABQ5: 23.0131 | ABR5: 23.9359 | ABS5: 24.0198 | ABT5: 24.681 | ABU5: 24.62 | ABV5: 23.2012 | ABW5: 23.9474 | ABX5: 24.9368 | ABY5: 25.0979 | ABZ5: 24.6494 | ACA5: 25.1489 | ACB5: 24.7988 | ACC5: 24.2994 | ACD5: 23.878 | ACE5: 24.3418 | ACF5: 24.6671 | ACG5: 25.4652 | ACH5: 25.8527 | ACI5: 25.1004 | ACJ5: 24.8493 | ACK5: 24.8493 | ACL5: 25.2737 | ACM5: 25.9522 | ACN5: 26.5116 | ACO5: 26.6705 | ACP5: 25.0542 | ACQ5: 25.75 | ACR5: 25.3841 | ACS5: 25.4502 | ACT5: 25.6828 | ACU5: 27.0025 | ACV5: 26.1902 | ACW5: 25.5002 | ACX5: 25.8355 | ACY5: 26.0972 | ACZ5: 26.6968 | ADA5: 26.0041 | ADB5: 26.3996 | ADC5: 26.9064 | ADD5: 27.4362 | ADE5: 27.8973 | ADF5: 28.3979 | ADG5: 29.333 | ADH5: 29.6699 | ADI5: 29.739 | ADJ5: 30.3978 | ADK5: 30.1507 | ADL5: 30.879 | ADM5: 31.5866 | ADN5: 30.9996 | ADO5: 31.7784 | ADP5: 32.1758 | ADQ5: 31.7382 | ADR5: 31.0177 | ADS5: 29.8446 | ADT5: 29.0451 | ADU5: 28.8294 | ADV5: 29.8482 | ADW5: 31.0717 | ADX5: 30.3747 | ADY5: 29.6506 | ADZ5: 30.5638 | AEA5: 30.0988 | AEB5: 29.1893 | AEC5: 27.8839 | AED5: 28.1968 | AEE5: 27.3749 | AEF5: 26.5139 | AEG5: 27.2494 | AEH5: 27.3471 | AEI5: 27.4742 | AEJ5: 27.5215 | AEK5: 25.3904 | AEL5: 25.5941 | AEM5: 25.7286 | AEN5: 26.0503 | AEO5: 27.429 | AEP5: 26.8979 | AEQ5: 26.8979 | AER5: 26.7581 | AES5: 26.9681 | AET5: 27.4382 | AEU5: 27.0047 | AEV5: 27.1727 | AEW5: 25.3689 | AEX5: 25.9673 | AEY5: 26.6492 | AEZ5: 27.0156 | AFA5: 25.8998 | AFB5: 24.9003 | AFC5: 23.2813 | AFD5: 23.4392 | AFE5: 23.2003 | AFF5: 23.6234 | AFG5: 23.8495 | AFH5: 23.5999 | AFI5: 25.0329 | AFJ5: 24.8737 | AFK5: 24.7969 | AFL5: 25.2502 | AFM5: 25.1488 | AFN5: 26.3001 | AFO5: 26.0517 | AFP5: 25.3817 | AFQ5: 25.5516 | AFR5: 26.6903 | AFS5: 27.4397 | AFT5: 27.0384 | AFU5: 27.1502 | AFV5: 27.2669 | AFW5: 26.2684 | AFX5: 27.0352 | AFY5: 27.3971 | AFZ5: 26.5589 | AGA5: 27.9454 | AGB5: 27.8784 | AGC5: 28.2453 | AGD5: 28.1191 | AGE5: 27.3988 | AGF5: 27.8975 | AGG5: 28.1548 | AGH5: 28.5555 | AGI5: 28.5603 | AGJ5: 28.5603 | AGK5: 29.1774 | AGL5: 28.8152 | AGM5: 28.7361 | AGN5: 28.0439 | AGO5: 28.7909 | AGP5: 29.1839 | AGQ5: 29.1196 | AGR5: 30.1912 | AGS5: 30.6829 | AGT5: 30.6829 | AGU5: 31.4868 | AGV5: 30.0306 | AGW5: 31.8115 | AGX5: 32.8934 | AGY5: 29.0858 | AGZ5: 27.4994 | AHA5: 26.256 | AHB5: 26.3045 | AHC5: 26.9709 | AHD5: 27.3039 | AHE5: 27.0828 | AHF5: 27.5714 | AHG5: 27.7908 | AHH5: 28.174 | AHI5: 28.174 | AHJ5: 29.0604 | AHK5: 29.1357 | AHL5: 29.8518 | AHM5: 29.828 | AHN5: 29.9611 | AHO5: 29.7555 | AHP5: 31.5195 | AHQ5: 27.4896 | AHR5: 28.0855 | AHS5: 29.3959 | AHT5: 31.261 | AHU5: 31.7389 | AHV5: 31.9614 | AHW5: 33.0703 | AHX5: 30.789 | AHY5: 31.3722 | AHZ5: 26.9854 | AIA5: 29.3377 | AIB5: 30.9012 | AIC5: 31.2085 | AID5: 29.2815 | AIE5: 30.3942 | AIF5: 29.9546 | AIG5: 27.7051 | AIH5: 28.2171 | AII5: 25.9855 | AIJ5: 22.9919 | AIK5: 23.5416 | AIL5: 24.7867 | AIM5: 25.0983 | AIN5: 25.0983 | AIO5: 24.4289 | AIP5: 26.2047 | AIQ5: 25.9219 | AIR5: 24.7489 | AIS5: 24.7128 | AIT5: 25.3363 | AIU5: 24.8412 | AIV5: 23.1475 | AIW5: 24.2141 | AIX5: 24.9877 | AIY5: 24.0735 | AIZ5: 23.7145 | AJA5: 24.6115 | AJB5: 24.8564 | AJC5: 25.4518 | AJD5: 25.7515 | AJE5: 25.7186 | AJF5: 26.1731 | AJG5: 26.2185 | AJH5: 27.4593 | AJI5: 27.9725 | AJJ5: 30.7261 | AJK5: 31.7235 | AJL5: 30.78 | AJM5: 30.1263 | AJN5: 31.4927 | AJO5: 32.6065 | AJP5: 32.86 | AJQ5: 30.3012 | AJR5: 29.4694 | AJS5: 29.0901 | AJT5: 30.6762 | AJU5: 28.1501 | AJV5: 26.9481 | AJW5: 27.7218 | AJX5: 28.5132 | AJY5: 27.0851 | AJZ5: 27.2767 | AKA5: 27.2767 | AKB5: 26.8288 | AKC5: 24.4723 | AKD5: 25.5484 | AKE5: 27.7476 | AKF5: 27.69 | AKG5: 24.5799 | AKH5: 22.6687 | AKI5: 23.4098 | AKJ5: 24.5363 | AKK5: 25.1484 | AKL5: 26.0671 | AKM5: 23.6318 | AKN5: 23.9061 | AKO5: 25.5448 | AKP5: 27.0493 | AKQ5: 28.486 | AKR5: 28.1099 | AKS5: 27.7313 | AKT5: 27.4498 | AKU5: 26.8399 | AKV5: 25.1061 | AKW5: 24.0687 | AKX5: 23.3922 | AKY5: 21.7462 | AKZ5: 21.7462 | ALA5: 22.0944 | ALB5: 20.9713 | ALC5: 20.9933 | ALD5: 21.7049 | ALE5: 22.0204 | ALF5: 22.8491 | ALG5: 22.6171 | ALH5: 21.3187 | ALI5: 21.4095 | ALJ5: 21.9705 | ALK5: 22.047 | ALL5: 22.104 | ALM5: 22.6303 | ALN5: 23.0302 | ALO5: 23.3994 | ALP5: 23.3994 | ALQ5: 21.8007 | ALR5: 23.1636 | ALS5: 24.3107 | ALT5: 23.5739 | ALU5: 22.8188 | ALV5: 21.9711 | ALW5: 23.4828 | ALX5: 23.1634 | ALY5: 22.2662 | ALZ5: 23.5593 | AMA5: 23.0192 | AMB5: 24.2002 | AMC5: 26.6506 | AMD5: 28.6173 | AME5: 26.905 | AMF5: 27.964 | AMG5: 26.4777 | AMH5: 23.7474 | AMI5: 27.0096 | AMJ5: 22.4538 | AMK5: 22.4538 | AML5: 22.6656 | AMM5: 23.0998 | AMN5: 22.7497 | AMO5: 22.6455 | AMP5: 20.2745 | AMQ5: 20.0017 | AMR5: 19.891 | AMS5: 20.108 | AMT5: 20.7957 | AMU5: 21.0045 | AMV5: 20.827 | AMW5: 20.5003 | AMX5: 20.5057 | AMY5: 20.084 | AMZ5: 19.7495 | ANA5: 20.3509 | ANB5: 20.8006 | ANC5: 21.0533 | AND5: 20.8493 | ANE5: 21.2962 | ANF5: 20.8037 | ANG5: 20.4983 | ANH5: 21.1001 | ANI5: 20.6504 | ANJ5: 19.3155 | ANK5: 19.5287 | ANL5: 19.6962 | ANM5: 20.0983 | ANN5: 20.0046 | ANO5: 21.107 | ANP5: 21.4506 | ANQ5: 21.8565 | ANR5: 21.6097 | ANS5: 22.0851 | ANT5: 22.6587 | ANU5: 23.0271 | ANV5: 23.6992 | ANW5: 23.2158 | ANX5: 23.6859 | ANY5: 23.7823 | ANZ5: 23.4435 | AOA5: 21.6778 | AOB5: 21.6471 | AOC5: 22.2012 | AOD5: 23.1347 | AOE5: 24.1154 | AOF5: 24.6975 | AOG5: 22.9489 | AOH5: 22.0021 | AOI5: 20.8379 | AOJ5: 21.5605 | AOK5: 21.3321 | AOL5: 22.1543 | AOM5: 21.353 | AON5: 20.9315 | AOO5: 20.9005 | AOP5: 20.5624 | AOQ5: 20.5624 | AOR5: 20.4432 | AOS5: 20.446 | AOT5: 20.9074 | AOU5: 20.9491 | AOV5: 21.1309 | AOW5: 21.9501 | AOX5: 21.2899 | AOY5: 21.6582 | AOZ5: 21.6622 | APA5: 22.1551 | APB5: 23.1773 | APC5: 21.7058 | APD5: 20.1697 | APE5: 19.6237 | APF5: 19.486 | APG5: 19.3979 | APH5: 19.7318 | API5: 20.3456 | APJ5: 20.6867 | APK5: 20.751 | APL5: 21.2892 | APM5: 21.7559 | APN5: 21.8428 | APO5: 22.7197 | APP5: 22.0749 | APQ5: 21.5483 | APR5: 21.7999 | APS5: 22.2005 | APT5: 21.6947 | APU5: 21.6506 | APV5: 21.85 | APW5: 20.1082 | APX5: 21.4852 | APY5: 23.6675 | APZ5: 20.6339 | AQA5: 19.8149 | AQB5: 19.6029 | AQC5: 20.0157 | AQD5: 19.8395 | AQE5: 19.8444 | AQF5: 20.9988 | AQG5: 19.9455 | AQH5: 19.8513 | AQI5: 19.4999 | AQJ5: 19.4999 | AQK5: 19.5447 | AQL5: 19.7487 | AQM5: 19.953 | AQN5: 19.516 | AQO5: 19.6252 | AQP5: 19.853 | AQQ5: 20.1918 | AQR5: 20.5299 | AQS5: 21.1897 | AQT5: 22.2601 | AQU5: 20.9062 | AQV5: 19.623 | AQW5: 19.5645 | AQX5: 19.0759 | AQY5: 18.8501 | AQZ5: 19.443 | ARA5: 20.4981 | ARB5: 20.2319 | ARC5: 20.0021 | ARD5: 20.3389 | ARE5: 21.3869 | ARF5: 21.0457 | ARG5: 21.3709 | ARH5: 20.8509 | ARI5: 20.8509 | ARJ5: 20.6488 | ARK5: 21.6727 | ARL5: 22.6499 | ARM5: 22.4758 | ARN5: 23.28 | ARO5: 23.6346 | ARP5: 23.3861 | ARQ5: 22.3794 | ARR5: 22.1144 | ARS5: 21.3668 | ART5: 24.0809 | ARU5: 26.4334 | ARV5: 22.8487 | ARW5: 21.3487 | ARX5: 20.5424 | ARY5: 21.6227 | ARZ5: 21.6758 | ASA5: 22.2357 | ASB5: 21.5522 | ASC5: 22.2391 | ASD5: 21.598 | ASE5: 21.7018 | ASF5: 21.6953 | ASG5: 22.1001 | ASH5: 22.191 | ASI5: 22.8048 | ASJ5: 19.9955 | ASK5: 21.0528 | ASL5: 20.7006 | ASM5: 19.955 | ASN5: 20.2942 | ASO5: 20.9333 | ASP5: 20.4734 | ASQ5: 20.5653 | ASR5: 20.8262 | ASS5: 20.805 | AST5: 21.0655 | ASU5: 21.4864 | ASV5: 21.4914 | ASW5: 22.0336 | ASX5: 22.0336 | ASY5: 22.6758 | ASZ5: 22.8076 | ATA5: 23.6502 | ATB5: 23.3135 | ATC5: 24.2012 | ATD5: 24.7612 | ATE5: 24.7467 | ATF5: 23.9449 | ATG5: 25.2669 | ATH5: 25.8014 | ATI5: 23.0025 | ATJ5: 24.047 | ATK5: 23.9781 | ATL5: 25.4109 | ATM5: 25.8013 | ATN5: 26.4616 | ATO5: 26.7188 | ATP5: 27.6657 | ATQ5: 27.2112 | ATR5: 28.9361 | ATS5: 27.9008 | ATT5: 27.0329 | ATU5: 26.9033 | ATV5: 28.2329 | ATW5: 29.6522 | ATX5: 26.7495 | ATY5: 27.8272 | ATZ5: 28.6508 | AUA5: 27.8902 | AUB5: 28.65 | AUC5: 25.6 | AUD5: 26.1251 | AUE5: 25.8785 | AUF5: 25.8785 | AUG5: 26.692 | AUH5: 27.2855 | AUI5: 26.6863 | AUJ5: 26.5484 | AUK5: 26.65 | AUL5: 26.7436 | AUM5: 27.6514 | AUN5: 28.7376 | AUO5: 31.0263 | AUP5: 32.4205 | AUQ5: 30.7199 | AUR5: 31.2313 | AUS5: 27.2267 | AUT5: 27.4004 | AUU5: 26.525 | AUV5: 26.225 | AUW5: 24.775 | AUX5: 25.225 | AUY5: 25.975 | AUZ5: 25.975 | AVA5: 25.325 | AVB5: 25.075 | AVC5: 25.425 | AVD5: 26.175 | AVE5: 24.825 | AVF5: 24.975 | AVG5: 26.275 | AVH5: 26.425 | AVI5: 27.125 | AVJ5: 25.575 | AVK5: 25.575 | AVL5: 25.625 | AVM5: 26.425 | AVN5: 25.575 | AVO5: 25.625 | AVP5: 25.625 | AVQ5: 26.175 | AVR5: 26.925 | AVS5: 27.125 | AVT5: 25.725 | AVU5: 25.425 | AVV5: 24.1 | AVW5: 24.975 | AVX5: 26.125 | AVY5: 25.575 | AVZ5: 24.675 | AWA5: 24.375 | AWB5: 23.625 | AWC5: 24.325 | AWD5: 24.225 | AWE5: 24.475 | AWF5: 24.325 | AWG5: 24.425 | AWH5: 24.575 | AWI5: 25.025 | AWJ5: 24.825 | AWK5: 24.825 | AWL5: 25.625 | AWM5: 25.725 | AWN5: 25.825 | AWO5: 25.925 | AWP5: 24.875 | AWQ5: 24.025 | AWR5: 24.525 | AWS5: 25.075 | AWT5: 26.575 | AWU5: 24.975 | AWV5: 25.425 | AWW5: 26.275 | AWX5: 27.175 | AWY5: 28.775 | AWZ5: 29.175 | AXA5: 31.575 | AXB5: 33.175 | AXC5: 34.075 | AXD5: 32.575 | AXE5: 34.725 | AXF5: 30.925 | AXG5: 30.375 | AXH5: 28.625 | AXI5: 28.525 | AXJ5: 29.225 | AXK5: 29.975 | AXL5: 30.225 | AXM5: 29.025 | AXN5: 28.875 | AXO5: 28.2 | AXP5: 28.575 | AXQ5: 28.575 | AXR5: 29.025 | AXS5: 30.425 | AXT5: 31.725 | AXU5: 32.225 | AXV5: 32.225 | AXW5: 33.175 | AXX5: 32.475 | AXY5: 32.875 | AXZ5: 32.075 | AYA5: 32.975 | AYB5: 32.925 | AYC5: 33.675 | AYD5: 33.325 | AYE5: 32.175 | AYF5: 31.675 | AYG5: 30.675 | AYH5: 30.575 | AYI5: 30.525 | AYJ5: 30.425 | AYK5: 31.375 | AYL5: 31.875 | AYM5: 32.675 | AYN5: 33.225 | AYO5: 34.625 | AYP5: 36.175 | AYQ5: 36.175 | AYR5: 39.025 | AYS5: 35.325 | AYT5: 33.525 | AYU5: 33.225 | AYV5: 31.675 | AYW5: 31.325 | AYX5: 30.375 | AYY5: 29.475 | AYZ5: 29.575 | AZA5: 29.575 | AZB5: 29.225 | AZC5: 26.225 | AZD5: 25.475 | AZE5: 25.825 | AZF5: 26.975 | AZG5: 26.825 | AZH5: 26.875 | AZI5: 28.175 | AZJ5: 27.125 | AZK5: 27.825 | AZL5: 27.875 | AZM5: 28.125 | AZN5: 28.425 | AZO5: 29.375 | AZP5: 29.625 | AZQ5: 29.825 | AZR5: 29.475 | AZS5: 29.875 | AZT5: 29.925 | AZU5: 30.525 | AZV5: 30.275 | AZW5: 27.25 | AZX5: 27.825 | AZY5: 27.525 | AZZ5: 28.975 | BAA5: 30.275 | BAB5: 30.375 | BAC5: 31.275 | BAD5: 32.975 | BAE5: 30.325 | BAF5: 31.225 | BAG5: 30.425 | BAH5: 31.125 | BAI5: 30.2 | BAJ5: 30.075 | BAK5: 30.075 | BAL5: 30.825 | BAM5: 31.825 | BAN5: 32.825 | BAO5: 34.475 | BAP5: 32.325 | BAQ5: 33.475 | BAR5: 31.925 | BAS5: 31.675 | BAT5: 34.725 | BAU5: 33.375 | BAV5: 33.625 | BAW5: 33.625 | BAX5: 34.075 | BAY5: 34.825 | BAZ5: 39.675 | BBA5: 29.025 | BBB5: 29.575 | BBC5: 27.925 | BBD5: 27.175 | BBE5: 28.725 | BBF5: 29.075 | BBG5: 30.025 | BBH5: 30.775 | BBI5: 30.175 | BBJ5: 31.125 | BBK5: 30.075 | BBL5: 30.475 | BBM5: 31.075 | BBN5: 31.075 | BBO5: 31.625 | BBP5: 29.775 | BBQ5: 32.075 | BBR5: 30.1 | BBS5: 32.725 | BBT5: 32.925 | BBU5: 34.925 | BBV5: 32.925 | BBW5: 29.025 | BBX5: 30.725 | BBY5: 32.625 | BBZ5: 34.575
