Workbook

Sheet meets
A1: columnsssssssssssssssssssssssssssssssssssssssssssssssssssssssssssssssssssssssssssssssssssssssssssssssssssssssssssssssssssssssssssssssssssssssssssssssssssssssssss | B1: latest date in settlement data | E1: =B2 -> 45930
A2: Dates | B2: ='meeting pricing hist'!B25 -> 45930 | C2: ='meeting pricing hist'!C25 -> 45929 | D2: ='meeting pricing hist'!D25 -> 45926 | E2: ='meeting pricing hist'!E25 -> 45925 | F2: ='meeting pricing hist'!F25 -> 45924 | G2: ='meeting pricing hist'!G25 -> 45923 | H2: ='meeting pricing hist'!H25 -> 45922 | I2: ='meeting pricing hist'!I25 -> 45919 | ... CAO2: ='meeting pricing hist'!CAO25 -> 0
A3: F1 Comdty | B3: =[1]exposure!Y102/100 -> -0.22314655 | C3: ='meeting pricing hist'!C26/400 -> -0.22325 | D3: ='meeting pricing hist'!D26/400 -> -0.2245 | E3: ='meeting pricing hist'!E26/400 -> -0.21925 | F3: ='meeting pricing hist'!F26/400 -> -0.22975 | G3: ='meeting pricing hist'!G26/400 -> -0.23525 | H3: ='meeting pricing hist'!H26/400 -> -0.2245 | I3: ='meeting pricing hist'!I26/400 -> -0.22975 | J3: ='meeting pricing hist'!J26/400 -> -0.22975 | ... CAO3: ='meeting pricing hist'!CAO26/400 -> 0
A4: F2 Comdty | B4: =[1]exposure!Y103/100 -> -0.19190476 | C4: ='meeting pricing hist'!C27/400 -> -0.1975 | D4: ='meeting pricing hist'!D27/400 -> -0.18275 | E4: ='meeting pricing hist'!E27/400 -> -0.17325 | F4: ='meeting pricing hist'!F27/400 -> -0.202 | G4: ='meeting pricing hist'!G27/400 -> -0.20175 | H4: ='meeting pricing hist'!H27/400 -> -0.2045 | I4: ='meeting pricing hist'!I27/400 -> -0.21675 | J4: ='meeting pricing hist'!J27/400 -> -0.21875 | ... CAO4: ='meeting pricing hist'!CAO27/400 -> 0
A5: F3 Comdty | B5: =[1]exposure!Y104/100 -> -0.094107143 | C5: ='meeting pricing hist'!C28/400 -> -0.0925 | D5: ='meeting pricing hist'!D28/400 -> -0.09225 | E5: ='meeting pricing hist'!E28/400 -> -0.08675 | F5: ='meeting pricing hist'!F28/400 -> -0.108 | G5: ='meeting pricing hist'!G28/400 -> -0.11325 | H5: ='meeting pricing hist'!H28/400 -> -0.1105 | I5: ='meeting pricing hist'!I28/400 -> -0.11325 | J5: ='meeting pricing hist'!J28/400 -> -0.12625 | ... CAO5: ='meeting pricing hist'!CAO28/400 -> 0
A6: F4 Comdty | B6: =[1]exposure!Y105/100 -> -0.10730769 | C6: ='meeting pricing hist'!C29/400 -> -0.1035 | D6: ='meeting pricing hist'!D29/400 -> -0.098 | E6: ='meeting pricing hist'!E29/400 -> -0.09675 | F6: ='meeting pricing hist'!F29/400 -> -0.1115 | G6: ='meeting pricing hist'!G29/400 -> -0.1155 | H6: ='meeting pricing hist'!H29/400 -> -0.1155 | I6: ='meeting pricing hist'!I29/400 -> -0.132 | J6: ='meeting pricing hist'!J29/400 -> -0.13325 | ... CAO6: ='meeting pricing hist'!CAO29/400 -> 0
A7: F5 Comdty | B7: =[1]exposure!Y106/100 -> -0.054310345 | C7: ='meeting pricing hist'!C30/400 -> -0.0565 | D7: ='meeting pricing hist'!D30/400 -> -0.057 | E7: ='meeting pricing hist'!E30/400 -> -0.05575 | F7: ='meeting pricing hist'!F30/400 -> -0.0635 | G7: ='meeting pricing hist'!G30/400 -> -0.0695 | H7: ='meeting pricing hist'!H30/400 -> -0.0695 | I7: ='meeting pricing hist'!I30/400 -> -0.068 | J7: ='meeting pricing hist'!J30/400 -> -0.07175 | ... CAO7: ='meeting pricing hist'!CAO30/400 -> 0
A8: F6 Comdty | B8: =[1]exposure!Y107/100 -> -0.13269231 | C8: ='meeting pricing hist'!C31/400 -> -0.13525 | D8: ='meeting pricing hist'!D31/400 -> -0.13525 | E8: ='meeting pricing hist'!E31/400 -> -0.13825 | F8: ='meeting pricing hist'!F31/400 -> -0.1395 | G8: ='meeting pricing hist'!G31/400 -> -0.14175 | H8: ='meeting pricing hist'!H31/400 -> -0.14475 | I8: ='meeting pricing hist'!I31/400 -> -0.15025 | J8: ='meeting pricing hist'!J31/400 -> -0.15025 | ... CAO8: ='meeting pricing hist'!CAO31/400 -> 0
A9: F7 Comdty | B9: =[1]exposure!Y108/100 -> -0.074827586 | C9: ='meeting pricing hist'!C32/400 -> -0.07225 | D9: ='meeting pricing hist'!D32/400 -> -0.07225 | E9: ='meeting pricing hist'!E32/400 -> -0.07175 | F9: ='meeting pricing hist'!F32/400 -> -0.0705 | G9: ='meeting pricing hist'!G32/400 -> -0.07825 | H9: ='meeting pricing hist'!H32/400 -> -0.07525 | I9: ='meeting pricing hist'!I32/400 -> -0.06975 | J9: ='meeting pricing hist'!J32/400 -> -0.07225 | ... CAO9: ='meeting pricing hist'!CAO32/400 -> 0
A10: F8 Comdty | B10: =[1]exposure!Y109/100 -> -0.080357143 | C10: ='meeting pricing hist'!C33/400 -> -0.08225 | D10: ='meeting pricing hist'!D33/400 -> -0.0795 | E10: ='meeting pricing hist'!E33/400 -> -0.086 | F10: ='meeting pricing hist'!F33/400 -> -0.08625 | G10: ='meeting pricing hist'!G33/400 -> -0.0835 | H10: ='meeting pricing hist'!H33/400 -> -0.0835 | I10: ='meeting pricing hist'!I33/400 -> -0.0865 | J10: ='meeting pricing hist'!J33/400 -> -0.08375 | ... CAO10: ='meeting pricing hist'!CAO33/400 -> 0
A11: F9 Comdty | B11: =[1]exposure!Y110/100 -> -0.035982143 | C11: ='meeting pricing hist'!C34/400 -> -0.03775 | D11: ='meeting pricing hist'!D34/400 -> -0.0405 | E11: ='meeting pricing hist'!E34/400 -> -0.0365 | F11: ='meeting pricing hist'!F34/400 -> -0.03375 | G11: ='meeting pricing hist'!G34/400 -> -0.039 | H11: ='meeting pricing hist'!H34/400 -> -0.0365 | I11: ='meeting pricing hist'!I34/400 -> -0.031 | J11: ='meeting pricing hist'!J34/400 -> -0.03375 | ... CAO11: ='meeting pricing hist'!CAO34/400 -> 0
A12: F10 Comdty | B12: =[1]exposure!Y111/100 -> -0.031704545 | C12: ='meeting pricing hist'!C35/400 -> -0.03825 | D12: ='meeting pricing hist'!D35/400 -> -0.02975 | E12: ='meeting pricing hist'!E35/400 -> -0.0205 | F12: ='meeting pricing hist'!F35/400 -> -0.03425 | G12: ='meeting pricing hist'!G35/400 -> -0.03625 | H12: ='meeting pricing hist'!H35/400 -> -0.031 | I12: ='meeting pricing hist'!I35/400 -> -0.03175 | J12: ='meeting pricing hist'!J35/400 -> -0.02375 | ... CAO12: ='meeting pricing hist'!CAO35/400 -> 0
A13: F11 Comdty | B13: =[1]exposure!Y112/100 -> -0.064289773 | C13: ='meeting pricing hist'!C36/400 -> -0.22325 | D13: ='meeting pricing hist'!D36/400 -> -0.2245 | E13: ='meeting pricing hist'!E36/400 -> -0.21925 | F13: ='meeting pricing hist'!F36/400 -> -0.22975 | G13: ='meeting pricing hist'!G36/400 -> -0.23525 | H13: ='meeting pricing hist'!H36/400 -> -0.2245 | I13: ='meeting pricing hist'!I36/400 -> -0.22975 | J13: ='meeting pricing hist'!J36/400 -> -0.22975 | ... CAO13: ='meeting pricing hist'!CAO36/400 -> 0
A14: F12 Comdty | B14: =[1]exposure!Y113/100 -> -0.028703704 | C14: ='meeting pricing hist'!C37/400 -> -0.22325 | D14: ='meeting pricing hist'!D37/400 -> -0.2245 | E14: ='meeting pricing hist'!E37/400 -> -0.21925 | F14: ='meeting pricing hist'!F37/400 -> -0.22975 | G14: ='meeting pricing hist'!G37/400 -> -0.23525 | H14: ='meeting pricing hist'!H37/400 -> -0.2245 | I14: ='meeting pricing hist'!I37/400 -> -0.22975 | J14: ='meeting pricing hist'!J37/400 -> -0.22975 | ... CAO14: ='meeting pricing hist'!CAO37/400 -> 0
... A17: F15 Comdty | B17: =[1]exposure!Y116/100 -> 0.057142857 | C17: ='meeting pricing hist'!C40/400 -> -0.22325 | D17: ='meeting pricing hist'!D40/400 -> -0.2245 | E17: ='meeting pricing hist'!E40/400 -> -0.21925 | F17: ='meeting pricing hist'!F40/400 -> -0.22975 | G17: ='meeting pricing hist'!G40/400 -> -0.23525 | H17: ='meeting pricing hist'!H40/400 -> -0.2245 | I17: ='meeting pricing hist'!I40/400 -> -0.22975 | J17: ='meeting pricing hist'!J40/400 -> -0.22975 | ... CAO17: ='meeting pricing hist'!CAO40/400 -> 0

Sheet meeting pricing hist
