Workbook

Sheet SZI0
A1: coulmnsss
A2: ='FF PX'!A2 -> Dates | B2: ='FF PX'!B2 -> 45946 | C2: ='FF PX'!C2 -> 45945 | D2: ='FF PX'!D2 -> 45944 | E2: ='FF PX'!E2 -> 45943 | F2: ='FF PX'!F2 -> 45940 | G2: ='FF PX'!G2 -> 45939 | H2: ='FF PX'!H2 -> 45938 | ... BSC2: ='FF PX'!BSC2 -> 43361
A3: SZI01 | B3: =RTD!B2 -> -8 | C3: =(-'FF PX'!C3+'SOFR1mo PX'!C3)*100 -> -7.5 | D3: =(-'FF PX'!D3+'SOFR1mo PX'!D3)*100 -> -6.5 | E3: =(-'FF PX'!E3+'SOFR1mo PX'!E3)*100 -> -6 | F3: =(-'FF PX'!F3+'SOFR1mo PX'!F3)*100 -> -5.75 | G3: =(-'FF PX'!G3+'SOFR1mo PX'!G3)*100 -> -5.5 | H3: =(-'FF PX'!H3+'SOFR1mo PX'!H3)*100 -> -6 | I3: =(-'FF PX'!I3+'SOFR1mo PX'!I3)*100 -> -6.5 | J3: =(-'FF PX'!J3+'SOFR1mo PX'!J3)*100 -> -6.5 | ... BSC3: =(-'FF PX'!BSC3+'SOFR1mo PX'!BSC3)*100 -> -3
A4: SZI02 | B4: =RTD!B3 -> -8 | C4: =(-'FF PX'!C4+'SOFR1mo PX'!C4)*100 -> -7.5 | D4: =(-'FF PX'!D4+'SOFR1mo PX'!D4)*100 -> -7 | E4: =(-'FF PX'!E4+'SOFR1mo PX'!E4)*100 -> -6.5 | F4: =(-'FF PX'!F4+'SOFR1mo PX'!F4)*100 -> -6.5 | G4: =(-'FF PX'!G4+'SOFR1mo PX'!G4)*100 -> -6 | H4: =(-'FF PX'!H4+'SOFR1mo PX'!H4)*100 -> -6.5 | I4: =(-'FF PX'!I4+'SOFR1mo PX'!I4)*100 -> -7 | J4: =(-'FF PX'!J4+'SOFR1mo PX'!J4)*100 -> -7 | ... BSC4: =(-'FF PX'!BSC4+'SOFR1mo PX'!BSC4)*100 -> -2
A5: SZI03 | B5: =RTD!B4 -> -9.5 | C5: =(-'FF PX'!C5+'SOFR1mo PX'!C5)*100 -> -9.5 | D5: =(-'FF PX'!D5+'SOFR1mo PX'!D5)*100 -> -8.5 | E5: =(-'FF PX'!E5+'SOFR1mo PX'!E5)*100 -> -9 | F5: =(-'FF PX'!F5+'SOFR1mo PX'!F5)*100 -> -8.5 | G5: =(-'FF PX'!G5+'SOFR1mo PX'!G5)*100 -> -8.5 | H5: =(-'FF PX'!H5+'SOFR1mo PX'!H5)*100 -> -8.5 | I5: =(-'FF PX'!I5+'SOFR1mo PX'!I5)*100 -> -9 | J5: =(-'FF PX'!J5+'SOFR1mo PX'!J5)*100 -> -9.5 | ... BSC5: =(-'FF PX'!BSC5+'SOFR1mo PX'!BSC5)*100 -> -3
A6: SZI04 | B6: =RTD!B5 -> -7 | C6: =(-'FF PX'!C6+'SOFR1mo PX'!C6)*100 -> -7 | D6: =(-'FF PX'!D6+'SOFR1mo PX'!D6)*100 -> -6.5 | E6: =(-'FF PX'!E6+'SOFR1mo PX'!E6)*100 -> -7 | F6: =(-'FF PX'!F6+'SOFR1mo PX'!F6)*100 -> -6.5 | G6: =(-'FF PX'!G6+'SOFR1mo PX'!G6)*100 -> -7 | H6: =(-'FF PX'!H6+'SOFR1mo PX'!H6)*100 -> -6.5 | I6: =(-'FF PX'!I6+'SOFR1mo PX'!I6)*100 -> -7 | J6: =(-'FF PX'!J6+'SOFR1mo PX'!J6)*100 -> -7.5 | ... BSC6: =(-'FF PX'!BSC6+'SOFR1mo PX'!BSC6)*100 -> -3
A7: SZI05 | B7: =RTD!B6 -> -6 | C7: =(-'FF PX'!C7+'SOFR1mo PX'!C7)*100 -> -6 | D7: =(-'FF PX'!D7+'SOFR1mo PX'!D7)*100 -> -5.5 | E7: =(-'FF PX'!E7+'SOFR1mo PX'!E7)*100 -> -6 | F7: =(-'FF PX'!F7+'SOFR1mo PX'!F7)*100 -> -5.5 | G7: =(-'FF PX'!G7+'SOFR1mo PX'!G7)*100 -> -6 | H7: =(-'FF PX'!H7+'SOFR1mo PX'!H7)*100 -> -5.5 | I7: =(-'FF PX'!I7+'SOFR1mo PX'!I7)*100 -> -6 | J7: =(-'FF PX'!J7+'SOFR1mo PX'!J7)*100 -> -6.5 | ... BSC7: =(-'FF PX'!BSC7+'SOFR1mo PX'!BSC7)*100 -> -2
A8: SZI06 | B8: =RTD!B7 -> -6.5 | C8: =(-'FF PX'!C8+'SOFR1mo PX'!C8)*100 -> -6.5 | D8: =(-'FF PX'!D8+'SOFR1mo PX'!D8)*100 -> -6 | E8: =(-'FF PX'!E8+'SOFR1mo PX'!E8)*100 -> -6.5 | F8: =(-'FF PX'!F8+'SOFR1mo PX'!F8)*100 -> -6.5 | G8: =(-'FF PX'!G8+'SOFR1mo PX'!G8)*100 -> -6.5 | H8: =(-'FF PX'!H8+'SOFR1mo PX'!H8)*100 -> -6.5 | I8: =(-'FF PX'!I8+'SOFR1mo PX'!I8)*100 -> -6.5 | J8: =(-'FF PX'!J8+'SOFR1mo PX'!J8)*100 -> -7 | ... BSC8: =(-'FF PX'!BSC8+'SOFR1mo PX'!BSC8)*100 -> -2.5
A9: SZI07 | B9: =RTD!B8 -> -6 | C9: =(-'FF PX'!C9+'SOFR1mo PX'!C9)*100 -> -4 | D9: =(-'FF PX'!D9+'SOFR1mo PX'!D9)*100 -> 3.5 | E9: =(-'FF PX'!E9+'SOFR1mo PX'!E9)*100 -> 2.5 | F9: =(-'FF PX'!F9+'SOFR1mo PX'!F9)*100 -> -1 | G9: =(-'FF PX'!G9+'SOFR1mo PX'!G9)*100 -> -8 | H9: =(-'FF PX'!H9+'SOFR1mo PX'!H9)*100 -> -9.5 | I9: =(-'FF PX'!I9+'SOFR1mo PX'!I9)*100 -> -10.5 | J9: =(-'FF PX'!J9+'SOFR1mo PX'!J9)*100 -> -10.5 | ... BSC9: =(-'FF PX'!BSC9+'SOFR1mo PX'!BSC9)*100 -> -3
A10: SZI08 | B10: =RTD!B9 -> -5.5 | C10: =(-'FF PX'!C10+'SOFR1mo PX'!C10)*100 -> -5 | D10: =(-'FF PX'!D10+'SOFR1mo PX'!D10)*100 -> -5 | E10: =(-'FF PX'!E10+'SOFR1mo PX'!E10)*100 -> -5.5 | F10: =(-'FF PX'!F10+'SOFR1mo PX'!F10)*100 -> -5.5 | G10: =(-'FF PX'!G10+'SOFR1mo PX'!G10)*100 -> -5.5 | H10: =(-'FF PX'!H10+'SOFR1mo PX'!H10)*100 -> -5.5 | I10: =(-'FF PX'!I10+'SOFR1mo PX'!I10)*100 -> -5.5 | J10: =(-'FF PX'!J10+'SOFR1mo PX'!J10)*100 -> -6 | ... BSC10: =(-'FF PX'!BSC10+'SOFR1mo PX'!BSC10)*100 -> 19
A11: SZI09 | B11: =RTD!B10 -> -6 | C11: =(-'FF PX'!C11+'SOFR1mo PX'!C11)*100 -> -5.5 | D11: =(-'FF PX'!D11+'SOFR1mo PX'!D11)*100 -> -6 | E11: =(-'FF PX'!E11+'SOFR1mo PX'!E11)*100 -> -6 | F11: =(-'FF PX'!F11+'SOFR1mo PX'!F11)*100 -> -6 | G11: =(-'FF PX'!G11+'SOFR1mo PX'!G11)*100 -> -6 | H11: =(-'FF PX'!H11+'SOFR1mo PX'!H11)*100 -> -6 | I11: =(-'FF PX'!I11+'SOFR1mo PX'!I11)*100 -> -6.5 | J11: =(-'FF PX'!J11+'SOFR1mo PX'!J11)*100 -> -6.5 | ... BSC11: =(-'FF PX'!BSC11+'SOFR1mo PX'!BSC11)*100 -> #VALUE!
A12: SZI10 | B12: =RTD!B11 -> -5.25 | C12: =(-'FF PX'!C12+'SOFR1mo PX'!C12)*100 -> -5 | D12: =(-'FF PX'!D12+'SOFR1mo PX'!D12)*100 -> -5.5 | E12: =(-'FF PX'!E12+'SOFR1mo PX'!E12)*100 -> -5.5 | F12: =(-'FF PX'!F12+'SOFR1mo PX'!F12)*100 -> -5.5 | G12: =(-'FF PX'!G12+'SOFR1mo PX'!G12)*100 -> -5 | H12: =(-'FF PX'!H12+'SOFR1mo PX'!H12)*100 -> -5.5 | I12: =(-'FF PX'!I12+'SOFR1mo PX'!I12)*100 -> -6 | J12: =(-'FF PX'!J12+'SOFR1mo PX'!J12)*100 -> -6 | ... BSC12: =(-'FF PX'!BSC12+'SOFR1mo PX'!BSC12)*100 -> #VALUE!
A13: SZI11 | B13: =RTD!B12 -> -5 | C13: =(-'FF PX'!C13+'SOFR1mo PX'!C13)*100 -> -5 | D13: =(-'FF PX'!D13+'SOFR1mo PX'!D13)*100 -> -5.5 | E13: =(-'FF PX'!E13+'SOFR1mo PX'!E13)*100 -> -5.5 | F13: =(-'FF PX'!F13+'SOFR1mo PX'!F13)*100 -> -5.5 | G13: =(-'FF PX'!G13+'SOFR1mo PX'!G13)*100 -> -5 | H13: =(-'FF PX'!H13+'SOFR1mo PX'!H13)*100 -> -5.5 | I13: =(-'FF PX'!I13+'SOFR1mo PX'!I13)*100 -> -6 | J13: =(-'FF PX'!J13+'SOFR1mo PX'!J13)*100 -> -6 | ... BSC13: =(-'FF PX'!BSC13+'SOFR1mo PX'!BSC13)*100 -> #VALUE!
A14: SZI12 | B14: =RTD!B13 -> -5.75 | C14: =(-'FF PX'!C14+'SOFR1mo PX'!C14)*100 -> -4 | D14: =(-'FF PX'!D14+'SOFR1mo PX'!D14)*100 -> 7 | E14: =(-'FF PX'!E14+'SOFR1mo PX'!E14)*100 -> 5.5 | F14: =(-'FF PX'!F14+'SOFR1mo PX'!F14)*100 -> 0.5 | G14: =(-'FF PX'!G14+'SOFR1mo PX'!G14)*100 -> -7 | H14: =(-'FF PX'!H14+'SOFR1mo PX'!H14)*100 -> -9.5 | I14: =(-'FF PX'!I14+'SOFR1mo PX'!I14)*100 -> -10.5 | J14: =(-'FF PX'!J14+'SOFR1mo PX'!J14)*100 -> -11 | ... BSC14: =(-'FF PX'!BSC14+'SOFR1mo PX'!BSC14)*100 -> #VALUE!
A15: SZI13 | B15: =RTD!B14 -> -5.25 | C15: =(-'FF PX'!C15+'SOFR1mo PX'!C15)*100 -> -5 | D15: =(-'FF PX'!D15+'SOFR1mo PX'!D15)*100 -> -5.5 | E15: =(-'FF PX'!E15+'SOFR1mo PX'!E15)*100 -> -5.5 | F15: =(-'FF PX'!F15+'SOFR1mo PX'!F15)*100 -> -5.5 | G15: =(-'FF PX'!G15+'SOFR1mo PX'!G15)*100 -> -5 | H15: =(-'FF PX'!H15+'SOFR1mo PX'!H15)*100 -> -5.5 | I15: =(-'FF PX'!I15+'SOFR1mo PX'!I15)*100 -> -6 | J15: =(-'FF PX'!J15+'SOFR1mo PX'!J15)*100 -> -5.5 | ... BSC15: =(-'FF PX'!BSC15+'SOFR1mo PX'!BSC15)*100 -> #VALUE!

Sheet FF PX
A1: Column1 | B1: Column2 | C1: Column3 | D1: Column4 | E1: Column5 | F1: Column6 | G1: Column7 | H1: Column8 | I1: Column9 | J1: Column10 | K1: Column11 | L1: Column12 | M1: Column13 | N1: Column14 | O1: Column15 | P1: Column16 | Q1: Column17 | R1: Column18 | S1: Column19 | T1: Column20 | U1: Column21 | V1: Column22 | W1: Column23 | X1: Column24 | Y1: Column25 | Z1: Column26 | AA1: Column27 | AB1: Column28 | AC1: Column29 | AD1: Column30 | AE1: Column31 | AF1: Column32 | AG1: Column33 | AH1: Column34 | AI1: Column35 | AJ1: Column36 | AK1: Column37 | AL1: Column38 | AM1: Column39 | AN1: Column40 | AO1: Column41 | AP1: Column42 | AQ1: Column43 | AR1: Column44 | AS1: Column45 | AT1: Column46 | AU1: Column47 | AV1: Column48 | AW1: Column49 | AX1: Column50 | AY1: Column51 | AZ1: Column52 | BA1: Column53 | BB1: Column54 | BC1: Column55 | BD1: Column56 | BE1: Column57 | BF1: Column58 | BG1: Column59 | BH1: Column60 | BI1: Column61 | BJ1: Column62 | BK1: Column63 | BL1: Column64 | BM1: Column65 | BN1: Column66 | BO1: Column67 | BP1: Column68 | BQ1: Column69 | BR1: Column70 | BS1: Column71 | BT1: Column72 | BU1: Column73 | BV1: Column74 | BW1: Column75 | BX1: Column76 | BY1: Column77 | BZ1: Column78 | CA1: Column79 | CB1: Column80 | CC1: Column81 | CD1: Column82 | CE1: Column83 | CF1: Column84 | CG1: Column85 | CH1: Column86 | CI1: Column87 | CJ1: Column88 | CK1: Column89 | CL1: Column90 | CM1: Column91 | CN1: Column92 | CO1: Column93 | CP1: Column94 | CQ1: Column95 | CR1: Column96 | CS1: Column97 | CT1: Column98 | CU1: Column99 | CV1: Column100 | CW1: Column101 | CX1: Column102 | CY1: Column103 | CZ1: Column104 | DA1: Column105 | DB1: Column106 | DC1: Column107 | DD1: Column108 | DE1: Column109 | DF1: Column110 | DG1: Column111 | DH1: Column112 | DI1: Column113 | DJ1: Column114 | DK1: Column115 | DL1: Column116 | DM1: Column117 | DN1: Column118 | DO1: Column119 | DP1: Column120 | DQ1: Column121 | DR1: Column122 | DS1: Column123 | DT1: Column124 | DU1: Column125 | DV1: Column126 | DW1: Column127 | DX1: Column128 | DY1: Column129 | DZ1: Column130 | EA1: Column131 | EB1: Column132 | EC1: Column133 | ED1: Column134 | EE1: Column135 | EF1: Column136 | EG1: Column137 | EH1: Column138 | EI1: Column139 | EJ1: Column140 | EK1: Column141 | EL1: Column142 | EM1: Column143 | EN1: Column144 | EO1: Column145 | EP1: Column146 | EQ1: Column147 | ER1: Column148 | ES1: Column149 | ET1: Column150 | EU1: Column151 | EV1: Column152 | EW1: Column153 | EX1: Column154 | EY1: Column155 | EZ1: Column156 | FA1: Column157 | FB1: Column158 | FC1: Column159 | FD1: Column160 | FE1: Column161 | FF1: Column162 | FG1: Column163 | FH1: Column164 | FI1: Column165 | FJ1: Column166 | FK1: Column167 | FL1: Column168 | FM1: Column169 | FN1: Column170 | FO1: Column171 | FP1: Column172 | FQ1: Column173 | FR1: Column174 | FS1: Column175 | FT1: Column176 | FU1: Column177 | FV1: Column178 | FW1: Column179 | FX1: Column180 | FY1: Column181 | FZ1: Column182 | GA1: Column183 | GB1: Column184 | GC1: Column185 | GD1: Column186 | GE1: Column187 | GF1: Column188 | GG1: Column189 | GH1: Column190 | GI1: Column191 | GJ1: Column192 | GK1: Column193 | GL1: Column194 | GM1: Column195 | GN1: Column196 | GO1: Column197 | GP1: Column198 | GQ1: Column199 | GR1: Column200 | GS1: Column201 | GT1: Column202 | GU1: Column203 | GV1: Column204 | GW1: Column205 | GX1: Column206 | GY1: Column207 | GZ1: Column208 | HA1: Column209 | HB1: Column210 | HC1: Column211 | HD1: Column212 | HE1: Column213 | HF1: Column214 | HG1: Column215 | HH1: Column216 | HI1: Column217 | HJ1: Column218 | HK1: Column219 | HL1: Column220 | HM1: Column221 | HN1: Column222 | HO1: Column223 | HP1: Column224 | HQ1: Column225 | HR1: Column226 | HS1: Column227 | HT1: Column228 | HU1: Column229 | HV1: Column230 | HW1: Column231 | HX1: Column232 | HY1: Column233 | HZ1: Column234 | IA1: Column235 | IB1: Column236 | IC1: Column237 | ID1: Column238 | IE1: Column239 | IF1: Column240 | IG1: Column241 | IH1: Column242 | II1: Column243 | IJ1: Column244 | IK1: Column245 | IL1: Column246 | IM1: Column247 | IN1: Column248 | IO1: Column249 | IP1: Column250 | IQ1: Column251 | IR1: Column252 | IS1: Column253 | IT1: Column254 | IU1: Column255 | IV1: Column256 | IW1: Column257 | IX1: Column258 | IY1: Column259 | IZ1: Column260 | JA1: Column261 | JB1: Column262 | JC1: Column263 | JD1: Column264 | JE1: Column265 | JF1: Column266 | JG1: Column267 | JH1: Column268 | JI1: Column269 | JJ1: Column270 | JK1: Column271 | JL1: Column272 | JM1: Column273 | JN1: Column274 | JO1: Column275 | JP1: Column276 | JQ1: Column277 | JR1: Column278 | JS1: Column279 | JT1: Column280 | JU1: Column281 | JV1: Column282 | JW1: Column283 | JX1: Column284 | JY1: Column285 | JZ1: Column286 | KA1: Column287 | KB1: Column288 | KC1: Column289 | KD1: Column290 | KE1: Column291 | KF1: Column292 | KG1: Column293 | KH1: Column294 | KI1: Column295 | KJ1: Column296 | KK1: Column297 | KL1: Column298 | KM1: Column299 | KN1: Column300 | KO1: Column301 | KP1: Column302 | KQ1: Column303 | KR1: Column304 | KS1: Column305 | KT1: Column306 | KU1: Column307 | KV1: Column308 | KW1: Column309 | KX1: Column310 | KY1: Column311 | KZ1: Column312 | LA1: Column313 | LB1: Column314 | LC1: Column315 | LD1: Column316 | LE1: Column317 | LF1: Column318 | LG1: Column319 | LH1: Column320 | LI1: Column321 | LJ1: Column322 | LK1: Column323 | LL1: Column324 | LM1: Column325 | LN1: Column326 | LO1: Column327 | LP1: Column328 | LQ1: Column329 | LR1: Column330 | LS1: Column331 | LT1: Column332 | LU1: Column333 | LV1: Column334 | LW1: Column335 | LX1: Column336 | LY1: Column337 | LZ1: Column338 | MA1: Column339 | MB1: Column340 | MC1: Column341 | MD1: Column342 | ME1: Column343 | MF1: Column344 | MG1: Column345 | MH1: Column346 | MI1: Column347 | MJ1: Column348 | MK1: Column349 | ML1: Column350 | MM1: Column351 | MN1: Column352 | MO1: Column353 | MP1: Column354 | MQ1: Column355 | MR1: Column356 | MS1: Column357 | MT1: Column358 | MU1: Column359 | MV1: Column360 | MW1: Column361 | MX1: Column362 | MY1: Column363 | MZ1: Column364 | NA1: Column365 | NB1: Column366 | NC1: Column367 | ND1: Column368 | NE1: Column369 | NF1: Column370 | NG1: Column371 | NH1: Column372 | NI1: Column373 | NJ1: Column374 | NK1: Column375 | NL1: Column376 | NM1: Column377 | NN1: Column378 | NO1: Column379 | NP1: Column380 | NQ1: Column381 | NR1: Column382 | NS1: Column383 | NT1: Column384 | NU1: Column385 | NV1: Column386 | NW1: Column387 | NX1: Column388 | NY1: Column389 | NZ1: Column390 | OA1: Column391 | OB1: Column392 | OC1: Column393 | OD1: Column394 | OE1: Column395 | OF1: Column396 | OG1: Column397 | OH1: Column398 | OI1: Column399 | OJ1: Column400 | OK1: Column401 | OL1: Column402 | OM1: Column403 | ON1: Column404 | OO1: Column405 | OP1: Column406 | OQ1: Column407 | OR1: Column408 | OS1: Column409 | OT1: Column410 | OU1: Column411 | OV1: Column412 | OW1: Column413 | OX1: Column414 | OY1: Column415 | OZ1: Column416 | PA1: Column417 | PB1: Column418 | PC1: Column419 | PD1: Column420 | PE1: Column421 | PF1: Column422 | PG1: Column423 | PH1: Column424 | PI1: Column425 | PJ1: Column426 | PK1: Column427 | PL1: Column428 | PM1: Column429 | PN1: Column430 | PO1: Column431 | PP1: Column432 | PQ1: Column433 | PR1: Column434 | PS1: Column435 | PT1: Column436 | PU1: Column437 | PV1: Column438 | PW1: Column439 | PX1: Column440 | PY1: Column441 | PZ1: Column442 | QA1: Column443 | QB1: Column444 | QC1: Column445 | QD1: Column446 | QE1: Column447 | QF1: Column448 | QG1: Column449 | QH1: Column450 | QI1: Column451 | QJ1: Column452 | QK1: Column453 | QL1: Column454 | QM1: Column455 | QN1: Column456 | QO1: Column457 | QP1: Column458 | QQ1: Column459 | QR1: Column460 | QS1: Column461 | QT1: Column462 | QU1: Column463 | QV1: Column464 | QW1: Column465 | QX1: Column466 | QY1: Column467 | QZ1: Column468 | RA1: Column469 | RB1: Column470 | RC1: Column471 | RD1: Column472 | RE1: Column473 | RF1: Column474 | RG1: Column475 | RH1: Column476 | RI1: Column477 | RJ1: Column478 | RK1: Column479 | RL1: Column480 | RM1: Column481 | RN1: Column482 | RO1: Column483 | RP1: Column484 | RQ1: Column485 | RR1: Column486 | RS1: Column487 | RT1: Column488 | RU1: Column489 | RV1: Column490 | RW1: Column491 | RX1: Column492 | RY1: Column493 | RZ1: Column494 | SA1: Column495 | SB1: Column496 | SC1: Column497 | SD1: Column498 | SE1: Column499 | SF1: Column500 | SG1: Column501 | SH1: Column502 | SI1: Column503 | SJ1: Column504 | SK1: Column505 | SL1: Column506 | SM1: Column507 | SN1: Column508 | SO1: Column509 | SP1: Column510 | SQ1: Column511 | SR1: Column512 | SS1: Column513 | ST1: Column514 | SU1: Column515 | SV1: Column516 | SW1: Column517 | SX1: Column518 | SY1: Column519 | SZ1: Column520 | TA1: Column521 | TB1: Column522 | TC1: Column523 | TD1: Column524 | TE1: Column525 | TF1: Column526 | TG1: Column527 | TH1: Column528 | TI1: Column529 | TJ1: Column530 | TK1: Column531 | TL1: Column532 | TM1: Column533 | TN1: Column534 | TO1: Column535 | TP1: Column536 | TQ1: Column537 | TR1: Column538 | TS1: Column539 | TT1: Column540 | TU1: Column541 | TV1: Column542 | TW1: Column543 | TX1: Column544 | TY1: Column545 | TZ1: Column546 | UA1: Column547 | UB1: Column548 | UC1: Column549 | UD1: Column550 | UE1: Column551 | UF1: Column552 | UG1: Column553 | UH1: Column554 | UI1: Column555 | UJ1: Column556 | UK1: Column557 | UL1: Column558 | UM1: Column559 | UN1: Column560 | UO1: Column561 | UP1: Column562 | UQ1: Column563 | UR1: Column564 | US1: Column565 | UT1: Column566 | UU1: Column567 | UV1: Column568 | UW1: Column569 | UX1: Column570 | UY1: Column571 | UZ1: Column572 | VA1: Column573 | VB1: Column574 | VC1: Column575 | VD1: Column576 | VE1: Column577 | VF1: Column578 | VG1: Column579 | VH1: Column580 | VI1: Column581 | VJ1: Column582 | VK1: Column583 | VL1: Column584 | VM1: Column585 | VN1: Column586 | VO1: Column587 | VP1: Column588 | VQ1: Column589 | VR1: Column590 | VS1: Column591 | VT1: Column592 | VU1: Column593 | VV1: Column594 | VW1: Column595 | VX1: Column596 | VY1: Column597 | VZ1: Column598 | WA1: Column599 | WB1: Column600 | WC1: Column601 | WD1: Column602 | WE1: Column603 | WF1: Column604 | WG1: Column605 | WH1: Column606 | WI1: Column607 | WJ1: Column608 | WK1: Column609 | WL1: Column610 | WM1: Column611 | WN1: Column612 | WO1: Column613 | WP1: Column614 | WQ1: Column615 | WR1: Column616 | WS1: Column617 | WT1: Column618 | WU1: Column619 | WV1: Column620 | WW1: Column621 | WX1: Column622 | WY1: Column623 | WZ1: Column624 | XA1: Column625 | XB1: Column626 | XC1: Column627 | XD1: Column628 | XE1: Column629 | XF1: Column630 | XG1: Column631 | XH1: Column632 | XI1: Column633 | XJ1: Column634 | XK1: Column635 | XL1: Column636 | XM1: Column637 | XN1: Column638 | XO1: Column639 | XP1: Column640 | XQ1: Column641 | XR1: Column642 | XS1: Column643 | XT1: Column644 | XU1: Column645 | XV1: Column646 | XW1: Column647 | XX1: Column648 | XY1: Column649 | XZ1: Column650 | YA1: Column651 | YB1: Column652 | YC1: Column653 | YD1: Column654 | YE1: Column655 | YF1: Column656 | YG1: Column657 | YH1: Column658 | YI1: Column659 | YJ1: Column660 | YK1: Column661 | YL1: Column662 | YM1: Column663 | YN1: Column664 | YO1: Column665 | YP1: Column666 | YQ1: Column667 | YR1: Column668 | YS1: Column669 | YT1: Column670 | YU1: Column671 | YV1: Column672 | YW1: Column673 | YX1: Column674 | YY1: Column675 | YZ1: Column676 | ZA1: Column677 | ZB1: Column678 | ZC1: Column679 | ZD1: Column680 | ZE1: Column681 | ZF1: Column682 | ZG1: Column683 | ZH1: Column684 | ZI1: Column685 | ZJ1: Column686 | ZK1: Column687 | ZL1: Column688 | ZM1: Column689 | ZN1: Column690 | ZO1: Column691 | ZP1: Column692 | ZQ1: Column693 | ZR1: Column694 | ZS1: Column695 | ZT1: Column696 | ZU1: Column697 | ZV1: Column698 | ZW1: Column699 | ZX1: Column700 | ZY1: Column701 | ZZ1: Column702 | AAA1: Column703 | AAB1: Column704 | AAC1: Column705 | AAD1: Column706 | AAE1: Column707 | AAF1: Column708 | AAG1: Column709 | AAH1: Column710 | AAI1: Column711 | AAJ1: Column712 | AAK1: Column713 | AAL1: Column714 | AAM1: Column715 | AAN1: Column716 | AAO1: Column717 | AAP1: Column718 | AAQ1: Column719 | AAR1: Column720 | AAS1: Column721 | AAT1: Column722 | AAU1: Column723 | AAV1: Column724 | AAW1: Column725 | AAX1: Column726 | AAY1: Column727 | AAZ1: Column728 | ABA1: Column729 | ABB1: Column730 | ABC1: Column731 | ABD1: Column732 | ABE1: Column733 | ABF1: Column734 | ABG1: Column735 | ABH1: Column736 | ABI1: Column737 | ABJ1: Column738 | ABK1: Column739 | ABL1: Column740 | ABM1: Column741 | ABN1: Column742 | ABO1: Column743 | ABP1: Column744 | ABQ1: Column745 | ABR1: Column746 | ABS1: Column747 | ABT1: Column748 | ABU1: Column749 | ABV1: Column750 | ABW1: Column751 | ABX1: Column752 | ABY1: Column753 | ABZ1: Column754 | ACA1: Column755 | ACB1: Column756 | ACC1: Column757 | ACD1: Column758 | ACE1: Column759 | ACF1: Column760 | ACG1: Column761 | ACH1: Column762 | ACI1: Column763 | ACJ1: Column764 | ACK1: Column765 | ACL1: Column766 | ACM1: Column767 | ACN1: Column768 | ACO1: Column769 | ACP1: Column770 | ACQ1: Column771 | ACR1: Column772 | ACS1: Column773 | ACT1: Column774 | ACU1: Column775 | ACV1: Column776 | ACW1: Column777 | ACX1: Column778 | ACY1: Column779 | ACZ1: Column780 | ADA1: Column781 | ADB1: Column782 | ADC1: Column783 | ADD1: Column784 | ADE1: Column785 | ADF1: Column786 | ADG1: Column787 | ADH1: Column788 | ADI1: Column789 | ADJ1: Column790 | ADK1: Column791 | ADL1: Column792 | ADM1: Column793 | ADN1: Column794 | ADO1: Column795 | ADP1: Column796 | ADQ1: Column797 | ADR1: Column798 | ADS1: Column799 | ADT1: Column800 | ADU1: Column801 | ADV1: Column802 | ADW1: Column803 | ADX1: Column804 | ADY1: Column805 | ADZ1: Column806 | AEA1: Column807 | AEB1: Column808 | AEC1: Column809 | AED1: Column810 | AEE1: Column811 | AEF1: Column812 | AEG1: Column813 | AEH1: Column814 | AEI1: Column815 | AEJ1: Column816 | AEK1: Column817 | AEL1: Column818 | AEM1: Column819 | AEN1: Column820 | AEO1: Column821 | AEP1: Column822 | AEQ1: Column823 | AER1: Column824 | AES1: Column825 | AET1: Column826 | AEU1: Column827 | AEV1: Column828 | AEW1: Column829 | AEX1: Column830 | AEY1: Column831 | AEZ1: Column832 | AFA1: Column833 | AFB1: Column834 | AFC1: Column835 | AFD1: Column836 | AFE1: Column837 | AFF1: Column838 | AFG1: Column839 | AFH1: Column840 | AFI1: Column841 | AFJ1: Column842 | AFK1: Column843 | AFL1: Column844 | AFM1: Column845 | AFN1: Column846 | AFO1: Column847 | AFP1: Column848 | AFQ1: Column849 | AFR1: Column850 | AFS1: Column851 | AFT1: Column852 | AFU1: Column853 | AFV1: Column854 | AFW1: Column855 | AFX1: Column856 | AFY1: Column857 | AFZ1: Column858 | AGA1: Column859 | AGB1: Column860 | AGC1: Column861 | AGD1: Column862 | AGE1: Column863 | AGF1: Column864 | AGG1: Column865 | AGH1: Column866 | AGI1: Column867 | AGJ1: Column868 | AGK1: Column869 | AGL1: Column870 | AGM1: Column871 | AGN1: Column872 | AGO1: Column873 | AGP1: Column874 | AGQ1: Column875 | AGR1: Column876 | AGS1: Column877 | AGT1: Column878 | AGU1: Column879 | AGV1: Column880 | AGW1: Column881 | AGX1: Column882 | AGY1: Column883 | AGZ1: Column884 | AHA1: Column885 | AHB1: Column886 | AHC1: Column887 | AHD1: Column888 | AHE1: Column889 | AHF1: Column890 | AHG1: Column891 | AHH1: Column892 | AHI1: Column893 | AHJ1: Column894 | AHK1: Column895 | AHL1: Column896 | AHM1: Column897 | AHN1: Column898 | AHO1: Column899 | AHP1: Column900 | AHQ1: Column901 | AHR1: Column902 | AHS1: Column903 | AHT1: Column904 | AHU1: Column905 | AHV1: Column906 | AHW1: Column907 | AHX1: Column908 | AHY1: Column909 | AHZ1: Column910 | AIA1: Column911 | AIB1: Column912 | AIC1: Column913 | AID1: Column914 | AIE1: Column915 | AIF1: Column916 | AIG1: Column917 | AIH1: Column918 | AII1: Column919 | AIJ1: Column920 | AIK1: Column921 | AIL1: Column922 | AIM1: Column923 | AIN1: Column924 | AIO1: Column925 | AIP1: Column926 | AIQ1: Column927 | AIR1: Column928 | AIS1: Column929 | AIT1: Column930 | AIU1: Column931 | AIV1: Column932 | AIW1: Column933 | AIX1: Column934 | AIY1: Column935 | AIZ1: Column936 | AJA1: Column937 | AJB1: Column938 | AJC1: Column939 | AJD1: Column940 | AJE1: Column941 | AJF1: Column942 | AJG1: Column943 | AJH1: Column944 | AJI1: Column945 | AJJ1: Column946 | AJK1: Column947 | AJL1: Column948 | AJM1: Column949 | AJN1: Column950 | AJO1: Column951 | AJP1: Column952 | AJQ1: Column953 | AJR1: Column954 | AJS1: Column955 | AJT1: Column956 | AJU1: Column957 | AJV1: Column958 | AJW1: Column959 | AJX1: Column960 | AJY1: Column961 | AJZ1: Column962 | AKA1: Column963 | AKB1: Column964 | AKC1: Column965 | AKD1: Column966 | AKE1: Column967 | AKF1: Column968 | AKG1: Column969 | AKH1: Column970 | AKI1: Column971 | AKJ1: Column972 | AKK1: Column973 | AKL1: Column974 | AKM1: Column975 | AKN1: Column976 | AKO1: Column977 | AKP1: Column978 | AKQ1: Column979 | AKR1: Column980 | AKS1: Column981 | AKT1: Column982 | AKU1: Column983 | AKV1: Column984 | AKW1: Column985 | AKX1: Column986 | AKY1: Column987 | AKZ1: Column988 | ALA1: Column989 | ALB1: Column990 | ALC1: Column991 | ALD1: Column992 | ALE1: Column993 | ALF1: Column994 | ALG1: Column995 | ALH1: Column996 | ALI1: Column997 | ALJ1: Column998 | ALK1: Column999 | ALL1: Column1000 | ALM1: Column1001 | ALN1: Column1002 | ALO1: Column1003 | ALP1: Column1004 | ALQ1: Column1005 | ALR1: Column1006 | ALS1: Column1007 | ALT1: Column1008 | ALU1: Column1009 | ALV1: Column1010 | ALW1: Column1011 | ALX1: Column1012 | ALY1: Column1013 | ALZ1: Column1014 | AMA1: Column1015 | AMB1: Column1016 | AMC1: Column1017 | AMD1: Column1018 | AME1: Column1019 | AMF1: Column1020 | AMG1: Column1021 | AMH1: Column1022 | AMI1: Column1023 | AMJ1: Column1024 | AMK1: Column1025 | AML1: Column1026 | AMM1: Column1027 | AMN1: Column1028 | AMO1: Column1029 | AMP1: Column1030 | AMQ1: Column1031 | AMR1: Column1032 | AMS1: Column1033 | AMT1: Column1034 | AMU1: Column1035 | AMV1: Column1036 | AMW1: Column1037 | AMX1: Column1038 | AMY1: Column1039 | AMZ1: Column1040 | ANA1: Column1041 | ANB1: Column1042 | ANC1: Column1043 | AND1: Column1044 | ANE1: Column1045 | ANF1: Column1046 | ANG1: Column1047 | ANH1: Column1048 | ANI1: Column1049 | ANJ1: Column1050 | ANK1: Column1051 | ANL1: Column1052 | ANM1: Column1053 | ANN1: Column1054 | ANO1: Column1055 | ANP1: Column1056 | ANQ1: Column1057 | ANR1: Column1058 | ANS1: Column1059 | ANT1: Column1060 | ANU1: Column1061 | ANV1: Column1062 | ANW1: Column1063 | ANX1: Column1064 | ANY1: Column1065 | ANZ1: Column1066 | AOA1: Column1067 | AOB1: Column1068 | AOC1: Column1069 | AOD1: Column1070 | AOE1: Column1071 | AOF1: Column1072 | AOG1: Column1073 | AOH1: Column1074 | AOI1: Column1075 | AOJ1: Column1076 | AOK1: Column1077 | AOL1: Column1078 | AOM1: Column1079 | AON1: Column1080 | AOO1: Column1081 | AOP1: Column1082 | AOQ1: Column1083 | AOR1: Column1084 | AOS1: Column1085 | AOT1: Column1086 | AOU1: Column1087 | AOV1: Column1088 | AOW1: Column1089 | AOX1: Column1090 | AOY1: Column1091 | AOZ1: Column1092 | APA1: Column1093 | APB1: Column1094 | APC1: Column1095 | APD1: Column1096 | APE1: Column1097 | APF1: Column1098 | APG1: Column1099 | APH1: Column1100 | API1: Column1101 | APJ1: Column1102 | APK1: Column1103 | APL1: Column1104 | APM1: Column1105 | APN1: Column1106 | APO1: Column1107 | APP1: Column1108 | APQ1: Column1109 | APR1: Column1110 | APS1: Column1111 | APT1: Column1112 | APU1: Column1113 | APV1: Column1114 | APW1: Column1115 | APX1: Column1116 | APY1: Column1117 | APZ1: Column1118 | AQA1: Column1119 | AQB1: Column1120 | AQC1: Column1121 | AQD1: Column1122 | AQE1: Column1123 | AQF1: Column1124 | AQG1: Column1125 | AQH1: Column1126 | AQI1: Column1127 | AQJ1: Column1128 | AQK1: Column1129 | AQL1: Column1130 | AQM1: Column1131 | AQN1: Column1132 | AQO1: Column1133 | AQP1: Column1134 | AQQ1: Column1135 | AQR1: Column1136 | AQS1: Column1137 | AQT1: Column1138 | AQU1: Column1139 | AQV1: Column1140 | AQW1: Column1141 | AQX1: Column1142 | AQY1: Column1143 | AQZ1: Column1144 | ARA1: Column1145 | ARB1: Column1146 | ARC1: Column1147 | ARD1: Column1148 | ARE1: Column1149 | ARF1: Column1150 | ARG1: Column1151 | ARH1: Column1152 | ARI1: Column1153 | ARJ1: Column1154 | ARK1: Column1155 | ARL1: Column1156 | ARM1: Column1157 | ARN1: Column1158 | ARO1: Column1159 | ARP1: Column1160 | ARQ1: Column1161 | ARR1: Column1162 | ARS1: Column1163 | ART1: Column1164 | ARU1: Column1165 | ARV1: Column1166 | ARW1: Column1167 | ARX1: Column1168 | ARY1: Column1169 | ARZ1: Column1170 | ASA1: Column1171 | ASB1: Column1172 | ASC1: Column1173 | ASD1: Column1174 | ASE1: Column1175 | ASF1: Column1176 | ASG1: Column1177 | ASH1: Column1178 | ASI1: Column1179 | ASJ1: Column1180 | ASK1: Column1181 | ASL1: Column1182 | ASM1: Column1183 | ASN1: Column1184 | ASO1: Column1185 | ASP1: Column1186 | ASQ1: Column1187 | ASR1: Column1188 | ASS1: Column1189 | AST1: Column1190 | ASU1: Column1191 | ASV1: Column1192 | ASW1: Column1193 | ASX1: Column1194 | ASY1: Column1195 | ASZ1: Column1196 | ATA1: Column1197 | ATB1: Column1198 | ATC1: Column1199 | ATD1: Column1200 | ATE1: Column1201 | ATF1: Column1202 | ATG1: Column1203 | ATH1: Column1204 | ATI1: Column1205 | ATJ1: Column1206 | ATK1: Column1207 | ATL1: Column1208 | ATM1: Column1209 | ATN1: Column1210 | ATO1: Column1211 | ATP1: Column1212 | ATQ1: Column1213 | ATR1: Column1214 | ATS1: Column1215 | ATT1: Column1216 | ATU1: Column1217 | ATV1: Column1218 | ATW1: Column1219 | ATX1: Column1220 | ATY1: Column1221 | ATZ1: Column1222 | AUA1: Column1223 | AUB1: Column1224 | AUC1: Column1225 | AUD1: Column1226 | AUE1: Column1227 | AUF1: Column1228 | AUG1: Column1229 | AUH1: Column1230 | AUI1: Column1231 | AUJ1: Column1232 | AUK1: Column1233 | AUL1: Column1234 | AUM1: Column1235 | AUN1: Column1236 | AUO1: Column1237 | AUP1: Column1238 | AUQ1: Column1239 | AUR1: Column1240 | AUS1: Column1241 | AUT1: Column1242 | AUU1: Column1243 | AUV1: Column1244 | AUW1: Column1245 | AUX1: Column1246 | AUY1: Column1247 | AUZ1: Column1248 | AVA1: Column1249 | AVB1: Column1250 | AVC1: Column1251 | AVD1: Column1252 | AVE1: Column1253 | AVF1: Column1254 | AVG1: Column1255 | AVH1: Column1256 | AVI1: Column1257 | AVJ1: Column1258 | AVK1: Column1259 | AVL1: Column1260 | AVM1: Column1261 | AVN1: Column1262 | AVO1: Column1263 | AVP1: Column1264 | AVQ1: Column1265 | AVR1: Column1266 | AVS1: Column1267 | AVT1: Column1268 | AVU1: Column1269 | AVV1: Column1270 | AVW1: Column1271 | AVX1: Column1272 | AVY1: Column1273 | AVZ1: Column1274 | AWA1: Column1275 | AWB1: Column1276 | AWC1: Column1277 | AWD1: Column1278 | AWE1: Column1279 | AWF1: Column1280 | AWG1: Column1281 | AWH1: Column1282 | AWI1: Column1283 | AWJ1: Column1284 | AWK1: Column1285 | AWL1: Column1286 | AWM1: Column1287 | AWN1: Column1288 | AWO1: Column1289 | AWP1: Column1290 | AWQ1: Column1291 | AWR1: Column1292 | AWS1: Column1293 | AWT1: Column1294 | AWU1: Column1295 | AWV1: Column1296 | AWW1: Column1297 | AWX1: Column1298 | AWY1: Column1299 | AWZ1: Column1300 | AXA1: Column1301 | AXB1: Column1302 | AXC1: Column1303 | AXD1: Column1304 | AXE1: Column1305 | AXF1: Column1306 | AXG1: Column1307 | AXH1: Column1308 | AXI1: Column1309 | AXJ1: Column1310 | AXK1: Column1311 | AXL1: Column1312 | AXM1: Column1313 | AXN1: Column1314 | AXO1: Column1315 | AXP1: Column1316 | AXQ1: Column1317 | AXR1: Column1318 | AXS1: Column1319 | AXT1: Column1320 | AXU1: Column1321 | AXV1: Column1322 | AXW1: Column1323 | AXX1: Column1324 | AXY1: Column1325 | AXZ1: Column1326 | AYA1: Column1327 | AYB1: Column1328 | AYC1: Column1329 | AYD1: Column1330 | AYE1: Column1331 | AYF1: Column1332 | AYG1: Column1333 | AYH1: Column1334 | AYI1: Column1335 | AYJ1: Column1336 | AYK1: Column1337 | AYL1: Column1338 | AYM1: Column1339 | AYN1: Column1340 | AYO1: Column1341 | AYP1: Column1342 | AYQ1: Column1343 | AYR1: Column1344 | AYS1: Column1345 | AYT1: Column1346 | AYU1: Column1347 | AYV1: Column1348 | AYW1: Column1349 | AYX1: Column1350 | AYY1: Column1351 | AYZ1: Column1352 | AZA1: Column1353 | AZB1: Column1354 | AZC1: Column1355 | AZD1: Column1356 | AZE1: Column1357 | AZF1: Column1358 | AZG1: Column1359 | AZH1: Column1360 | AZI1: Column1361 | AZJ1: Column1362 | AZK1: Column1363 | AZL1: Column1364 | AZM1: Column1365 | AZN1: Column1366 | AZO1: Column1367 | AZP1: Column1368 | AZQ1: Column1369 | AZR1: Column1370 | AZS1: Column1371 | AZT1: Column1372 | AZU1: Column1373 | AZV1: Column1374 | AZW1: Column1375 | AZX1: Column1376 | AZY1: Column1377 | AZZ1: Column1378 | BAA1: Column1379 | BAB1: Column1380 | BAC1: Column1381 | BAD1: Column1382 | BAE1: Column1383 | BAF1: Column1384 | BAG1: Column1385 | BAH1: Column1386 | BAI1: Column1387 | BAJ1: Column1388 | BAK1: Column1389 | BAL1: Column1390 | BAM1: Column1391 | BAN1: Column1392 | BAO1: Column1393 | BAP1: Column1394 | BAQ1: Column1395 | BAR1: Column1396 | BAS1: Column1397 | BAT1: Column1398 | BAU1: Column1399 | BAV1: Column1400 | BAW1: Column1401 | BAX1: Column1402 | BAY1: Column1403 | BAZ1: Column1404 | BBA1: Column1405 | BBB1: Column1406 | BBC1: Column1407 | BBD1: Column1408 | BBE1: Column1409 | BBF1: Column1410 | BBG1: Column1411 | BBH1: Column1412 | BBI1: Column1413 | BBJ1: Column1414 | BBK1: Column1415 | BBL1: Column1416 | BBM1: Column1417 | BBN1: Column1418 | BBO1: Column1419 | BBP1: Column1420 | BBQ1: Column1421 | BBR1: Column1422 | BBS1: Column1423 | BBT1: Column1424 | BBU1: Column1425 | BBV1: Column1426 | BBW1: Column1427 | BBX1: Column1428 | BBY1: Column1429 | BBZ1: Column1430 | BCA1: Column1431 | BCB1: Column1432 | BCC1: Column1433 | BCD1: Column1434 | BCE1: Column1435 | BCF1: Column1436 | BCG1: Column1437 | BCH1: Column1438 | BCI1: Column1439 | BCJ1: Column1440 | BCK1: Column1441 | BCL1: Column1442 | BCM1: Column1443 | BCN1: Column1444 | BCO1: Column1445 | BCP1: Column1446 | BCQ1: Column1447 | BCR1: Column1448 | BCS1: Column1449 | BCT1: Column1450 | BCU1: Column1451 | BCV1: Column1452 | BCW1: Column1453 | BCX1: Column1454 | BCY1: Column1455 | BCZ1: Column1456 | BDA1: Column1457 | BDB1: Column1458 | BDC1: Column1459 | BDD1: Column1460 | BDE1: Column1461 | BDF1: Column1462 | BDG1: Column1463 | BDH1: Column1464 | BDI1: Column1465 | BDJ1: Column1466 | BDK1: Column1467 | BDL1: Column1468 | BDM1: Column1469 | BDN1: Column1470 | BDO1: Column1471 | BDP1: Column1472 | BDQ1: Column1473 | BDR1: Column1474 | BDS1: Column1475 | BDT1: Column1476 | BDU1: Column1477 | BDV1: Column1478 | BDW1: Column1479 | BDX1: Column1480 | BDY1: Column1481 | BDZ1: Column1482 | BEA1: Column1483 | BEB1: Column1484 | BEC1: Column1485 | BED1: Column1486 | BEE1: Column1487 | BEF1: Column1488 | BEG1: Column1489 | BEH1: Column1490 | BEI1: Column1491 | BEJ1: Column1492 | BEK1: Column1493 | BEL1: Column1494 | BEM1: Column1495 | BEN1: Column1496 | BEO1: Column1497 | BEP1: Column1498 | BEQ1: Column1499 | BER1: Column1500 | BES1: Column1501 | BET1: Column1502 | BEU1: Column1503 | BEV1: Column1504 | BEW1: Column1505 | BEX1: Column1506 | BEY1: Column1507 | BEZ1: Column1508 | BFA1: Column1509 | BFB1: Column1510 | BFC1: Column1511 | BFD1: Column1512 | BFE1: Column1513 | BFF1: Column1514 | BFG1: Column1515 | BFH1: Column1516 | BFI1: Column1517 | BFJ1: Column1518 | BFK1: Column1519 | BFL1: Column1520 | BFM1: Column1521 | BFN1: Column1522 | BFO1: Column1523 | BFP1: Column1524 | BFQ1: Column1525 | BFR1: Column1526 | BFS1: Column1527 | BFT1: Column1528 | BFU1: Column1529 | BFV1: Column1530 | BFW1: Column1531 | BFX1: Column1532 | BFY1: Column1533 | BFZ1: Column1534 | BGA1: Column1535 | BGB1: Column1536 | BGC1: Column1537 | BGD1: Column1538 | BGE1: Column1539 | BGF1: Column1540 | BGG1: Column1541 | BGH1: Column1542 | BGI1: Column1543 | BGJ1: Column1544 | BGK1: Column1545 | BGL1: Column1546 | BGM1: Column1547 | BGN1: Column1548 | BGO1: Column1549 | BGP1: Column1550 | BGQ1: Column1551 | BGR1: Column1552 | BGS1: Column1553 | BGT1: Column1554 | BGU1: Column1555 | BGV1: Column1556 | BGW1: Column1557 | BGX1: Column1558 | BGY1: Column1559 | BGZ1: Column1560 | BHA1: Column1561 | BHB1: Column1562 | BHC1: Column1563 | BHD1: Column1564 | BHE1: Column1565 | BHF1: Column1566 | BHG1: Column1567 | BHH1: Column1568 | BHI1: Column1569 | BHJ1: Column1570 | BHK1: Column1571 | BHL1: Column1572 | BHM1: Column1573 | BHN1: Column1574 | BHO1: Column1575 | BHP1: Column1576 | BHQ1: Column1577 | BHR1: Column1578 | BHS1: Column1579 | BHT1: Column1580 | BHU1: Column1581 | BHV1: Column1582 | BHW1: Column1583 | BHX1: Column1584 | BHY1: Column1585 | BHZ1: Column1586 | BIA1: Column1587 | BIB1: Column1588 | BIC1: Column1589 | BID1: Column1590 | BIE1: Column1591 | BIF1: Column1592 | BIG1: Column1593 | BIH1: Column1594 | BII1: Column1595 | BIJ1: Column1596 | BIK1: Column1597 | BIL1: Column1598 | BIM1: Column1599 | BIN1: Column1600 | BIO1: Column1601 | BIP1: Column1602 | BIQ1: Column1603 | BIR1: Column1604 | BIS1: Column1605 | BIT1: Column1606 | BIU1: Column1607 | BIV1: Column1608 | BIW1: Column1609 | BIX1: Column1610 | BIY1: Column1611 | BIZ1: Column1612 | BJA1: Column1613 | BJB1: Column1614 | BJC1: Column1615 | BJD1: Column1616 | BJE1: Column1617 | BJF1: Column1618 | BJG1: Column1619 | BJH1: Column1620 | BJI1: Column1621 | BJJ1: Column1622 | BJK1: Column1623 | BJL1: Column1624 | BJM1: Column1625 | BJN1: Column1626 | BJO1: Column1627 | BJP1: Column1628 | BJQ1: Column1629 | BJR1: Column1630 | BJS1: Column1631 | BJT1: Column1632 | BJU1: Column1633 | BJV1: Column1634 | BJW1: Column1635 | BJX1: Column1636 | BJY1: Column1637 | BJZ1: Column1638 | BKA1: Column1639 | BKB1: Column1640 | BKC1: Column1641 | BKD1: Column1642 | BKE1: Column1643 | BKF1: Column1644 | BKG1: Column1645 | BKH1: Column1646 | BKI1: Column1647 | BKJ1: Column1648 | BKK1: Column1649 | BKL1: Column1650 | BKM1: Column1651 | BKN1: Column1652 | BKO1: Column1653 | BKP1: Column1654 | BKQ1: Column1655 | BKR1: Column1656 | BKS1: Column1657 | BKT1: Column1658 | BKU1: Column1659 | BKV1: Column1660 | BKW1: Column1661 | BKX1: Column1662 | BKY1: Column1663 | BKZ1: Column1664 | BLA1: Column1665 | BLB1: Column1666 | BLC1: Column1667 | BLD1: Column1668 | BLE1: Column1669 | BLF1: Column1670 | BLG1: Column1671 | BLH1: Column1672 | BLI1: Column1673 | BLJ1: Column1674 | BLK1: Column1675 | BLL1: Column1676 | BLM1: Column1677 | BLN1: Column1678 | BLO1: Column1679 | BLP1: Column1680 | BLQ1: Column1681 | BLR1: Column1682 | BLS1: Column1683 | BLT1: Column1684 | BLU1: Column1685 | BLV1: Column1686 | BLW1: Column1687 | BLX1: Column1688 | BLY1: Column1689 | BLZ1: Column1690 | BMA1: Column1691 | BMB1: Column1692 | BMC1: Column1693 | BMD1: Column1694 | BME1: Column1695 | BMF1: Column1696 | BMG1: Column1697 | BMH1: Column1698 | BMI1: Column1699 | BMJ1: Column1700 | BMK1: Column1701 | BML1: Column1702 | BMM1: Column1703 | BMN1: Column1704 | BMO1: Column1705 | BMP1: Column1706 | BMQ1: Column1707 | BMR1: Column1708 | BMS1: Column1709 | BMT1: Column1710 | BMU1: Column1711 | BMV1: Column1712 | BMW1: Column1713 | BMX1: Column1714 | BMY1: Column1715 | BMZ1: Column1716 | BNA1: Column1717 | BNB1: Column1718 | BNC1: Column1719 | BND1: Column1720 | BNE1: Column1721 | BNF1: Column1722 | BNG1: Column1723 | BNH1: Column1724 | BNI1: Column1725 | BNJ1: Column1726 | BNK1: Column1727 | BNL1: Column1728 | BNM1: Column1729 | BNN1: Column1730 | BNO1: Column1731 | BNP1: Column1732 | BNQ1: Column1733 | BNR1: Column1734 | BNS1: Column1735 | BNT1: Column1736 | BNU1: Column1737 | BNV1: Column1738 | BNW1: Column1739 | BNX1: Column1740 | BNY1: Column1741 | BNZ1: Column1742 | BOA1: Column1743 | BOB1: Column1744 | BOC1: Column1745 | BOD1: Column1746 | BOE1: Column1747 | BOF1: Column1748 | BOG1: Column1749 | BOH1: Column1750 | BOI1: Column1751 | BOJ1: Column1752 | BOK1: Column1753 | BOL1: Column1754 | BOM1: Column1755 | BON1: Column1756 | BOO1: Column1757 | BOP1: Column1758 | BOQ1: Column1759 | BOR1: Column1760 | BOS1: Column1761 | BOT1: Column1762 | BOU1: Column1763 | BOV1: Column1764 | BOW1: Column1765 | BOX1: Column1766 | BOY1: Column1767 | BOZ1: Column1768 | BPA1: Column1769 | BPB1: Column1770 | BPC1: Column1771 | BPD1: Column1772 | BPE1: Column1773 | BPF1: Column1774 | BPG1: Column1775 | BPH1: Column1776 | BPI1: Column1777 | BPJ1: Column1778 | BPK1: Column1779 | BPL1: Column1780 | BPM1: Column1781 | BPN1: Column1782 | BPO1: Column1783 | BPP1: Column1784 | BPQ1: Column1785 | BPR1: Column1786 | BPS1: Column1787 | BPT1: Column1788 | BPU1: Column1789 | BPV1: Column1790 | BPW1: Column1791 | BPX1: Column1792 | BPY1: Column1793 | BPZ1: Column1794 | BQA1: Column1795 | BQB1: Column1796 | BQC1: Column1797 | BQD1: Column1798 | BQE1: Column1799 | BQF1: Column1800 | BQG1: Column1801 | BQH1: Column1802 | BQI1: Column1803 | BQJ1: Column1804 | BQK1: Column1805 | BQL1: Column1806 | BQM1: Column1807 | BQN1: Column1808 | BQO1: Column1809 | BQP1: Column1810 | BQQ1: Column1811 | BQR1: Column1812 | BQS1: Column1813 | BQT1: Column1814 | BQU1: Column1815 | BQV1: Column1816 | BQW1: Column1817 | BQX1: Column1818 | BQY1: Column1819 | BQZ1: Column1820 | BRA1: Column1821 | BRB1: Column1822 | BRC1: Column1823 | BRD1: Column1824 | BRE1: Column1825 | BRF1: Column1826 | BRG1: Column1827 | BRH1: Column1828 | BRI1: Column1829 | BRJ1: Column1830 | BRK1: Column1831 | BRL1: Column1832 | BRM1: Column1833 | BRN1: Column1834 | BRO1: Column1835 | BRP1: Column1836 | BRQ1: Column1837 | BRR1: Column1838 | BRS1: Column1839 | BRT1: Column1840 | BRU1: Column1841 | BRV1: Column1842 | BRW1: Column1843 | BRX1: Column1844 | BRY1: Column1845 | BRZ1: Column1846 | BSA1: Column1847 | BSB1: Column1848 | BSC1: Column1849 | BSD1: Column1850 | BSE1: Column1851 | BSF1: Column1852 | BSG1: Column1853 | BSH1: Column1854 | BSI1: Column1855 | BSJ1: Column1856 | BSK1: Column1857 | BSL1: Column1858 | BSM1: Column1859 | BSN1: Column1860 | BSO1: Column1861 | BSP1: Column1862 | BSQ1: Column1863 | BSR1: Column1864 | BSS1: Column1865 | BST1: Column1866 | BSU1: Column1867 | BSV1: Column1868 | BSW1: Column1869 | BSX1: Column1870 | BSY1: Column1871 | BSZ1: Column1872 | BTA1: Column1873 | BTB1: Column1874 | BTC1: Column1875 | BTD1: Column1876 | BTE1: Column1877 | BTF1: Column1878 | BTG1: Column1879 | BTH1: Column1880 | BTI1: Column1881 | BTJ1: Column1882 | BTK1: Column1883 | BTL1: Column1884 | BTM1: Column1885 | BTN1: Column1886 | BTO1: Column1887 | BTP1: Column1888 | BTQ1: Column1889 | BTR1: Column1890 | BTS1: Column1891 | BTT1: Column1892 | BTU1: Column1893 | BTV1: Column1894 | BTW1: Column1895 | BTX1: Column1896 | BTY1: Column1897 | BTZ1: Column1898 | BUA1: Column1899 | BUB1: Column1900 | BUC1: Column1901 | BUD1: Column1902 | BUE1: Column1903 | BUF1: Column1904 | BUG1: Column1905 | BUH1: Column1906 | BUI1: Column1907 | BUJ1: Column1908 | BUK1: Column1909 | BUL1: Column1910 | BUM1: Column1911 | BUN1: Column1912 | BUO1: Column1913 | BUP1: Column1914 | BUQ1: Column1915 | BUR1: Column1916 | BUS1: Column1917 | BUT1: Column1918 | BUU1: Column1919 | BUV1: Column1920 | BUW1: Column1921 | BUX1: Column1922 | BUY1: Column1923 | BUZ1: Column1924 | BVA1: Column1925 | BVB1: Column1926 | BVC1: Column1927 | BVD1: Column1928 | BVE1: Column1929 | BVF1: Column1930 | BVG1: Column1931 | BVH1: Column1932 | BVI1: Column1933 | BVJ1: Column1934 | BVK1: Column1935 | BVL1: Column1936 | BVM1: Column1937 | BVN1: Column1938 | BVO1: Column1939 | BVP1: Column1940 | BVQ1: Column1941 | BVR1: Column1942 | BVS1: Column1943 | BVT1: Column1944 | BVU1: Column1945 | BVV1: Column1946 | BVW1: Column1947 | BVX1: Column1948 | BVY1: Column1949 | BVZ1: Column1950 | BWA1: Column1951 | BWB1: Column1952 | BWC1: Column1953 | BWD1: Column1954 | BWE1: Column1955 | BWF1: Column1956 | BWG1: Column1957 | BWH1: Column1958 | BWI1: Column1959 | BWJ1: Column1960 | BWK1: Column1961 | BWL1: Column1962 | BWM1: Column1963 | BWN1: Column1964 | BWO1: Column1965 | BWP1: Column1966 | BWQ1: Column1967 | BWR1: Column1968 | BWS1: Column1969 | BWT1: Column1970 | BWU1: Column1971 | BWV1: Column1972 | BWW1: Column1973 | BWX1: Column1974 | BWY1: Column1975 | BWZ1: Column1976 | BXA1: Column1977 | BXB1: Column1978 | BXC1: Column1979 | BXD1: Column1980 | BXE1: Column1981 | BXF1: Column1982 | BXG1: Column1983 | BXH1: Column1984 | BXI1: Column1985 | BXJ1: Column1986 | BXK1: Column1987 | BXL1: Column1988 | BXM1: Column1989 | BXN1: Column1990 | BXO1: Column1991 | BXP1: Column1992 | BXQ1: Column1993 | BXR1: Column1994 | BXS1: Column1995 | BXT1: Column1996 | BXU1: Column1997 | BXV1: Column1998 | BXW1: Column1999 | BXX1: Column2000 | BXY1: Column2001 | BXZ1: Column2002 | BYA1: Column2003 | BYB1: Column2004 | BYC1: Column2005 | BYD1: Column2006 | BYE1: Column2007 | BYF1: Column2008 | BYG1: Column2009 | BYH1: Column2010 | BYI1: Column2011 | BYJ1: Column2012 | BYK1: Column2013 | BYL1: Column2014 | BYM1: Column2015 | BYN1: Column2016 | BYO1: Column2017 | BYP1: Column2018 | BYQ1: Column2019 | BYR1: Column2020 | BYS1: Column2021 | BYT1: Column2022 | BYU1: Column2023 | BYV1: Column2024 | BYW1: Column2025 | BYX1: Column2026 | BYY1: Column2027 | BYZ1: Column2028 | BZA1: Column2029 | BZB1: Column2030 | BZC1: Column2031 | BZD1: Column2032 | BZE1: Column2033 | BZF1: Column2034 | BZG1: Column2035 | BZH1: Column2036 | BZI1: Column2037 | BZJ1: Column2038 | BZK1: Column2039 | BZL1: Column2040 | BZM1: Column2041 | BZN1: Column2042 | BZO1: Column2043 | BZP1: Column2044 | BZQ1: Column2045 | BZR1: Column2046 | BZS1: Column2047 | BZT1: Column2048 | BZU1: Column2049 | BZV1: Column2050 | BZW1: Column2051 | BZX1: Column2052 | BZY1: Column2053 | BZZ1: Column2054 | CAA1: Column2055 | CAB1: Column2056 | CAC1: Column2057 | CAD1: Column2058 | CAE1: Column2059 | CAF1: Column2060 | CAG1: Column2061 | CAH1: Column2062 | CAI1: Column2063 | CAJ1: Column2064 | CAK1: Column2065 | CAL1: Column2066 | CAM1: Column2067 | CAN1: Column2068 | CAO1: Column2069 | CAP1: Column2070 | CAQ1: Column2071 | CAR1: Column2072 | CAS1: Column2073 | CAT1: Column2074 | CAU1: Column2075 | CAV1: Column2076 | CAW1: Column2077 | CAX1: Column2078 | CAY1: Column2079 | CAZ1: Column2080 | CBA1: Column2081 | CBB1: Column2082 | CBC1: Column2083 | CBD1: Column2084 | CBE1: Column2085 | CBF1: Column2086 | CBG1: Column2087 | CBH1: Column2088 | CBI1: Column2089 | CBJ1: Column2090 | CBK1: Column2091 | CBL1: Column2092 | CBM1: Column2093 | CBN1: Column2094 | CBO1: Column2095 | CBP1: Column2096 | CBQ1: Column2097 | CBR1: Column2098 | CBS1: Column2099 | CBT1: Column2100 | CBU1: Column2101 | CBV1: Column2102 | CBW1: Column2103 | CBX1: Column2104 | CBY1: Column2105 | CBZ1: Column2106 | CCA1: Column2107 | CCB1: Column2108 | CCC1: Column2109 | CCD1: Column2110 | CCE1: Column2111 | CCF1: Column2112 | CCG1: Column2113 | CCH1: Column2114 | CCI1: Column2115 | CCJ1: Column2116 | CCK1: Column2117 | CCL1: Column2118 | CCM1: Column2119 | CCN1: Column2120 | CCO1: Column2121 | CCP1: Column2122 | CCQ1: Column2123 | CCR1: Column2124 | CCS1: Column2125 | CCT1: Column2126 | CCU1: Column2127 | CCV1: Column2128 | CCW1: Column2129 | CCX1: Column2130 | CCY1: Column2131 | CCZ1: Column2132 | CDA1: Column2133 | CDB1: Column2134 | CDC1: Column2135 | CDD1: Column2136 | CDE1: Column2137 | CDF1: Column2138 | CDG1: Column2139 | CDH1: Column2140 | CDI1: Column2141 | CDJ1: Column2142 | CDK1: Column2143 | CDL1: Column2144 | CDM1: Column2145 | CDN1: Column2146 | CDO1: Column2147 | CDP1: Column2148 | CDQ1: Column2149 | CDR1: Column2150 | CDS1: Column2151 | CDT1: Column2152 | CDU1: Column2153 | CDV1: Column2154 | CDW1: Column2155 | CDX1: Column2156 | CDY1: Column2157 | CDZ1: Column2158 | CEA1: Column2159 | CEB1: Column2160 | CEC1: Column2161 | CED1: Column2162 | CEE1: Column2163 | CEF1: Column2164 | CEG1: Column2165 | CEH1: Column2166 | CEI1: Column2167 | CEJ1: Column2168 | CEK1: Column2169 | CEL1: Column2170 | CEM1: Column2171 | CEN1: Column2172 | CEO1: Column2173 | CEP1: Column2174 | CEQ1: Column2175 | CER1: Column2176 | CES1: Column2177 | CET1: Column2178 | CEU1: Column2179 | CEV1: Column2180 | CEW1: Column2181 | CEX1: Column2182 | CEY1: Column2183 | CEZ1: Column2184 | CFA1: Column2185 | CFB1: Column2186 | CFC1: Column2187 | CFD1: Column2188 | CFE1: Column2189 | CFF1: Column2190 | CFG1: Column2191 | CFH1: Column2192 | CFI1: Column2193 | CFJ1: Column2194 | CFK1: Column2195 | CFL1: Column2196 | CFM1: Column2197 | CFN1: Column2198 | CFO1: Column2199 | CFP1: Column2200 | CFQ1: Column2201 | CFR1: Column2202 | CFS1: Column2203 | CFT1: Column2204 | CFU1: Column2205 | CFV1: Column2206 | CFW1: Column2207 | CFX1: Column2208 | CFY1: Column2209 | CFZ1: Column2210 | CGA1: Column2211 | CGB1: Column2212 | CGC1: Column2213 | CGD1: Column2214 | CGE1: Column2215 | CGF1: Column2216 | CGG1: Column2217 | CGH1: Column2218 | CGI1: Column2219 | CGJ1: Column2220 | CGK1: Column2221 | CGL1: Column2222 | CGM1: Column2223 | CGN1: Column2224 | CGO1: Column2225 | CGP1: Column2226 | CGQ1: Column2227 | CGR1: Column2228 | CGS1: Column2229 | CGT1: Column2230 | CGU1: Column2231 | CGV1: Column2232 | CGW1: Column2233 | CGX1: Column2234 | CGY1: Column2235 | CGZ1: Column2236 | CHA1: Column2237 | CHB1: Column2238 | CHC1: Column2239 | CHD1: Column2240 | CHE1: Column2241 | CHF1: Column2242 | CHG1: Column2243 | CHH1: Column2244 | CHI1: Column2245 | CHJ1: Column2246 | CHK1: Column2247 | CHL1: Column2248 | CHM1: Column2249 | CHN1: Column2250 | CHO1: Column2251 | CHP1: Column2252 | CHQ1: Column2253 | CHR1: Column2254 | CHS1: Column2255 | CHT1: Column2256 | CHU1: Column2257 | CHV1: Column2258 | CHW1: Column2259 | CHX1: Column2260 | CHY1: Column2261 | CHZ1: Column2262 | CIA1: Column2263 | CIB1: Column2264 | CIC1: Column2265 | CID1: Column2266 | CIE1: Column2267 | CIF1: Column2268 | CIG1: Column2269 | CIH1: Column2270 | CII1: Column2271 | CIJ1: Column2272 | CIK1: Column2273 | CIL1: Column2274 | CIM1: Column2275 | CIN1: Column2276 | CIO1: Column2277 | CIP1: Column2278 | CIQ1: Column2279 | CIR1: Column2280 | CIS1: Column2281 | CIT1: Column2282 | CIU1: Column2283 | CIV1: Column2284 | CIW1: Column2285 | CIX1: Column2286 | CIY1: Column2287 | CIZ1: Column2288 | CJA1: Column2289 | CJB1: Column2290 | CJC1: Column2291 | CJD1: Column2292 | CJE1: Column2293 | CJF1: Column2294 | CJG1: Column2295 | CJH1: Column2296 | CJI1: Column2297 | CJJ1: Column2298 | CJK1: Column2299 | CJL1: Column2300 | CJM1: Column2301 | CJN1: Column2302 | CJO1: Column2303 | CJP1: Column2304 | CJQ1: Column2305 | CJR1: Column2306 | CJS1: Column2307 | CJT1: Column2308 | CJU1: Column2309 | CJV1: Column2310 | CJW1: Column2311 | CJX1: Column2312 | CJY1: Column2313 | CJZ1: Column2314 | CKA1: Column2315 | CKB1: Column2316 | CKC1: Column2317 | CKD1: Column2318 | CKE1: Column2319 | CKF1: Column2320 | CKG1: Column2321 | CKH1: Column2322 | CKI1: Column2323 | CKJ1: Column2324 | CKK1: Column2325 | CKL1: Column2326 | CKM1: Column2327 | CKN1: Column2328 | CKO1: Column2329 | CKP1: Column2330 | CKQ1: Column2331 | CKR1: Column2332 | CKS1: Column2333 | CKT1: Column2334 | CKU1: Column2335 | CKV1: Column2336 | CKW1: Column2337 | CKX1: Column2338 | CKY1: Column2339 | CKZ1: Column2340 | CLA1: Column2341 | CLB1: Column2342 | CLC1: Column2343 | CLD1: Column2344 | CLE1: Column2345 | CLF1: Column2346 | CLG1: Column2347 | CLH1: Column2348 | CLI1: Column2349 | CLJ1: Column2350 | CLK1: Column2351 | CLL1: Column2352 | CLM1: Column2353 | CLN1: Column2354 | CLO1: Column2355 | CLP1: Column2356 | CLQ1: Column2357 | CLR1: Column2358 | CLS1: Column2359 | CLT1: Column2360 | CLU1: Column2361 | CLV1: Column2362 | CLW1: Column2363 | CLX1: Column2364 | CLY1: Column2365 | CLZ1: Column2366 | CMA1: Column2367 | CMB1: Column2368 | CMC1: Column2369 | CMD1: Column2370 | CME1: Column2371 | CMF1: Column2372 | CMG1: Column2373 | CMH1: Column2374 | CMI1: Column2375 | CMJ1: Column2376 | CMK1: Column2377 | CML1: Column2378 | CMM1: Column2379 | CMN1: Column2380 | CMO1: Column2381 | CMP1: Column2382 | CMQ1: Column2383 | CMR1: Column2384 | CMS1: Column2385 | CMT1: Column2386 | CMU1: Column2387 | CMV1: Column2388 | CMW1: Column2389 | CMX1: Column2390 | CMY1: Column2391 | CMZ1: Column2392 | CNA1: Column2393 | CNB1: Column2394 | CNC1: Column2395 | CND1: Column2396 | CNE1: Column2397 | CNF1: Column2398 | CNG1: Column2399 | CNH1: Column2400 | CNI1: Column2401 | CNJ1: Column2402 | CNK1: Column2403 | CNL1: Column2404 | CNM1: Column2405 | CNN1: Column2406 | CNO1: Column2407 | CNP1: Column2408 | CNQ1: Column2409 | CNR1: Column2410 | CNS1: Column2411 | CNT1: Column2412 | CNU1: Column2413 | CNV1: Column2414 | CNW1: Column2415 | CNX1: Column2416 | CNY1: Column2417 | CNZ1: Column2418 | COA1: Column2419 | COB1: Column2420 | COC1: Column2421 | COD1: Column2422 | COE1: Column2423 | COF1: Column2424 | COG1: Column2425 | COH1: Column2426 | COI1: Column2427 | COJ1: Column2428 | COK1: Column2429 | COL1: Column2430 | COM1: Column2431 | CON1: Column2432 | COO1: Column2433 | COP1: Column2434 | COQ1: Column2435 | COR1: Column2436 | COS1: Column2437 | COT1: Column2438 | COU1: Column2439 | COV1: Column2440 | COW1: Column2441 | COX1: Column2442 | COY1: Column2443 | COZ1: Column2444 | CPA1: Column2445 | CPB1: Column2446 | CPC1: Column2447 | CPD1: Column2448 | CPE1: Column2449 | CPF1: Column2450 | CPG1: Column2451 | CPH1: Column2452 | CPI1: Column2453 | CPJ1: Column2454 | CPK1: Column2455 | CPL1: Column2456 | CPM1: Column2457 | CPN1: Column2458 | CPO1: Column2459 | CPP1: Column2460 | CPQ1: Column2461 | CPR1: Column2462 | CPS1: Column2463 | CPT1: Column2464 | CPU1: Column2465 | CPV1: Column2466 | CPW1: Column2467 | CPX1: Column2468 | CPY1: Column2469 | CPZ1: Column2470 | CQA1: Column2471 | CQB1: Column2472 | CQC1: Column2473 | CQD1: Column2474 | CQE1: Column2475 | CQF1: Column2476 | CQG1: Column2477 | CQH1: Column2478 | CQI1: Column2479 | CQJ1: Column2480 | CQK1: Column2481 | CQL1: Column2482 | CQM1: Column2483 | CQN1: Column2484 | CQO1: Column2485 | CQP1: Column2486 | CQQ1: Column2487 | CQR1: Column2488 | CQS1: Column2489 | CQT1: Column2490 | CQU1: Column2491 | CQV1: Column2492 | CQW1: Column2493 | CQX1: Column2494 | CQY1: Column2495 | CQZ1: Column2496 | CRA1: Column2497 | CRB1: Column2498 | CRC1: Column2499 | CRD1: Column2500 | CRE1: Column2501 | CRF1: Column2502 | CRG1: Column2503 | CRH1: Column2504 | CRI1: Column2505 | CRJ1: Column2506 | CRK1: Column2507 | CRL1: Column2508 | CRM1: Column2509 | CRN1: Column2510 | CRO1: Column2511 | CRP1: Column2512 | CRQ1: Column2513 | CRR1: Column2514 | CRS1: Column2515 | CRT1: Column2516 | CRU1: Column2517 | CRV1: Column2518 | CRW1: Column2519 | CRX1: Column2520 | CRY1: Column2521 | CRZ1: Column2522 | CSA1: Column2523 | CSB1: Column2524 | CSC1: Column2525 | CSD1: Column2526 | CSE1: Column2527 | CSF1: Column2528 | CSG1: Column2529 | CSH1: Column2530 | CSI1: Column2531 | CSJ1: Column2532 | CSK1: Column2533 | CSL1: Column2534 | CSM1: Column2535 | CSN1: Column2536 | CSO1: Column2537 | CSP1: Column2538 | CSQ1: Column2539 | CSR1: Column2540 | CSS1: Column2541 | CST1: Column2542 | CSU1: Column2543 | CSV1: Column2544 | CSW1: Column2545 | CSX1: Column2546 | CSY1: Column2547 | CSZ1: Column2548 | CTA1: Column2549 | CTB1: Column2550 | CTC1: Column2551 | CTD1: Column2552 | CTE1: Column2553 | CTF1: Column2554 | CTG1: Column2555 | CTH1: Column2556 | CTI1: Column2557 | CTJ1: Column2558 | CTK1: Column2559 | CTL1: Column2560 | CTM1: Column2561 | CTN1: Column2562 | CTO1: Column2563 | CTP1: Column2564 | CTQ1: Column2565 | CTR1: Column2566 | CTS1: Column2567 | CTT1: Column2568 | CTU1: Column2569 | CTV1: Column2570 | CTW1: Column2571 | CTX1: Column2572 | CTY1: Column2573 | CTZ1: Column2574 | CUA1: Column2575 | CUB1: Column2576 | CUC1: Column2577 | CUD1: Column2578 | CUE1: Column2579 | CUF1: Column2580 | CUG1: Column2581 | CUH1: Column2582 | CUI1: Column2583 | CUJ1: Column2584 | CUK1: Column2585 | CUL1: Column2586 | CUM1: Column2587 | CUN1: Column2588 | CUO1: Column2589 | CUP1: Column2590 | CUQ1: Column2591 | CUR1: Column2592 | CUS1: Column2593 | CUT1: Column2594 | CUU1: Column2595 | CUV1: Column2596 | CUW1: Column2597 | CUX1: Column2598 | CUY1: Column2599 | CUZ1: Column2600 | CVA1: Column2601 | CVB1: Column2602 | CVC1: Column2603 | CVD1: Column2604 | CVE1: Column2605 | CVF1: Column2606 | CVG1: Column2607 | CVH1: Column2608 | CVI1: Column2609 | CVJ1: Column2610 | CVK1: Column2611 | CVL1: Column2612 | CVM1: Column2613 | CVN1: Column2614 | CVO1: Column2615 | CVP1: Column2616 | CVQ1: Column2617 | CVR1: Column2618 | CVS1: Column2619 | CVT1: Column2620 | CVU1: Column2621 | CVV1: Column2622 | CVW1: Column2623 | CVX1: Column2624 | CVY1: Column2625 | CVZ1: Column2626 | CWA1: Column2627 | CWB1: Column2628 | CWC1: Column2629 | CWD1: Column2630 | CWE1: Column2631 | CWF1: Column2632 | CWG1: Column2633 | CWH1: Column2634 | CWI1: Column2635 | CWJ1: Column2636 | CWK1: Column2637 | CWL1: Column2638 | CWM1: Column2639 | CWN1: Column2640 | CWO1: Column2641 | CWP1: Column2642 | CWQ1: Column2643 | CWR1: Column2644 | CWS1: Column2645 | CWT1: Column2646 | CWU1: Column2647 | CWV1: Column2648 | CWW1: Column2649 | CWX1: Column2650 | CWY1: Column2651 | CWZ1: Column2652 | CXA1: Column2653 | CXB1: Column2654 | CXC1: Column2655 | CXD1: Column2656 | CXE1: Column2657 | CXF1: Column2658 | CXG1: Column2659 | CXH1: Column2660 | CXI1: Column2661 | CXJ1: Column2662 | CXK1: Column2663 | CXL1: Column2664 | CXM1: Column2665 | CXN1: Column2666 | CXO1: Column2667 | CXP1: Column2668 | CXQ1: Column2669 | CXR1: Column2670 | CXS1: Column2671 | CXT1: Column2672 | CXU1: Column2673 | CXV1: Column2674 | CXW1: Column2675 | CXX1: Column2676 | CXY1: Column2677 | CXZ1: Column2678 | CYA1: Column2679 | CYB1: Column2680 | CYC1: Column2681 | CYD1: Column2682 | CYE1: Column2683 | CYF1: Column2684 | CYG1: Column2685 | CYH1: Column2686 | CYI1: Column2687 | CYJ1: Column2688 | CYK1: Column2689 | CYL1: Column2690 | CYM1: Column2691 | CYN1: Column2692 | CYO1: Column2693 | CYP1: Column2694 | CYQ1: Column2695 | CYR1: Column2696 | CYS1: Column2697 | CYT1: Column2698 | CYU1: Column2699 | CYV1: Column2700 | CYW1: Column2701 | CYX1: Column2702 | CYY1: Column2703 | CYZ1: Column2704 | CZA1: Column2705 | CZB1: Column2706 | CZC1: Column2707 | CZD1: Column2708 | CZE1: Column2709 | CZF1: Column2710 | CZG1: Column2711 | CZH1: Column2712 | CZI1: Column2713 | CZJ1: Column2714 | CZK1: Column2715 | CZL1: Column2716 | CZM1: Column2717 | CZN1: Column2718 | CZO1: Column2719 | CZP1: Column2720 | CZQ1: Column2721 | CZR1: Column2722 | CZS1: Column2723 | CZT1: Column2724 | CZU1: Column2725 | CZV1: Column2726 | CZW1: Column2727 | CZX1: Column2728 | CZY1: Column2729 | CZZ1: Column2730 | DAA1: Column2731 | DAB1: Column2732 | DAC1: Column2733 | DAD1: Column2734 | DAE1: Column2735 | DAF1: Column2736 | DAG1: Column2737 | DAH1: Column2738 | DAI1: Column2739 | DAJ1: Column2740 | DAK1: Column2741 | DAL1: Column2742 | DAM1: Column2743 | DAN1: Column2744 | DAO1: Column2745 | DAP1: Column2746 | DAQ1: Column2747 | DAR1: Column2748 | DAS1: Column2749 | DAT1: Column2750 | DAU1: Column2751 | DAV1: Column2752 | DAW1: Column2753 | DAX1: Column2754 | DAY1: Column2755 | DAZ1: Column2756 | DBA1: Column2757 | DBB1: Column2758 | DBC1: Column2759 | DBD1: Column2760 | DBE1: Column2761 | DBF1: Column2762 | DBG1: Column2763 | DBH1: Column2764 | DBI1: Column2765 | DBJ1: Column2766 | DBK1: Column2767 | DBL1: Column2768 | DBM1: Column2769 | DBN1: Column2770 | DBO1: Column2771 | DBP1: Column2772 | DBQ1: Column2773 | DBR1: Column2774 | DBS1: Column2775 | DBT1: Column2776 | DBU1: Column2777 | DBV1: Column2778 | DBW1: Column2779 | DBX1: Column2780 | DBY1: Column2781 | DBZ1: Column2782 | DCA1: Column2783 | DCB1: Column2784 | DCC1: Column2785 | DCD1: Column2786 | DCE1: Column2787 | DCF1: Column2788 | DCG1: Column2789 | DCH1: Column2790 | DCI1: Column2791 | DCJ1: Column2792 | DCK1: Column2793 | DCL1: Column2794 | DCM1: Column2795 | DCN1: Column2796 | DCO1: Column2797 | DCP1: Column2798 | DCQ1: Column2799 | DCR1: Column2800 | DCS1: Column2801 | DCT1: Column2802 | DCU1: Column2803 | DCV1: Column2804 | DCW1: Column2805 | DCX1: Column2806 | DCY1: Column2807 | DCZ1: Column2808 | DDA1: Column2809 | DDB1: Column2810 | DDC1: Column2811 | DDD1: Column2812 | DDE1: Column2813 | DDF1: Column2814 | DDG1: Column2815 | DDH1: Column2816 | DDI1: Column2817 | DDJ1: Column2818 | DDK1: Column2819 | DDL1: Column2820 | DDM1: Column2821 | DDN1: Column2822 | DDO1: Column2823 | DDP1: Column2824 | DDQ1: Column2825 | DDR1: Column2826 | DDS1: Column2827 | DDT1: Column2828 | DDU1: Column2829 | DDV1: Column2830 | DDW1: Column2831 | DDX1: Column2832 | DDY1: Column2833 | DDZ1: Column2834 | DEA1: Column2835 | DEB1: Column2836 | DEC1: Column2837 | DED1: Column2838 | DEE1: Column2839 | DEF1: Column2840 | DEG1: Column2841 | DEH1: Column2842 | DEI1: Column2843 | DEJ1: Column2844 | DEK1: Column2845 | DEL1: Column2846 | DEM1: Column2847 | DEN1: Column2848 | DEO1: Column2849 | DEP1: Column2850 | DEQ1: Column2851 | DER1: Column2852 | DES1: Column2853 | DET1: Column2854 | DEU1: Column2855 | DEV1: Column2856 | DEW1: Column2857 | DEX1: Column2858 | DEY1: Column2859 | DEZ1: Column2860 | DFA1: Column2861 | DFB1: Column2862 | DFC1: Column2863 | DFD1: Column2864 | DFE1: Column2865 | DFF1: Column2866 | DFG1: Column2867 | DFH1: Column2868 | DFI1: Column2869 | DFJ1: Column2870 | DFK1: Column2871 | DFL1: Column2872 | DFM1: Column2873 | DFN1: Column2874 | DFO1: Column2875 | DFP1: Column2876 | DFQ1: Column2877 | DFR1: Column2878 | DFS1: Column2879 | DFT1: Column2880 | DFU1: Column2881 | DFV1: Column2882 | DFW1: Column2883 | DFX1: Column2884 | DFY1: Column2885 | DFZ1: Column2886 | DGA1: Column2887 | DGB1: Column2888 | DGC1: Column2889 | DGD1: Column2890 | DGE1: Column2891 | DGF1: Column2892 | DGG1: Column2893 | DGH1: Column2894 | DGI1: Column2895 | DGJ1: Column2896 | DGK1: Column2897 | DGL1: Column2898 | DGM1: Column2899 | DGN1: Column2900 | DGO1: Column2901 | DGP1: Column2902 | DGQ1: Column2903 | DGR1: Column2904 | DGS1: Column2905 | DGT1: Column2906 | DGU1: Column2907 | DGV1: Column2908 | DGW1: Column2909 | DGX1: Column2910 | DGY1: Column2911 | DGZ1: Column2912 | DHA1: Column2913 | DHB1: Column2914 | DHC1: Column2915 | DHD1: Column2916 | DHE1: Column2917 | DHF1: Column2918 | DHG1: Column2919 | DHH1: Column2920 | DHI1: Column2921 | DHJ1: Column2922 | DHK1: Column2923 | DHL1: Column2924 | DHM1: Column2925 | DHN1: Column2926 | DHO1: Column2927 | DHP1: Column2928 | DHQ1: Column2929 | DHR1: Column2930 | DHS1: Column2931 | DHT1: Column2932 | DHU1: Column2933 | DHV1: Column2934 | DHW1: Column2935 | DHX1: Column2936 | DHY1: Column2937 | DHZ1: Column2938 | DIA1: Column2939 | DIB1: Column2940 | DIC1: Column2941 | DID1: Column2942 | DIE1: Column2943 | DIF1: Column2944 | DIG1: Column2945 | DIH1: Column2946 | DII1: Column2947 | DIJ1: Column2948 | DIK1: Column2949 | DIL1: Column2950 | DIM1: Column2951 | DIN1: Column2952 | DIO1: Column2953 | DIP1: Column2954 | DIQ1: Column2955 | DIR1: Column2956 | DIS1: Column2957 | DIT1: Column2958 | DIU1: Column2959 | DIV1: Column2960 | DIW1: Column2961 | DIX1: Column2962 | DIY1: Column2963 | DIZ1: Column2964 | DJA1: Column2965 | DJB1: Column2966 | DJC1: Column2967 | DJD1: Column2968 | DJE1: Column2969 | DJF1: Column2970 | DJG1: Column2971 | DJH1: Column2972 | DJI1: Column2973 | DJJ1: Column2974 | DJK1: Column2975 | DJL1: Column2976 | DJM1: Column2977 | DJN1: Column2978 | DJO1: Column2979 | DJP1: Column2980 | DJQ1: Column2981 | DJR1: Column2982 | DJS1: Column2983 | DJT1: Column2984 | DJU1: Column2985 | DJV1: Column2986 | DJW1: Column2987 | DJX1: Column2988 | DJY1: Column2989 | DJZ1: Column2990 | DKA1: Column2991 | DKB1: Column2992 | DKC1: Column2993 | DKD1: Column2994 | DKE1: Column2995 | DKF1: Column2996 | DKG1: Column2997 | DKH1: Column2998 | DKI1: Column2999 | DKJ1: Column3000 | DKK1: Column3001 | DKL1: Column3002 | DKM1: Column3003 | DKN1: Column3004 | DKO1: Column3005 | DKP1: Column3006 | DKQ1: Column3007 | DKR1: Column3008 | DKS1: Column3009 | DKT1: Column3010 | DKU1: Column3011 | DKV1: Column3012 | DKW1: Column3013 | DKX1: Column3014 | DKY1: Column3015 | DKZ1: Column3016 | DLA1: Column3017 | DLB1: Column3018 | DLC1: Column3019 | DLD1: Column3020 | DLE1: Column3021 | DLF1: Column3022 | DLG1: Column3023 | DLH1: Column3024 | DLI1: Column3025 | DLJ1: Column3026 | DLK1: Column3027 | DLL1: Column3028 | DLM1: Column3029 | DLN1: Column3030 | DLO1: Column3031 | DLP1: Column3032 | DLQ1: Column3033 | DLR1: Column3034 | DLS1: Column3035 | DLT1: Column3036 | DLU1: Column3037 | DLV1: Column3038 | DLW1: Column3039 | DLX1: Column3040 | DLY1: Column3041 | DLZ1: Column3042 | DMA1: Column3043 | DMB1: Column3044 | DMC1: Column3045 | DMD1: Column3046 | DME1: Column3047 | DMF1: Column3048 | DMG1: Column3049 | DMH1: Column3050 | DMI1: Column3051 | DMJ1: Column3052 | DMK1: Column3053 | DML1: Column3054 | DMM1: Column3055 | DMN1: Column3056 | DMO1: Column3057 | DMP1: Column3058 | DMQ1: Column3059 | DMR1: Column3060 | DMS1: Column3061 | DMT1: Column3062 | DMU1: Column3063 | DMV1: Column3064 | DMW1: Column3065 | DMX1: Column3066 | DMY1: Column3067 | DMZ1: Column3068 | DNA1: Column3069 | DNB1: Column3070 | DNC1: Column3071 | DND1: Column3072 | DNE1: Column3073 | DNF1: Column3074 | DNG1: Column3075 | DNH1: Column3076 | DNI1: Column3077 | DNJ1: Column3078 | DNK1: Column3079 | DNL1: Column3080 | DNM1: Column3081 | DNN1: Column3082 | DNO1: Column3083 | DNP1: Column3084 | DNQ1: Column3085 | DNR1: Column3086 | DNS1: Column3087 | DNT1: Column3088 | DNU1: Column3089 | DNV1: Column3090 | DNW1: Column3091 | DNX1: Column3092 | DNY1: Column3093 | DNZ1: Column3094 | DOA1: Column3095 | DOB1: Column3096 | DOC1: Column3097 | DOD1: Column3098 | DOE1: Column3099 | DOF1: Column3100 | DOG1: Column3101 | DOH1: Column3102 | DOI1: Column3103 | DOJ1: Column3104 | DOK1: Column3105 | DOL1: Column3106 | DOM1: Column3107 | DON1: Column3108 | DOO1: Column3109 | DOP1: Column3110 | DOQ1: Column3111 | DOR1: Column3112 | DOS1: Column3113 | DOT1: Column3114 | DOU1: Column3115 | DOV1: Column3116 | DOW1: Column3117 | DOX1: Column3118 | DOY1: Column3119 | DOZ1: Column3120 | DPA1: Column3121 | DPB1: Column3122 | DPC1: Column3123 | DPD1: Column3124 | DPE1: Column3125 | DPF1: Column3126 | DPG1: Column3127 | DPH1: Column3128 | DPI1: Column3129 | DPJ1: Column3130 | DPK1: Column3131 | DPL1: Column3132 | DPM1: Column3133 | DPN1: Column3134 | DPO1: Column3135 | DPP1: Column3136 | DPQ1: Column3137 | DPR1: Column3138 | DPS1: Column3139 | DPT1: Column3140 | DPU1: Column3141 | DPV1: Column3142 | DPW1: Column3143 | DPX1: Column3144 | DPY1: Column3145 | DPZ1: Column3146 | DQA1: Column3147 | DQB1: Column3148 | DQC1: Column3149 | DQD1: Column3150 | DQE1: Column3151 | DQF1: Column3152 | DQG1: Column3153 | DQH1: Column3154 | DQI1: Column3155 | DQJ1: Column3156 | DQK1: Column3157 | DQL1: Column3158 | DQM1: Column3159 | DQN1: Column3160 | DQO1: Column3161 | DQP1: Column3162 | DQQ1: Column3163 | DQR1: Column3164 | DQS1: Column3165 | DQT1: Column3166 | DQU1: Column3167 | DQV1: Column3168 | DQW1: Column3169 | DQX1: Column3170 | DQY1: Column3171 | DQZ1: Column3172 | DRA1: Column3173 | DRB1: Column3174 | DRC1: Column3175 | DRD1: Column3176 | DRE1: Column3177 | DRF1: Column3178 | DRG1: Column3179 | DRH1: Column3180 | DRI1: Column3181 | DRJ1: Column3182 | DRK1: Column3183 | DRL1: Column3184 | DRM1: Column3185 | DRN1: Column3186 | DRO1: Column3187 | DRP1: Column3188 | DRQ1: Column3189 | DRR1: Column3190 | DRS1: Column3191 | DRT1: Column3192 | DRU1: Column3193 | DRV1: Column3194 | DRW1: Column3195 | DRX1: Column3196 | DRY1: Column3197 | DRZ1: Column3198 | DSA1: Column3199 | DSB1: Column3200 | DSC1: Column3201 | DSD1: Column3202 | DSE1: Column3203 | DSF1: Column3204 | DSG1: Column3205 | DSH1: Column3206 | DSI1: Column3207 | DSJ1: Column3208 | DSK1: Column3209 | DSL1: Column3210 | DSM1: Column3211 | DSN1: Column3212 | DSO1: Column3213 | DSP1: Column3214 | DSQ1: Column3215 | DSR1: Column3216 | DSS1: Column3217 | DST1: Column3218 | DSU1: Column3219 | DSV1: Column3220 | DSW1: Column3221 | DSX1: Column3222 | DSY1: Column3223 | DSZ1: Column3224 | DTA1: Column3225 | DTB1: Column3226 | DTC1: Column3227 | DTD1: Column3228 | DTE1: Column3229 | DTF1: Column3230 | DTG1: Column3231 | DTH1: Column3232 | DTI1: Column3233 | DTJ1: Column3234 | DTK1: Column3235 | DTL1: Column3236 | DTM1: Column3237 | DTN1: Column3238 | DTO1: Column3239 | DTP1: Column3240 | DTQ1: Column3241 | DTR1: Column3242 | DTS1: Column3243 | DTT1: Column3244 | DTU1: Column3245 | DTV1: Column3246 | DTW1: Column3247 | DTX1: Column3248 | DTY1: Column3249 | DTZ1: Column3250 | DUA1: Column3251 | DUB1: Column3252 | DUC1: Column3253 | DUD1: Column3254 | DUE1: Column3255 | DUF1: Column3256 | DUG1: Column3257 | DUH1: Column3258 | DUI1: Column3259 | DUJ1: Column3260 | DUK1: Column3261 | DUL1: Column3262 | DUM1: Column3263 | DUN1: Column3264 | DUO1: Column3265 | DUP1: Column3266 | DUQ1: Column3267 | DUR1: Column3268 | DUS1: Column3269 | DUT1: Column3270 | DUU1: Column3271 | DUV1: Column3272 | DUW1: Column3273 | DUX1: Column3274 | DUY1: Column3275 | DUZ1: Column3276 | DVA1: Column3277 | DVB1: Column3278 | DVC1: Column3279 | DVD1: Column3280 | DVE1: Column3281 | DVF1: Column3282 | DVG1: Column3283 | DVH1: Column3284 | DVI1: Column3285 | DVJ1: Column3286 | DVK1: Column3287 | DVL1: Column3288 | DVM1: Column3289 | DVN1: Column3290 | DVO1: Column3291 | DVP1: Column3292 | DVQ1: Column3293 | DVR1: Column3294 | DVS1: Column3295 | DVT1: Column3296 | DVU1: Column3297 | DVV1: Column3298 | DVW1: Column3299 | DVX1: Column3300 | DVY1: Column3301 | DVZ1: Column3302 | DWA1: Column3303 | DWB1: Column3304 | DWC1: Column3305 | DWD1: Column3306 | DWE1: Column3307 | DWF1: Column3308 | DWG1: Column3309 | DWH1: Column3310 | DWI1: Column3311 | DWJ1: Column3312 | DWK1: Column3313 | DWL1: Column3314 | DWM1: Column3315 | DWN1: Column3316 | DWO1: Column3317 | DWP1: Column3318 | DWQ1: Column3319 | DWR1: Column3320 | DWS1: Column3321 | DWT1: Column3322 | DWU1: Column3323 | DWV1: Column3324 | DWW1: Column3325 | DWX1: Column3326 | DWY1: Column3327 | DWZ1: Column3328 | DXA1: Column3329 | DXB1: Column3330 | DXC1: Column3331 | DXD1: Column3332 | DXE1: Column3333 | DXF1: Column3334 | DXG1: Column3335 | DXH1: Column3336 | DXI1: Column3337 | DXJ1: Column3338 | DXK1: Column3339 | DXL1: Column3340 | DXM1: Column3341 | DXN1: Column3342 | DXO1: Column3343 | DXP1: Column3344 | DXQ1: Column3345 | DXR1: Column3346 | DXS1: Column3347 | DXT1: Column3348 | DXU1: Column3349 | DXV1: Column3350 | DXW1: Column3351 | DXX1: Column3352 | DXY1: Column3353 | DXZ1: Column3354 | DYA1: Column3355 | DYB1: Column3356 | DYC1: Column3357 | DYD1: Column3358 | DYE1: Column3359 | DYF1: Column3360 | DYG1: Column3361 | DYH1: Column3362 | DYI1: Column3363 | DYJ1: Column3364 | DYK1: Column3365 | DYL1: Column3366 | DYM1: Column3367 | DYN1: Column3368 | DYO1: Column3369 | DYP1: Column3370 | DYQ1: Column3371 | DYR1: Column3372 | DYS1: Column3373 | DYT1: Column3374 | DYU1: Column3375 | DYV1: Column3376 | DYW1: Column3377 | DYX1: Column3378 | DYY1: Column3379 | DYZ1: Column3380 | DZA1: Column3381 | DZB1: Column3382 | DZC1: Column3383 | DZD1: Column3384 | DZE1: Column3385 | DZF1: Column3386 | DZG1: Column3387 | DZH1: Column3388 | DZI1: Column3389 | DZJ1: Column3390 | DZK1: Column3391 | DZL1: Column3392 | DZM1: Column3393 | DZN1: Column3394 | DZO1: Column3395 | DZP1: Column3396 | DZQ1: Column3397 | DZR1: Column3398 | DZS1: Column3399 | DZT1: Column3400 | DZU1: Column3401 | DZV1: Column3402 | DZW1: Column3403 | DZX1: Column3404 | DZY1: Column3405 | DZZ1: Column3406 | EAA1: Column3407 | EAB1: Column3408 | EAC1: Column3409 | EAD1: Column3410 | EAE1: Column3411 | EAF1: Column3412 | EAG1: Column3413 | EAH1: Column3414 | EAI1: Column3415 | EAJ1: Column3416 | EAK1: Column3417 | EAL1: Column3418 | EAM1: Column3419 | EAN1: Column3420 | EAO1: Column3421 | EAP1: Column3422 | EAQ1: Column3423 | EAR1: Column3424 | EAS1: Column3425 | EAT1: Column3426 | EAU1: Column3427 | EAV1: Column3428 | EAW1: Column3429 | EAX1: Column3430 | EAY1: Column3431 | EAZ1: Column3432 | EBA1: Column3433 | EBB1: Column3434 | EBC1: Column3435 | EBD1: Column3436 | EBE1: Column3437 | EBF1: Column3438 | EBG1: Column3439 | EBH1: Column3440 | EBI1: Column3441 | EBJ1: Column3442 | EBK1: Column3443 | EBL1: Column3444 | EBM1: Column3445 | EBN1: Column3446 | EBO1: Column3447 | EBP1: Column3448 | EBQ1: Column3449 | EBR1: Column3450 | EBS1: Column3451 | EBT1: Column3452 | EBU1: Column3453 | EBV1: Column3454 | EBW1: Column3455 | EBX1: Column3456 | EBY1: Column3457 | EBZ1: Column3458 | ECA1: Column3459 | ECB1: Column3460 | ECC1: Column3461 | ECD1: Column3462 | ECE1: Column3463 | ECF1: Column3464 | ECG1: Column3465 | ECH1: Column3466 | ECI1: Column3467 | ECJ1: Column3468 | ECK1: Column3469 | ECL1: Column3470 | ECM1: Column3471 | ECN1: Column3472 | ECO1: Column3473 | ECP1: Column3474 | ECQ1: Column3475 | ECR1: Column3476 | ECS1: Column3477 | ECT1: Column3478 | ECU1: Column3479 | ECV1: Column3480 | ECW1: Column3481 | ECX1: Column3482 | ECY1: Column3483 | ECZ1: Column3484 | EDA1: Column3485 | EDB1: Column3486 | EDC1: Column3487 | EDD1: Column3488 | EDE1: Column3489 | EDF1: Column3490 | EDG1: Column3491 | EDH1: Column3492 | EDI1: Column3493 | EDJ1: Column3494 | EDK1: Column3495 | EDL1: Column3496 | EDM1: Column3497 | EDN1: Column3498 | EDO1: Column3499 | EDP1: Column3500 | EDQ1: Column3501 | EDR1: Column3502 | EDS1: Column3503 | EDT1: Column3504 | EDU1: Column3505 | EDV1: Column3506 | EDW1: Column3507 | EDX1: Column3508 | EDY1: Column3509 | EDZ1: Column3510 | EEA1: Column3511 | EEB1: Column3512 | EEC1: Column3513 | EED1: Column3514 | EEE1: Column3515 | EEF1: Column3516 | EEG1: Column3517 | EEH1: Column3518 | EEI1: Column3519 | EEJ1: Column3520 | EEK1: Column3521 | EEL1: Column3522 | EEM1: Column3523 | EEN1: Column3524 | EEO1: Column3525 | EEP1: Column3526 | EEQ1: Column3527 | EER1: Column3528 | EES1: Column3529 | EET1: Column3530 | EEU1: Column3531 | EEV1: Column3532 | EEW1: Column3533 | EEX1: Column3534 | EEY1: Column3535 | EEZ1: Column3536 | EFA1: Column3537 | EFB1: Column3538 | EFC1: Column3539 | EFD1: Column3540 | EFE1: Column3541 | EFF1: Column3542 | EFG1: Column3543 | EFH1: Column3544 | EFI1: Column3545 | EFJ1: Column3546 | EFK1: Column3547 | EFL1: Column3548 | EFM1: Column3549 | EFN1: Column3550 | EFO1: Column3551 | EFP1: Column3552 | EFQ1: Column3553 | EFR1: Column3554 | EFS1: Column3555 | EFT1: Column3556 | EFU1: Column3557 | EFV1: Column3558 | EFW1: Column3559 | EFX1: Column3560 | EFY1: Column3561 | EFZ1: Column3562 | EGA1: Column3563 | EGB1: Column3564 | EGC1: Column3565 | EGD1: Column3566 | EGE1: Column3567 | EGF1: Column3568 | EGG1: Column3569 | EGH1: Column3570 | EGI1: Column3571 | EGJ1: Column3572 | EGK1: Column3573 | EGL1: Column3574 | EGM1: Column3575 | EGN1: Column3576 | EGO1: Column3577 | EGP1: Column3578 | EGQ1: Column3579 | EGR1: Column3580 | EGS1: Column3581 | EGT1: Column3582 | EGU1: Column3583 | EGV1: Column3584 | EGW1: Column3585 | EGX1: Column3586 | EGY1: Column3587 | EGZ1: Column3588 | EHA1: Column3589 | EHB1: Column3590 | EHC1: Column3591 | EHD1: Column3592 | EHE1: Column3593 | EHF1: Column3594 | EHG1: Column3595 | EHH1: Column3596 | EHI1: Column3597 | EHJ1: Column3598 | EHK1: Column3599 | EHL1: Column3600 | EHM1: Column3601 | EHN1: Column3602 | EHO1: Column3603 | EHP1: Column3604 | EHQ1: Column3605 | EHR1: Column3606 | EHS1: Column3607 | EHT1: Column3608 | EHU1: Column3609 | EHV1: Column3610 | EHW1: Column3611 | EHX1: Column3612 | EHY1: Column3613 | EHZ1: Column3614 | EIA1: Column3615 | EIB1: Column3616 | EIC1: Column3617 | EID1: Column3618 | EIE1: Column3619 | EIF1: Column3620 | EIG1: Column3621 | EIH1: Column3622 | EII1: Column3623 | EIJ1: Column3624 | EIK1: Column3625 | EIL1: Column3626 | EIM1: Column3627 | EIN1: Column3628 | EIO1: Column3629 | EIP1: Column3630 | EIQ1: Column3631 | EIR1: Column3632 | EIS1: Column3633 | EIT1: Column3634 | EIU1: Column3635 | EIV1: Column3636 | EIW1: Column3637 | EIX1: Column3638 | EIY1: Column3639 | EIZ1: Column3640 | EJA1: Column3641 | EJB1: Column3642 | EJC1: Column3643 | EJD1: Column3644 | EJE1: Column3645 | EJF1: Column3646 | EJG1: Column3647 | EJH1: Column3648 | EJI1: Column3649 | EJJ1: Column3650 | EJK1: Column3651 | EJL1: Column3652 | EJM1: Column3653 | EJN1: Column3654 | EJO1: Column3655 | EJP1: Column3656 | EJQ1: Column3657 | EJR1: Column3658 | EJS1: Column3659 | EJT1: Column3660 | EJU1: Column3661 | EJV1: Column3662 | EJW1: Column3663 | EJX1: Column3664 | EJY1: Column3665 | EJZ1: Column3666 | EKA1: Column3667 | EKB1: Column3668 | EKC1: Column3669 | EKD1: Column3670 | EKE1: Column3671 | EKF1: Column3672 | EKG1: Column3673 | EKH1: Column3674 | EKI1: Column3675 | EKJ1: Column3676 | EKK1: Column3677 | EKL1: Column3678 | EKM1: Column3679 | EKN1: Column3680 | EKO1: Column3681 | EKP1: Column3682 | EKQ1: Column3683 | EKR1: Column3684 | EKS1: Column3685 | EKT1: Column3686 | EKU1: Column3687 | EKV1: Column3688 | EKW1: Column3689 | EKX1: Column3690 | EKY1: Column3691 | EKZ1: Column3692 | ELA1: Column3693 | ELB1: Column3694 | ELC1: Column3695 | ELD1: Column3696 | ELE1: Column3697 | ELF1: Column3698 | ELG1: Column3699 | ELH1: Column3700 | ELI1: Column3701 | ELJ1: Column3702 | ELK1: Column3703 | ELL1: Column3704 | ELM1: Column3705 | ELN1: Column3706 | ELO1: Column3707 | ELP1: Column3708 | ELQ1: Column3709 | ELR1: Column3710 | ELS1: Column3711 | ELT1: Column3712 | ELU1: Column3713 | ELV1: Column3714 | ELW1: Column3715 | ELX1: Column3716 | ELY1: Column3717 | ELZ1: Column3718 | EMA1: Column3719 | EMB1: Column3720 | EMC1: Column3721 | EMD1: Column3722 | EME1: Column3723 | EMF1: Column3724 | EMG1: Column3725 | EMH1: Column3726 | EMI1: Column3727 | EMJ1: Column3728 | EMK1: Column3729 | EML1: Column3730 | EMM1: Column3731 | EMN1: Column3732 | EMO1: Column3733 | EMP1: Column3734 | EMQ1: Column3735 | EMR1: Column3736 | EMS1: Column3737 | EMT1: Column3738 | EMU1: Column3739 | EMV1: Column3740 | EMW1: Column3741 | EMX1: Column3742 | EMY1: Column3743 | EMZ1: Column3744 | ENA1: Column3745 | ENB1: Column3746 | ENC1: Column3747 | END1: Column3748 | ENE1: Column3749 | ENF1: Column3750 | ENG1: Column3751 | ENH1: Column3752 | ENI1: Column3753 | ENJ1: Column3754 | ENK1: Column3755 | ENL1: Column3756 | ENM1: Column3757 | ENN1: Column3758 | ENO1: Column3759 | ENP1: Column3760 | ENQ1: Column3761 | ENR1: Column3762 | ENS1: Column3763 | ENT1: Column3764 | ENU1: Column3765 | ENV1: Column3766 | ENW1: Column3767 | ENX1: Column3768 | ENY1: Column3769 | ENZ1: Column3770 | EOA1: Column3771 | EOB1: Column3772 | EOC1: Column3773 | EOD1: Column3774 | EOE1: Column3775 | EOF1: Column3776 | EOG1: Column3777 | EOH1: Column3778 | EOI1: Column3779 | EOJ1: Column3780 | EOK1: Column3781 | EOL1: Column3782 | EOM1: Column3783 | EON1: Column3784 | EOO1: Column3785 | EOP1: Column3786 | EOQ1: Column3787 | EOR1: Column3788 | EOS1: Column3789 | EOT1: Column3790 | EOU1: Column3791 | EOV1: Column3792 | EOW1: Column3793 | EOX1: Column3794 | EOY1: Column3795 | EOZ1: Column3796 | EPA1: Column3797 | EPB1: Column3798 | EPC1: Column3799 | EPD1: Column3800 | EPE1: Column3801 | EPF1: Column3802 | EPG1: Column3803 | EPH1: Column3804 | EPI1: Column3805 | EPJ1: Column3806 | EPK1: Column3807 | EPL1: Column3808 | EPM1: Column3809 | EPN1: Column3810 | EPO1: Column3811 | EPP1: Column3812 | EPQ1: Column3813 | EPR1: Column3814 | EPS1: Column3815 | EPT1: Column3816 | EPU1: Column3817 | EPV1: Column3818 | EPW1: Column3819 | EPX1: Column3820 | EPY1: Column3821 | EPZ1: Column3822 | EQA1: Column3823 | EQB1: Column3824 | EQC1: Column3825 | EQD1: Column3826 | EQE1: Column3827 | EQF1: Column3828 | EQG1: Column3829 | EQH1: Column3830 | EQI1: Column3831 | EQJ1: Column3832 | EQK1: Column3833 | EQL1: Column3834 | EQM1: Column3835 | EQN1: Column3836 | EQO1: Column3837 | EQP1: Column3838 | EQQ1: Column3839 | EQR1: Column3840 | EQS1: Column3841 | EQT1: Column3842 | EQU1: Column3843 | EQV1: Column3844 | EQW1: Column3845 | EQX1: Column3846 | EQY1: Column3847 | EQZ1: Column3848 | ERA1: Column3849 | ERB1: Column3850 | ERC1: Column3851 | ERD1: Column3852 | ERE1: Column3853 | ERF1: Column3854 | ERG1: Column3855 | ERH1: Column3856 | ERI1: Column3857 | ERJ1: Column3858 | ERK1: Column3859 | ERL1: Column3860 | ERM1: Column3861 | ERN1: Column3862 | ERO1: Column3863 | ERP1: Column3864 | ERQ1: Column3865 | ERR1: Column3866 | ERS1: Column3867 | ERT1: Column3868 | ERU1: Column3869 | ERV1: Column3870 | ERW1: Column3871 | ERX1: Column3872 | ERY1: Column3873 | ERZ1: Column3874 | ESA1: Column3875 | ESB1: Column3876 | ESC1: Column3877 | ESD1: Column3878 | ESE1: Column3879 | ESF1: Column3880 | ESG1: Column3881 | ESH1: Column3882 | ESI1: Column3883 | ESJ1: Column3884 | ESK1: Column3885 | ESL1: Column3886 | ESM1: Column3887 | ESN1: Column3888 | ESO1: Column3889 | ESP1: Column3890 | ESQ1: Column3891 | ESR1: Column3892 | ESS1: Column3893 | EST1: Column3894 | ESU1: Column3895 | ESV1: Column3896 | ESW1: Column3897 | ESX1: Column3898 | ESY1: Column3899 | ESZ1: Column3900 | ETA1: Column3901 | ETB1: Column3902 | ETC1: Column3903 | ETD1: Column3904 | ETE1: Column3905 | ETF1: Column3906 | ETG1: Column3907 | ETH1: Column3908 | ETI1: Column3909 | ETJ1: Column3910 | ETK1: Column3911 | ETL1: Column3912 | ETM1: Column3913 | ETN1: Column3914 | ETO1: Column3915 | ETP1: Column3916 | ETQ1: Column3917 | ETR1: Column3918 | ETS1: Column3919 | ETT1: Column3920 | ETU1: Column3921 | ETV1: Column3922 | ETW1: Column3923 | ETX1: Column3924 | ETY1: Column3925 | ETZ1: Column3926 | EUA1: Column3927 | EUB1: Column3928 | EUC1: Column3929 | EUD1: Column3930 | EUE1: Column3931 | EUF1: Column3932 | EUG1: Column3933 | EUH1: Column3934 | EUI1: Column3935 | EUJ1: Column3936 | EUK1: Column3937 | EUL1: Column3938 | EUM1: Column3939 | EUN1: Column3940 | EUO1: Column3941 | EUP1: Column3942 | EUQ1: Column3943 | EUR1: Column3944 | EUS1: Column3945 | EUT1: Column3946 | EUU1: Column3947 | EUV1: Column3948 | EUW1: Column3949 | EUX1: Column3950 | EUY1: Column3951 | EUZ1: Column3952 | EVA1: Column3953 | EVB1: Column3954 | EVC1: Column3955 | EVD1: Column3956 | EVE1: Column3957 | EVF1: Column3958 | EVG1: Column3959 | EVH1: Column3960 | EVI1: Column3961 | EVJ1: Column3962 | EVK1: Column3963 | EVL1: Column3964 | EVM1: Column3965 | EVN1: Column3966 | EVO1: Column3967 | EVP1: Column3968 | EVQ1: Column3969 | EVR1: Column3970 | EVS1: Column3971 | EVT1: Column3972 | EVU1: Column3973 | EVV1: Column3974 | EVW1: Column3975 | EVX1: Column3976 | EVY1: Column3977 | EVZ1: Column3978 | EWA1: Column3979 | EWB1: Column3980 | EWC1: Column3981 | EWD1: Column3982 | EWE1: Column3983 | EWF1: Column3984 | EWG1: Column3985 | EWH1: Column3986 | EWI1: Column3987 | EWJ1: Column3988 | EWK1: Column3989 | EWL1: Column3990 | EWM1: Column3991 | EWN1: Column3992 | EWO1: Column3993 | EWP1: Column3994 | EWQ1: Column3995 | EWR1: Column3996 | EWS1: Column3997 | EWT1: Column3998 | EWU1: Column3999 | EWV1: Column4000 | EWW1: Column4001 | EWX1: Column4002 | EWY1: Column4003 | EWZ1: Column4004 | EXA1: Column4005 | EXB1: Column4006 | EXC1: Column4007 | EXD1: Column4008 | EXE1: Column4009 | EXF1: Column4010 | EXG1: Column4011 | EXH1: Column4012 | EXI1: Column4013 | EXJ1: Column4014 | EXK1: Column4015 | EXL1: Column4016 | EXM1: Column4017 | EXN1: Column4018 | EXO1: Column4019 | EXP1: Column4020 | EXQ1: Column4021 | EXR1: Column4022 | EXS1: Column4023 | EXT1: Column4024 | EXU1: Column4025 | EXV1: Column4026 | EXW1: Column4027 | EXX1: Column4028 | EXY1: Column4029 | EXZ1: Column4030 | EYA1: Column4031 | EYB1: Column4032 | EYC1: Column4033 | EYD1: Column4034 | EYE1: Column4035 | EYF1: Column4036 | EYG1: Column4037 | EYH1: Column4038 | EYI1: Column4039 | EYJ1: Column4040 | EYK1: Column4041 | EYL1: Column4042 | EYM1: Column4043 | EYN1: Column4044 | EYO1: Column4045 | EYP1: Column4046 | EYQ1: Column4047 | EYR1: Column4048 | EYS1: Column4049 | EYT1: Column4050 | EYU1: Column4051 | EYV1: Column4052 | EYW1: Column4053 | EYX1: Column4054 | EYY1: Column4055 | EYZ1: Column4056 | EZA1: Column4057 | EZB1: Column4058 | EZC1: Column4059 | EZD1: Column4060 | EZE1: Column4061 | EZF1: Column4062 | EZG1: Column4063 | EZH1: Column4064 | EZI1: Column4065 | EZJ1: Column4066 | EZK1: Column4067 | EZL1: Column4068 | EZM1: Column4069 | EZN1: Column4070 | EZO1: Column4071 | EZP1: Column4072 | EZQ1: Column4073 | EZR1: Column4074 | EZS1: Column4075 | EZT1: Column4076 | EZU1: Column4077 | EZV1: Column4078 | EZW1: Column4079 | EZX1: Column4080 | EZY1: Column4081 | EZZ1: Column4082 | FAA1: Column4083 | FAB1: Column4084 | FAC1: Column4085 | FAD1: Column4086 | FAE1: Column4087 | FAF1: Column4088 | FAG1: Column4089 | FAH1: Column4090 | FAI1: Column4091 | FAJ1: Column4092 | FAK1: Column4093 | FAL1: Column4094 | FAM1: Column4095 | FAN1: Column4096 | FAO1: Column4097 | FAP1: Column4098 | FAQ1: Column4099 | FAR1: Column4100 | FAS1: Column4101 | FAT1: Column4102 | FAU1: Column4103 | FAV1: Column4104 | FAW1: Column4105 | FAX1: Column4106 | FAY1: Column4107 | FAZ1: Column4108 | FBA1: Column4109 | FBB1: Column4110 | FBC1: Column4111 | FBD1: Column4112 | FBE1: Column4113 | FBF1: Column4114 | FBG1: Column4115 | FBH1: Column4116 | FBI1: Column4117 | FBJ1: Column4118 | FBK1: Column4119 | FBL1: Column4120 | FBM1: Column4121 | FBN1: Column4122 | FBO1: Column4123 | FBP1: Column4124 | FBQ1: Column4125 | FBR1: Column4126 | FBS1: Column4127 | FBT1: Column4128 | FBU1: Column4129 | FBV1: Column4130 | FBW1: Column4131 | FBX1: Column4132 | FBY1: Column4133 | FBZ1: Column4134 | FCA1: Column4135 | FCB1: Column4136 | FCC1: Column4137 | FCD1: Column4138 | FCE1: Column4139 | FCF1: Column4140 | FCG1: Column4141 | FCH1: Column4142 | FCI1: Column4143 | FCJ1: Column4144 | FCK1: Column4145 | FCL1: Column4146 | FCM1: Column4147 | FCN1: Column4148 | FCO1: Column4149 | FCP1: Column4150 | FCQ1: Column4151 | FCR1: Column4152 | FCS1: Column4153 | FCT1: Column4154 | FCU1: Column4155 | FCV1: Column4156 | FCW1: Column4157 | FCX1: Column4158 | FCY1: Column4159 | FCZ1: Column4160 | FDA1: Column4161 | FDB1: Column4162 | FDC1: Column4163 | FDD1: Column4164 | FDE1: Column4165 | FDF1: Column4166 | FDG1: Column4167 | FDH1: Column4168 | FDI1: Column4169 | FDJ1: Column4170 | FDK1: Column4171 | FDL1: Column4172 | FDM1: Column4173 | FDN1: Column4174 | FDO1: Column4175 | FDP1: Column4176 | FDQ1: Column4177 | FDR1: Column4178 | FDS1: Column4179 | FDT1: Column4180 | FDU1: Column4181 | FDV1: Column4182 | FDW1: Column4183 | FDX1: Column4184 | FDY1: Column4185 | FDZ1: Column4186 | FEA1: Column4187 | FEB1: Column4188 | FEC1: Column4189 | FED1: Column4190 | FEE1: Column4191 | FEF1: Column4192 | FEG1: Column4193 | FEH1: Column4194 | FEI1: Column4195 | FEJ1: Column4196 | FEK1: Column4197 | FEL1: Column4198 | FEM1: Column4199 | FEN1: Column4200 | FEO1: Column4201 | FEP1: Column4202 | FEQ1: Column4203 | FER1: Column4204 | FES1: Column4205 | FET1: Column4206 | FEU1: Column4207 | FEV1: Column4208 | FEW1: Column4209 | FEX1: Column4210 | FEY1: Column4211 | FEZ1: Column4212 | FFA1: Column4213 | FFB1: Column4214 | FFC1: Column4215 | FFD1: Column4216 | FFE1: Column4217 | FFF1: Column4218 | FFG1: Column4219 | FFH1: Column4220 | FFI1: Column4221 | FFJ1: Column4222 | FFK1: Column4223 | FFL1: Column4224 | FFM1: Column4225 | FFN1: Column4226 | FFO1: Column4227 | FFP1: Column4228 | FFQ1: Column4229 | FFR1: Column4230 | FFS1: Column4231 | FFT1: Column4232 | FFU1: Column4233 | FFV1: Column4234 | FFW1: Column4235 | FFX1: Column4236 | FFY1: Column4237 | FFZ1: Column4238 | FGA1: Column4239 | FGB1: Column4240 | FGC1: Column4241 | FGD1: Column4242 | FGE1: Column4243 | FGF1: Column4244 | FGG1: Column4245 | FGH1: Column4246 | FGI1: Column4247 | FGJ1: Column4248 | FGK1: Column4249 | FGL1: Column4250 | FGM1: Column4251 | FGN1: Column4252 | FGO1: Column4253 | FGP1: Column4254 | FGQ1: Column4255 | FGR1: Column4256 | FGS1: Column4257 | FGT1: Column4258 | FGU1: Column4259 | FGV1: Column4260 | FGW1: Column4261 | FGX1: Column4262 | FGY1: Column4263 | FGZ1: Column4264 | FHA1: Column4265 | FHB1: Column4266 | FHC1: Column4267 | FHD1: Column4268 | FHE1: Column4269 | FHF1: Column4270 | FHG1: Column4271 | FHH1: Column4272 | FHI1: Column4273 | FHJ1: Column4274 | FHK1: Column4275 | FHL1: Column4276 | FHM1: Column4277 | FHN1: Column4278 | FHO1: Column4279 | FHP1: Column4280 | FHQ1: Column4281 | FHR1: Column4282 | FHS1: Column4283 | FHT1: Column4284 | FHU1: Column4285 | FHV1: Column4286 | FHW1: Column4287 | FHX1: Column4288 | FHY1: Column4289 | FHZ1: Column4290 | FIA1: Column4291 | FIB1: Column4292 | FIC1: Column4293 | FID1: Column4294 | FIE1: Column4295 | FIF1: Column4296 | FIG1: Column4297 | FIH1: Column4298 | FII1: Column4299 | FIJ1: Column4300 | FIK1: Column4301 | FIL1: Column4302 | FIM1: Column4303 | FIN1: Column4304 | FIO1: Column4305 | FIP1: Column4306 | FIQ1: Column4307 | FIR1: Column4308 | FIS1: Column4309 | FIT1: Column4310 | FIU1: Column4311 | FIV1: Column4312 | FIW1: Column4313 | FIX1: Column4314 | FIY1: Column4315 | FIZ1: Column4316 | FJA1: Column4317 | FJB1: Column4318 | FJC1: Column4319 | FJD1: Column4320 | FJE1: Column4321 | FJF1: Column4322 | FJG1: Column4323 | FJH1: Column4324 | FJI1: Column4325 | FJJ1: Column4326 | FJK1: Column4327 | FJL1: Column4328 | FJM1: Column4329 | FJN1: Column4330 | FJO1: Column4331 | FJP1: Column4332 | FJQ1: Column4333 | FJR1: Column4334 | FJS1: Column4335 | FJT1: Column4336 | FJU1: Column4337 | FJV1: Column4338 | FJW1: Column4339 | FJX1: Column4340 | FJY1: Column4341 | FJZ1: Column4342 | FKA1: Column4343 | FKB1: Column4344 | FKC1: Column4345 | FKD1: Column4346 | FKE1: Column4347 | FKF1: Column4348 | FKG1: Column4349 | FKH1: Column4350 | FKI1: Column4351 | FKJ1: Column4352 | FKK1: Column4353 | FKL1: Column4354 | FKM1: Column4355 | FKN1: Column4356 | FKO1: Column4357 | FKP1: Column4358 | FKQ1: Column4359 | FKR1: Column4360 | FKS1: Column4361 | FKT1: Column4362 | FKU1: Column4363 | FKV1: Column4364 | FKW1: Column4365 | FKX1: Column4366 | FKY1: Column4367 | FKZ1: Column4368 | FLA1: Column4369 | FLB1: Column4370 | FLC1: Column4371 | FLD1: Column4372 | FLE1: Column4373 | FLF1: Column4374 | FLG1: Column4375 | FLH1: Column4376 | FLI1: Column4377 | FLJ1: Column4378 | FLK1: Column4379 | FLL1: Column4380 | FLM1: Column4381 | FLN1: Column4382 | FLO1: Column4383 | FLP1: Column4384 | FLQ1: Column4385 | FLR1: Column4386 | FLS1: Column4387 | FLT1: Column4388 | FLU1: Column4389 | FLV1: Column4390 | FLW1: Column4391 | FLX1: Column4392 | FLY1: Column4393 | FLZ1: Column4394 | FMA1: Column4395 | FMB1: Column4396 | FMC1: Column4397 | FMD1: Column4398 | FME1: Column4399 | FMF1: Column4400 | FMG1: Column4401 | FMH1: Column4402 | FMI1: Column4403 | FMJ1: Column4404 | FMK1: Column4405 | FML1: Column4406 | FMM1: Column4407 | FMN1: Column4408 | FMO1: Column4409 | FMP1: Column4410 | FMQ1: Column4411 | FMR1: Column4412 | FMS1: Column4413 | FMT1: Column4414 | FMU1: Column4415 | FMV1: Column4416 | FMW1: Column4417 | FMX1: Column4418 | FMY1: Column4419 | FMZ1: Column4420 | FNA1: Column4421 | FNB1: Column4422 | FNC1: Column4423 | FND1: Column4424 | FNE1: Column4425 | FNF1: Column4426 | FNG1: Column4427 | FNH1: Column4428 | FNI1: Column4429 | FNJ1: Column4430 | FNK1: Column4431 | FNL1: Column4432 | FNM1: Column4433 | FNN1: Column4434 | FNO1: Column4435 | FNP1: Column4436 | FNQ1: Column4437 | FNR1: Column4438 | FNS1: Column4439 | FNT1: Column4440 | FNU1: Column4441 | FNV1: Column4442 | FNW1: Column4443 | FNX1: Column4444 | FNY1: Column4445 | FNZ1: Column4446 | FOA1: Column4447 | FOB1: Column4448 | FOC1: Column4449 | FOD1: Column4450 | FOE1: Column4451 | FOF1: Column4452 | FOG1: Column4453 | FOH1: Column4454 | FOI1: Column4455 | FOJ1: Column4456 | FOK1: Column4457 | FOL1: Column4458 | FOM1: Column4459 | FON1: Column4460 | FOO1: Column4461 | FOP1: Column4462 | FOQ1: Column4463 | FOR1: Column4464 | FOS1: Column4465 | FOT1: Column4466 | FOU1: Column4467 | FOV1: Column4468 | FOW1: Column4469 | FOX1: Column4470 | FOY1: Column4471 | FOZ1: Column4472 | FPA1: Column4473 | FPB1: Column4474 | FPC1: Column4475 | FPD1: Column4476 | FPE1: Column4477 | FPF1: Column4478 | FPG1: Column4479 | FPH1: Column4480 | FPI1: Column4481 | FPJ1: Column4482 | FPK1: Column4483 | FPL1: Column4484 | FPM1: Column4485 | FPN1: Column4486 | FPO1: Column4487 | FPP1: Column4488 | FPQ1: Column4489 | FPR1: Column4490 | FPS1: Column4491 | FPT1: Column4492 | FPU1: Column4493 | FPV1: Column4494 | FPW1: Column4495 | FPX1: Column4496 | FPY1: Column4497 | FPZ1: Column4498 | FQA1: Column4499 | FQB1: Column4500 | FQC1: Column4501 | FQD1: Column4502 | FQE1: Column4503 | FQF1: Column4504 | FQG1: Column4505 | FQH1: Column4506 | FQI1: Column4507 | FQJ1: Column4508 | FQK1: Column4509 | FQL1: Column4510 | FQM1: Column4511 | FQN1: Column4512 | FQO1: Column4513 | FQP1: Column4514 | FQQ1: Column4515 | FQR1: Column4516 | FQS1: Column4517 | FQT1: Column4518 | FQU1: Column4519 | FQV1: Column4520 | FQW1: Column4521 | FQX1: Column4522 | FQY1: Column4523 | FQZ1: Column4524 | FRA1: Column4525 | FRB1: Column4526 | FRC1: Column4527 | FRD1: Column4528 | FRE1: Column4529 | FRF1: Column4530 | FRG1: Column4531 | FRH1: Column4532 | FRI1: Column4533 | FRJ1: Column4534 | FRK1: Column4535 | FRL1: Column4536 | FRM1: Column4537 | FRN1: Column4538 | FRO1: Column4539 | FRP1: Column4540 | FRQ1: Column4541 | FRR1: Column4542 | FRS1: Column4543 | FRT1: Column4544 | FRU1: Column4545 | FRV1: Column4546 | FRW1: Column4547 | FRX1: Column4548 | FRY1: Column4549 | FRZ1: Column4550 | FSA1: Column4551 | FSB1: Column4552 | FSC1: Column4553 | FSD1: Column4554 | FSE1: Column4555 | FSF1: Column4556 | FSG1: Column4557 | FSH1: Column4558 | FSI1: Column4559 | FSJ1: Column4560 | FSK1: Column4561 | FSL1: Column4562 | FSM1: Column4563 | FSN1: Column4564 | FSO1: Column4565 | FSP1: Column4566 | FSQ1: Column4567 | FSR1: Column4568 | FSS1: Column4569 | FST1: Column4570 | FSU1: Column4571 | FSV1: Column4572 | FSW1: Column4573 | FSX1: Column4574 | FSY1: Column4575 | FSZ1: Column4576 | FTA1: Column4577 | FTB1: Column4578 | FTC1: Column4579 | FTD1: Column4580 | FTE1: Column4581 | FTF1: Column4582 | FTG1: Column4583 | FTH1: Column4584 | FTI1: Column4585 | FTJ1: Column4586 | FTK1: Column4587 | FTL1: Column4588 | FTM1: Column4589 | FTN1: Column4590 | FTO1: Column4591 | FTP1: Column4592 | FTQ1: Column4593 | FTR1: Column4594 | FTS1: Column4595 | FTT1: Column4596 | FTU1: Column4597 | FTV1: Column4598 | FTW1: Column4599 | FTX1: Column4600 | FTY1: Column4601 | FTZ1: Column4602 | FUA1: Column4603 | FUB1: Column4604 | FUC1: Column4605 | FUD1: Column4606 | FUE1: Column4607 | FUF1: Column4608 | FUG1: Column4609 | FUH1: Column4610 | FUI1: Column4611 | FUJ1: Column4612 | FUK1: Column4613 | FUL1: Column4614 | FUM1: Column4615 | FUN1: Column4616 | FUO1: Column4617 | FUP1: Column4618 | FUQ1: Column4619 | FUR1: Column4620 | FUS1: Column4621 | FUT1: Column4622 | FUU1: Column4623 | FUV1: Column4624 | FUW1: Column4625 | FUX1: Column4626 | FUY1: Column4627 | FUZ1: Column4628 | FVA1: Column4629 | FVB1: Column4630 | FVC1: Column4631 | FVD1: Column4632 | FVE1: Column4633 | FVF1: Column4634 | FVG1: Column4635 | FVH1: Column4636 | FVI1: Column4637 | FVJ1: Column4638 | FVK1: Column4639 | FVL1: Column4640 | FVM1: Column4641 | FVN1: Column4642 | FVO1: Column4643 | FVP1: Column4644 | FVQ1: Column4645 | FVR1: Column4646 | FVS1: Column4647 | FVT1: Column4648 | FVU1: Column4649 | FVV1: Column4650 | FVW1: Column4651 | FVX1: Column4652 | FVY1: Column4653 | FVZ1: Column4654 | FWA1: Column4655 | FWB1: Column4656 | FWC1: Column4657 | FWD1: Column4658 | FWE1: Column4659 | FWF1: Column4660 | FWG1: Column4661 | FWH1: Column4662 | FWI1: Column4663 | FWJ1: Column4664 | FWK1: Column4665 | FWL1: Column4666 | FWM1: Column4667 | FWN1: Column4668 | FWO1: Column4669 | FWP1: Column4670 | FWQ1: Column4671 | FWR1: Column4672 | FWS1: Column4673 | FWT1: Column4674 | FWU1: Column4675 | FWV1: Column4676 | FWW1: Column4677 | FWX1: Column4678 | FWY1: Column4679 | FWZ1: Column4680 | FXA1: Column4681 | FXB1: Column4682 | FXC1: Column4683 | FXD1: Column4684 | FXE1: Column4685 | FXF1: Column4686 | FXG1: Column4687 | FXH1: Column4688 | FXI1: Column4689 | FXJ1: Column4690 | FXK1: Column4691 | FXL1: Column4692 | FXM1: Column4693 | FXN1: Column4694 | FXO1: Column4695 | FXP1: Column4696 | FXQ1: Column4697 | FXR1: Column4698 | FXS1: Column4699 | FXT1: Column4700 | FXU1: Column4701 | FXV1: Column4702 | FXW1: Column4703 | FXX1: Column4704 | FXY1: Column4705 | FXZ1: Column4706 | FYA1: Column4707 | FYB1: Column4708 | FYC1: Column4709 | FYD1: Column4710 | FYE1: Column4711 | FYF1: Column4712 | FYG1: Column4713 | FYH1: Column4714 | FYI1: Column4715 | FYJ1: Column4716 | FYK1: Column4717 | FYL1: Column4718 | FYM1: Column4719 | FYN1: Column4720 | FYO1: Column4721 | FYP1: Column4722 | FYQ1: Column4723 | FYR1: Column4724 | FYS1: Column4725 | FYT1: Column4726 | FYU1: Column4727 | FYV1: Column4728 | FYW1: Column4729 | FYX1: Column4730 | FYY1: Column4731 | FYZ1: Column4732 | FZA1: Column4733 | FZB1: Column4734 | FZC1: Column4735 | FZD1: Column4736 | FZE1: Column4737 | FZF1: Column4738 | FZG1: Column4739 | FZH1: Column4740 | FZI1: Column4741 | FZJ1: Column4742 | FZK1: Column4743 | FZL1: Column4744 | FZM1: Column4745 | FZN1: Column4746 | FZO1: Column4747 | FZP1: Column4748 | FZQ1: Column4749 | FZR1: Column4750 | FZS1: Column4751 | FZT1: Column4752 | FZU1: Column4753 | FZV1: Column4754 | FZW1: Column4755 | FZX1: Column4756 | FZY1: Column4757 | FZZ1: Column4758 | GAA1: Column4759 | GAB1: Column4760 | GAC1: Column4761 | GAD1: Column4762 | GAE1: Column4763 | GAF1: Column4764 | GAG1: Column4765 | GAH1: Column4766 | GAI1: Column4767 | GAJ1: Column4768 | GAK1: Column4769 | GAL1: Column4770 | GAM1: Column4771 | GAN1: Column4772 | GAO1: Column4773 | GAP1: Column4774 | GAQ1: Column4775 | GAR1: Column4776 | GAS1: Column4777 | GAT1: Column4778 | GAU1: Column4779 | GAV1: Column4780 | GAW1: Column4781 | GAX1: Column4782 | GAY1: Column4783 | GAZ1: Column4784 | GBA1: Column4785 | GBB1: Column4786 | GBC1: Column4787 | GBD1: Column4788 | GBE1: Column4789 | GBF1: Column4790 | GBG1: Column4791 | GBH1: Column4792 | GBI1: Column4793 | GBJ1: Column4794 | GBK1: Column4795 | GBL1: Column4796 | GBM1: Column4797 | GBN1: Column4798 | GBO1: Column4799 | GBP1: Column4800 | GBQ1: Column4801 | GBR1: Column4802 | GBS1: Column4803 | GBT1: Column4804 | GBU1: Column4805 | GBV1: Column4806 | GBW1: Column4807 | GBX1: Column4808 | GBY1: Column4809 | GBZ1: Column4810 | GCA1: Column4811 | GCB1: Column4812 | GCC1: Column4813 | GCD1: Column4814 | GCE1: Column4815 | GCF1: Column4816 | GCG1: Column4817 | GCH1: Column4818 | GCI1: Column4819 | GCJ1: Column4820 | GCK1: Column4821 | GCL1: Column4822 | GCM1: Column4823 | GCN1: Column4824 | GCO1: Column4825 | GCP1: Column4826 | GCQ1: Column4827 | GCR1: Column4828 | GCS1: Column4829 | GCT1: Column4830 | GCU1: Column4831 | GCV1: Column4832 | GCW1: Column4833 | GCX1: Column4834 | GCY1: Column4835 | GCZ1: Column4836 | GDA1: Column4837 | GDB1: Column4838 | GDC1: Column4839 | GDD1: Column4840 | GDE1: Column4841 | GDF1: Column4842 | GDG1: Column4843 | GDH1: Column4844 | GDI1: Column4845 | GDJ1: Column4846 | GDK1: Column4847 | GDL1: Column4848 | GDM1: Column4849 | GDN1: Column4850 | GDO1: Column4851 | GDP1: Column4852 | GDQ1: Column4853 | GDR1: Column4854 | GDS1: Column4855 | GDT1: Column4856 | GDU1: Column4857 | GDV1: Column4858 | GDW1: Column4859 | GDX1: Column4860 | GDY1: Column4861 | GDZ1: Column4862 | GEA1: Column4863 | GEB1: Column4864 | GEC1: Column4865 | GED1: Column4866 | GEE1: Column4867 | GEF1: Column4868 | GEG1: Column4869 | GEH1: Column4870 | GEI1: Column4871 | GEJ1: Column4872 | GEK1: Column4873 | GEL1: Column4874 | GEM1: Column4875 | GEN1: Column4876 | GEO1: Column4877 | GEP1: Column4878 | GEQ1: Column4879 | GER1: Column4880 | GES1: Column4881 | GET1: Column4882 | GEU1: Column4883 | GEV1: Column4884 | GEW1: Column4885 | GEX1: Column4886 | GEY1: Column4887 | GEZ1: Column4888 | GFA1: Column4889 | GFB1: Column4890 | GFC1: Column4891 | GFD1: Column4892 | GFE1: Column4893 | GFF1: Column4894 | GFG1: Column4895 | GFH1: Column4896 | GFI1: Column4897 | GFJ1: Column4898 | GFK1: Column4899 | GFL1: Column4900 | GFM1: Column4901 | GFN1: Column4902 | GFO1: Column4903 | GFP1: Column4904 | GFQ1: Column4905 | GFR1: Column4906 | GFS1: Column4907 | GFT1: Column4908 | GFU1: Column4909 | GFV1: Column4910 | GFW1: Column4911 | GFX1: Column4912 | GFY1: Column4913 | GFZ1: Column4914 | GGA1: Column4915 | GGB1: Column4916 | GGC1: Column4917 | GGD1: Column4918 | GGE1: Column4919 | GGF1: Column4920 | GGG1: Column4921 | GGH1: Column4922 | GGI1: Column4923 | GGJ1: Column4924 | GGK1: Column4925 | GGL1: Column4926 | GGM1: Column4927 | GGN1: Column4928 | GGO1: Column4929 | GGP1: Column4930 | GGQ1: Column4931 | GGR1: Column4932 | GGS1: Column4933 | GGT1: Column4934 | GGU1: Column4935 | GGV1: Column4936 | GGW1: Column4937 | GGX1: Column4938 | GGY1: Column4939 | GGZ1: Column4940 | GHA1: Column4941 | GHB1: Column4942 | GHC1: Column4943 | GHD1: Column4944 | GHE1: Column4945 | GHF1: Column4946 | GHG1: Column4947 | GHH1: Column4948 | GHI1: Column4949 | GHJ1: Column4950 | GHK1: Column4951 | GHL1: Column4952 | GHM1: Column4953 | GHN1: Column4954 | GHO1: Column4955 | GHP1: Column4956 | GHQ1: Column4957 | GHR1: Column4958 | GHS1: Column4959 | GHT1: Column4960 | GHU1: Column4961 | GHV1: Column4962 | GHW1: Column4963 | GHX1: Column4964 | GHY1: Column4965 | GHZ1: Column4966 | GIA1: Column4967 | GIB1: Column4968 | GIC1: Column4969 | GID1: Column4970 | GIE1: Column4971 | GIF1: Column4972 | GIG1: Column4973 | GIH1: Column4974 | GII1: Column4975 | GIJ1: Column4976 | GIK1: Column4977 | GIL1: Column4978 | GIM1: Column4979 | GIN1: Column4980 | GIO1: Column4981 | GIP1: Column4982 | GIQ1: Column4983 | GIR1: Column4984 | GIS1: Column4985 | GIT1: Column4986 | GIU1: Column4987 | GIV1: Column4988 | GIW1: Column4989 | GIX1: Column4990 | GIY1: Column4991 | GIZ1: Column4992 | GJA1: Column4993 | GJB1: Column4994 | GJC1: Column4995 | GJD1: Column4996 | GJE1: Column4997 | GJF1: Column4998 | GJG1: Column4999 | GJH1: Column5000 | GJI1: Column5001 | GJJ1: Column5002 | GJK1: Column5003 | GJL1: Column5004 | GJM1: Column5005 | GJN1: Column5006 | GJO1: Column5007 | GJP1: Column5008 | GJQ1: Column5009 | GJR1: Column5010 | GJS1: Column5011 | GJT1: Column5012 | GJU1: Column5013 | GJV1: Column5014 | GJW1: Column5015 | GJX1: Column5016 | GJY1: Column5017 | GJZ1: Column5018 | GKA1: Column5019 | GKB1: Column5020 | GKC1: Column5021 | GKD1: Column5022 | GKE1: Column5023 | GKF1: Column5024 | GKG1: Column5025 | GKH1: Column5026 | GKI1: Column5027 | GKJ1: Column5028 | GKK1: Column5029 | GKL1: Column5030 | GKM1: Column5031 | GKN1: Column5032 | GKO1: Column5033 | GKP1: Column5034 | GKQ1: Column5035 | GKR1: Column5036 | GKS1: Column5037 | GKT1: Column5038 | GKU1: Column5039 | GKV1: Column5040 | GKW1: Column5041 | GKX1: Column5042 | GKY1: Column5043 | GKZ1: Column5044 | GLA1: Column5045 | GLB1: Column5046 | GLC1: Column5047 | GLD1: Column5048 | GLE1: Column5049 | GLF1: Column5050 | GLG1: Column5051 | GLH1: Column5052 | GLI1: Column5053 | GLJ1: Column5054 | GLK1: Column5055 | GLL1: Column5056 | GLM1: Column5057 | GLN1: Column5058 | GLO1: Column5059 | GLP1: Column5060 | GLQ1: Column5061 | GLR1: Column5062 | GLS1: Column5063 | GLT1: Column5064 | GLU1: Column5065 | GLV1: Column5066 | GLW1: Column5067 | GLX1: Column5068 | GLY1: Column5069 | GLZ1: Column5070 | GMA1: Column5071 | GMB1: Column5072 | GMC1: Column5073 | GMD1: Column5074 | GME1: Column5075 | GMF1: Column5076 | GMG1: Column5077 | GMH1: Column5078 | GMI1: Column5079 | GMJ1: Column5080 | GMK1: Column5081 | GML1: Column5082 | GMM1: Column5083 | GMN1: Column5084 | GMO1: Column5085 | GMP1: Column5086 | GMQ1: Column5087 | GMR1: Column5088 | GMS1: Column5089 | GMT1: Column5090 | GMU1: Column5091 | GMV1: Column5092 | GMW1: Column5093 | GMX1: Column5094 | GMY1: Column5095 | GMZ1: Column5096 | GNA1: Column5097 | GNB1: Column5098 | GNC1: Column5099 | GND1: Column5100 | GNE1: Column5101 | GNF1: Column5102 | GNG1: Column5103 | GNH1: Column5104 | GNI1: Column5105 | GNJ1: Column5106 | GNK1: Column5107 | GNL1: Column5108 | GNM1: Column5109 | GNN1: Column5110 | GNO1: Column5111 | GNP1: Column5112 | GNQ1: Column5113 | GNR1: Column5114 | GNS1: Column5115 | GNT1: Column5116 | GNU1: Column5117 | GNV1: Column5118 | GNW1: Column5119 | GNX1: Column5120 | GNY1: Column5121 | GNZ1: Column5122 | GOA1: Column5123 | GOB1: Column5124 | GOC1: Column5125 | GOD1: Column5126 | GOE1: Column5127 | GOF1: Column5128 | GOG1: Column5129 | GOH1: Column5130 | GOI1: Column5131 | GOJ1: Column5132 | GOK1: Column5133 | GOL1: Column5134 | GOM1: Column5135 | GON1: Column5136 | GOO1: Column5137 | GOP1: Column5138 | GOQ1: Column5139 | GOR1: Column5140 | GOS1: Column5141 | GOT1: Column5142 | GOU1: Column5143 | GOV1: Column5144 | GOW1: Column5145 | GOX1: Column5146 | GOY1: Column5147 | GOZ1: Column5148 | GPA1: Column5149 | GPB1: Column5150 | GPC1: Column5151 | GPD1: Column5152 | GPE1: Column5153 | GPF1: Column5154 | GPG1: Column5155 | GPH1: Column5156 | GPI1: Column5157 | GPJ1: Column5158 | GPK1: Column5159 | GPL1: Column5160 | GPM1: Column5161 | GPN1: Column5162 | GPO1: Column5163 | GPP1: Column5164 | GPQ1: Column5165 | GPR1: Column5166 | GPS1: Column5167 | GPT1: Column5168 | GPU1: Column5169 | GPV1: Column5170 | GPW1: Column5171 | GPX1: Column5172 | GPY1: Column5173 | GPZ1: Column5174 | GQA1: Column5175 | GQB1: Column5176 | GQC1: Column5177 | GQD1: Column5178 | GQE1: Column5179 | GQF1: Column5180 | GQG1: Column5181 | GQH1: Column5182 | GQI1: Column5183 | GQJ1: Column5184 | GQK1: Column5185 | GQL1: Column5186 | GQM1: Column5187 | GQN1: Column5188 | GQO1: Column5189 | GQP1: Column5190 | GQQ1: Column5191 | GQR1: Column5192 | GQS1: Column5193 | GQT1: Column5194 | GQU1: Column5195 | GQV1: Column5196 | GQW1: Column5197 | GQX1: Column5198 | GQY1: Column5199 | GQZ1: Column5200 | GRA1: Column5201 | GRB1: Column5202 | GRC1: Column5203 | GRD1: Column5204 | GRE1: Column5205 | GRF1: Column5206 | GRG1: Column5207 | GRH1: Column5208 | GRI1: Column5209 | GRJ1: Column5210 | GRK1: Column5211 | GRL1: Column5212 | GRM1: Column5213 | GRN1: Column5214 | GRO1: Column5215 | GRP1: Column5216 | GRQ1: Column5217 | GRR1: Column5218 | GRS1: Column5219 | GRT1: Column5220 | GRU1: Column5221 | GRV1: Column5222 | GRW1: Column5223 | GRX1: Column5224 | GRY1: Column5225 | GRZ1: Column5226 | GSA1: Column5227 | GSB1: Column5228 | GSC1: Column5229 | GSD1: Column5230 | GSE1: Column5231 | GSF1: Column5232 | GSG1: Column5233 | GSH1: Column5234 | GSI1: Column5235 | GSJ1: Column5236 | GSK1: Column5237 | GSL1: Column5238 | GSM1: Column5239 | GSN1: Column5240 | GSO1: Column5241 | GSP1: Column5242 | GSQ1: Column5243 | GSR1: Column5244 | GSS1: Column5245 | GST1: Column5246 | GSU1: Column5247 | GSV1: Column5248 | GSW1: Column5249 | GSX1: Column5250 | GSY1: Column5251 | GSZ1: Column5252 | GTA1: Column5253 | GTB1: Column5254 | GTC1: Column5255 | GTD1: Column5256 | GTE1: Column5257 | GTF1: Column5258 | GTG1: Column5259 | GTH1: Column5260 | GTI1: Column5261 | GTJ1: Column5262 | GTK1: Column5263 | GTL1: Column5264 | GTM1: Column5265 | GTN1: Column5266 | GTO1: Column5267 | GTP1: Column5268 | GTQ1: Column5269 | GTR1: Column5270 | GTS1: Column5271 | GTT1: Column5272 | GTU1: Column5273 | GTV1: Column5274 | GTW1: Column5275 | GTX1: Column5276 | GTY1: Column5277 | GTZ1: Column5278 | GUA1: Column5279 | GUB1: Column5280 | GUC1: Column5281 | GUD1: Column5282 | GUE1: Column5283 | GUF1: Column5284 | GUG1: Column5285 | GUH1: Column5286 | GUI1: Column5287 | GUJ1: Column5288 | GUK1: Column5289 | GUL1: Column5290 | GUM1: Column5291 | GUN1: Column5292 | GUO1: Column5293 | GUP1: Column5294 | GUQ1: Column5295 | GUR1: Column5296 | GUS1: Column5297 | GUT1: Column5298 | GUU1: Column5299 | GUV1: Column5300 | GUW1: Column5301 | GUX1: Column5302 | GUY1: Column5303 | GUZ1: Column5304 | GVA1: Column5305 | GVB1: Column5306 | GVC1: Column5307 | GVD1: Column5308 | GVE1: Column5309 | GVF1: Column5310 | GVG1: Column5311 | GVH1: Column5312 | GVI1: Column5313 | GVJ1: Column5314 | GVK1: Column5315 | GVL1: Column5316 | GVM1: Column5317 | GVN1: Column5318 | GVO1: Column5319 | GVP1: Column5320 | GVQ1: Column5321 | GVR1: Column5322 | GVS1: Column5323 | GVT1: Column5324 | GVU1: Column5325 | GVV1: Column5326 | GVW1: Column5327 | GVX1: Column5328 | GVY1: Column5329 | GVZ1: Column5330 | GWA1: Column5331 | GWB1: Column5332 | GWC1: Column5333 | GWD1: Column5334 | GWE1: Column5335 | GWF1: Column5336 | GWG1: Column5337 | GWH1: Column5338 | GWI1: Column5339 | GWJ1: Column5340 | GWK1: Column5341 | GWL1: Column5342 | GWM1: Column5343 | GWN1: Column5344 | GWO1: Column5345 | GWP1: Column5346 | GWQ1: Column5347 | GWR1: Column5348 | GWS1: Column5349 | GWT1: Column5350 | GWU1: Column5351 | GWV1: Column5352 | GWW1: Column5353 | GWX1: Column5354 | GWY1: Column5355 | GWZ1: Column5356 | GXA1: Column5357 | GXB1: Column5358 | GXC1: Column5359 | GXD1: Column5360 | GXE1: Column5361 | GXF1: Column5362 | GXG1: Column5363 | GXH1: Column5364 | GXI1: Column5365 | GXJ1: Column5366 | GXK1: Column5367 | GXL1: Column5368 | GXM1: Column5369 | GXN1: Column5370 | GXO1: Column5371 | GXP1: Column5372 | GXQ1: Column5373 | GXR1: Column5374 | GXS1: Column5375 | GXT1: Column5376 | GXU1: Column5377 | GXV1: Column5378 | GXW1: Column5379 | GXX1: Column5380 | GXY1: Column5381 | GXZ1: Column5382 | GYA1: Column5383 | GYB1: Column5384 | GYC1: Column5385 | GYD1: Column5386 | GYE1: Column5387 | GYF1: Column5388 | GYG1: Column5389 | GYH1: Column5390 | GYI1: Column5391 | GYJ1: Column5392 | GYK1: Column5393 | GYL1: Column5394 | GYM1: Column5395 | GYN1: Column5396 | GYO1: Column5397 | GYP1: Column5398 | GYQ1: Column5399 | GYR1: Column5400 | GYS1: Column5401 | GYT1: Column5402 | GYU1: Column5403 | GYV1: Column5404 | GYW1: Column5405 | GYX1: Column5406 | GYY1: Column5407 | GYZ1: Column5408 | GZA1: Column5409 | GZB1: Column5410 | GZC1: Column5411 | GZD1: Column5412 | GZE1: Column5413 | GZF1: Column5414 | GZG1: Column5415 | GZH1: Column5416 | GZI1: Column5417 | GZJ1: Column5418 | GZK1: Column5419 | GZL1: Column5420 | GZM1: Column5421 | GZN1: Column5422 | GZO1: Column5423 | GZP1: Column5424 | GZQ1: Column5425 | GZR1: Column5426 | GZS1: Column5427 | GZT1: Column5428 | GZU1: Column5429 | GZV1: Column5430 | GZW1: Column5431 | GZX1: Column5432 | GZY1: Column5433 | GZZ1: Column5434 | HAA1: Column5435 | HAB1: Column5436 | HAC1: Column5437 | HAD1: Column5438 | HAE1: Column5439 | HAF1: Column5440 | HAG1: Column5441 | HAH1: Column5442 | HAI1: Column5443 | HAJ1: Column5444 | HAK1: Column5445 | HAL1: Column5446 | HAM1: Column5447 | HAN1: Column5448 | HAO1: Column5449 | HAP1: Column5450 | HAQ1: Column5451 | HAR1: Column5452 | HAS1: Column5453 | HAT1: Column5454 | HAU1: Column5455 | HAV1: Column5456 | HAW1: Column5457 | HAX1: Column5458 | HAY1: Column5459 | HAZ1: Column5460 | HBA1: Column5461 | HBB1: Column5462 | HBC1: Column5463 | HBD1: Column5464 | HBE1: Column5465 | HBF1: Column5466 | HBG1: Column5467 | HBH1: Column5468 | HBI1: Column5469 | HBJ1: Column5470 | HBK1: Column5471 | HBL1: Column5472 | HBM1: Column5473 | HBN1: Column5474 | HBO1: Column5475 | HBP1: Column5476 | HBQ1: Column5477 | HBR1: Column5478 | HBS1: Column5479 | HBT1: Column5480 | HBU1: Column5481 | HBV1: Column5482 | HBW1: Column5483 | HBX1: Column5484 | HBY1: Column5485 | HBZ1: Column5486 | HCA1: Column5487 | HCB1: Column5488 | HCC1: Column5489 | HCD1: Column5490 | HCE1: Column5491 | HCF1: Column5492 | HCG1: Column5493 | HCH1: Column5494 | HCI1: Column5495 | HCJ1: Column5496 | HCK1: Column5497 | HCL1: Column5498 | HCM1: Column5499 | HCN1: Column5500 | HCO1: Column5501 | HCP1: Column5502 | HCQ1: Column5503 | HCR1: Column5504 | HCS1: Column5505 | HCT1: Column5506 | HCU1: Column5507 | HCV1: Column5508 | HCW1: Column5509 | HCX1: Column5510 | HCY1: Column5511 | HCZ1: Column5512 | HDA1: Column5513 | HDB1: Column5514 | HDC1: Column5515 | HDD1: Column5516 | HDE1: Column5517 | HDF1: Column5518 | HDG1: Column5519 | HDH1: Column5520 | HDI1: Column5521 | HDJ1: Column5522 | HDK1: Column5523 | HDL1: Column5524 | HDM1: Column5525 | HDN1: Column5526 | HDO1: Column5527 | HDP1: Column5528 | HDQ1: Column5529 | HDR1: Column5530 | HDS1: Column5531 | HDT1: Column5532 | HDU1: Column5533 | HDV1: Column5534 | HDW1: Column5535 | HDX1: Column5536 | HDY1: Column5537 | HDZ1: Column5538 | HEA1: Column5539 | HEB1: Column5540 | HEC1: Column5541 | HED1: Column5542 | HEE1: Column5543 | HEF1: Column5544 | HEG1: Column5545 | HEH1: Column5546 | HEI1: Column5547 | HEJ1: Column5548 | HEK1: Column5549 | HEL1: Column5550 | HEM1: Column5551 | HEN1: Column5552 | HEO1: Column5553 | HEP1: Column5554 | HEQ1: Column5555 | HER1: Column5556 | HES1: Column5557 | HET1: Column5558 | HEU1: Column5559 | HEV1: Column5560 | HEW1: Column5561 | HEX1: Column5562 | HEY1: Column5563 | HEZ1: Column5564 | HFA1: Column5565 | HFB1: Column5566 | HFC1: Column5567 | HFD1: Column5568 | HFE1: Column5569 | HFF1: Column5570 | HFG1: Column5571 | HFH1: Column5572 | HFI1: Column5573 | HFJ1: Column5574 | HFK1: Column5575 | HFL1: Column5576 | HFM1: Column5577 | HFN1: Column5578 | HFO1: Column5579 | HFP1: Column5580 | HFQ1: Column5581 | HFR1: Column5582 | HFS1: Column5583 | HFT1: Column5584 | HFU1: Column5585 | HFV1: Column5586 | HFW1: Column5587 | HFX1: Column5588 | HFY1: Column5589 | HFZ1: Column5590 | HGA1: Column5591 | HGB1: Column5592 | HGC1: Column5593 | HGD1: Column5594 | HGE1: Column5595 | HGF1: Column5596 | HGG1: Column5597 | HGH1: Column5598 | HGI1: Column5599 | HGJ1: Column5600 | HGK1: Column5601 | HGL1: Column5602 | HGM1: Column5603 | HGN1: Column5604 | HGO1: Column5605 | HGP1: Column5606 | HGQ1: Column5607 | HGR1: Column5608 | HGS1: Column5609 | HGT1: Column5610 | HGU1: Column5611 | HGV1: Column5612 | HGW1: Column5613 | HGX1: Column5614 | HGY1: Column5615 | HGZ1: Column5616 | HHA1: Column5617 | HHB1: Column5618 | HHC1: Column5619 | HHD1: Column5620 | HHE1: Column5621 | HHF1: Column5622 | HHG1: Column5623 | HHH1: Column5624 | HHI1: Column5625 | HHJ1: Column5626 | HHK1: Column5627 | HHL1: Column5628 | HHM1: Column5629 | HHN1: Column5630 | HHO1: Column5631 | HHP1: Column5632 | HHQ1: Column5633 | HHR1: Column5634 | HHS1: Column5635 | HHT1: Column5636 | HHU1: Column5637 | HHV1: Column5638 | HHW1: Column5639 | HHX1: Column5640 | HHY1: Column5641 | HHZ1: Column5642 | HIA1: Column5643 | HIB1: Column5644 | HIC1: Column5645 | HID1: Column5646 | HIE1: Column5647 | HIF1: Column5648 | HIG1: Column5649 | HIH1: Column5650 | HII1: Column5651 | HIJ1: Column5652 | HIK1: Column5653 | HIL1: Column5654 | HIM1: Column5655 | HIN1: Column5656 | HIO1: Column5657 | HIP1: Column5658 | HIQ1: Column5659 | HIR1: Column5660 | HIS1: Column5661 | HIT1: Column5662 | HIU1: Column5663 | HIV1: Column5664 | HIW1: Column5665 | HIX1: Column5666 | HIY1: Column5667 | HIZ1: Column5668 | HJA1: Column5669 | HJB1: Column5670 | HJC1: Column5671 | HJD1: Column5672 | HJE1: Column5673 | HJF1: Column5674 | HJG1: Column5675 | HJH1: Column5676 | HJI1: Column5677 | HJJ1: Column5678 | HJK1: Column5679 | HJL1: Column5680 | HJM1: Column5681 | HJN1: Column5682 | HJO1: Column5683 | HJP1: Column5684 | HJQ1: Column5685 | HJR1: Column5686 | HJS1: Column5687 | HJT1: Column5688 | HJU1: Column5689 | HJV1: Column5690 | HJW1: Column5691 | HJX1: Column5692 | HJY1: Column5693 | HJZ1: Column5694 | HKA1: Column5695 | HKB1: Column5696 | HKC1: Column5697 | HKD1: Column5698 | HKE1: Column5699 | HKF1: Column5700 | HKG1: Column5701 | HKH1: Column5702 | HKI1: Column5703 | HKJ1: Column5704 | HKK1: Column5705 | HKL1: Column5706 | HKM1: Column5707 | HKN1: Column5708 | HKO1: Column5709 | HKP1: Column5710 | HKQ1: Column5711 | HKR1: Column5712 | HKS1: Column5713 | HKT1: Column5714 | HKU1: Column5715 | HKV1: Column5716 | HKW1: Column5717 | HKX1: Column5718 | HKY1: Column5719 | HKZ1: Column5720 | HLA1: Column5721 | HLB1: Column5722 | HLC1: Column5723 | HLD1: Column5724 | HLE1: Column5725 | HLF1: Column5726 | HLG1: Column5727 | HLH1: Column5728 | HLI1: Column5729 | HLJ1: Column5730 | HLK1: Column5731 | HLL1: Column5732 | HLM1: Column5733 | HLN1: Column5734 | HLO1: Column5735 | HLP1: Column5736 | HLQ1: Column5737 | HLR1: Column5738 | HLS1: Column5739 | HLT1: Column5740 | HLU1: Column5741 | HLV1: Column5742 | HLW1: Column5743 | HLX1: Column5744 | HLY1: Column5745 | HLZ1: Column5746 | HMA1: Column5747 | HMB1: Column5748 | HMC1: Column5749 | HMD1: Column5750 | HME1: Column5751 | HMF1: Column5752 | HMG1: Column5753 | HMH1: Column5754 | HMI1: Column5755 | HMJ1: Column5756 | HMK1: Column5757 | HML1: Column5758 | HMM1: Column5759 | HMN1: Column5760 | HMO1: Column5761 | HMP1: Column5762 | HMQ1: Column5763 | HMR1: Column5764 | HMS1: Column5765 | HMT1: Column5766 | HMU1: Column5767 | HMV1: Column5768 | HMW1: Column5769 | HMX1: Column5770 | HMY1: Column5771 | HMZ1: Column5772 | HNA1: Column5773 | HNB1: Column5774 | HNC1: Column5775 | HND1: Column5776 | HNE1: Column5777 | HNF1: Column5778 | HNG1: Column5779 | HNH1: Column5780 | HNI1: Column5781 | HNJ1: Column5782 | HNK1: Column5783 | HNL1: Column5784 | HNM1: Column5785 | HNN1: Column5786 | HNO1: Column5787 | HNP1: Column5788 | HNQ1: Column5789 | HNR1: Column5790 | HNS1: Column5791 | HNT1: Column5792 | HNU1: Column5793 | HNV1: Column5794 | HNW1: Column5795 | HNX1: Column5796 | HNY1: Column5797 | HNZ1: Column5798 | HOA1: Column5799 | HOB1: Column5800 | HOC1: Column5801 | HOD1: Column5802 | HOE1: Column5803 | HOF1: Column5804 | HOG1: Column5805 | HOH1: Column5806 | HOI1: Column5807 | HOJ1: Column5808 | HOK1: Column5809 | HOL1: Column5810 | HOM1: Column5811 | HON1: Column5812 | HOO1: Column5813 | HOP1: Column5814 | HOQ1: Column5815 | HOR1: Column5816 | HOS1: Column5817 | HOT1: Column5818 | HOU1: Column5819 | HOV1: Column5820 | HOW1: Column5821 | HOX1: Column5822 | HOY1: Column5823 | HOZ1: Column5824 | HPA1: Column5825 | HPB1: Column5826 | HPC1: Column5827 | HPD1: Column5828 | HPE1: Column5829 | HPF1: Column5830 | HPG1: Column5831 | HPH1: Column5832 | HPI1: Column5833 | HPJ1: Column5834 | HPK1: Column5835 | HPL1: Column5836 | HPM1: Column5837 | HPN1: Column5838 | HPO1: Column5839 | HPP1: Column5840 | HPQ1: Column5841 | HPR1: Column5842 | HPS1: Column5843 | HPT1: Column5844 | HPU1: Column5845 | HPV1: Column5846 | HPW1: Column5847 | HPX1: Column5848 | HPY1: Column5849 | HPZ1: Column5850 | HQA1: Column5851 | HQB1: Column5852 | HQC1: Column5853 | HQD1: Column5854 | HQE1: Column5855 | HQF1: Column5856 | HQG1: Column5857 | HQH1: Column5858 | HQI1: Column5859 | HQJ1: Column5860 | HQK1: Column5861 | HQL1: Column5862 | HQM1: Column5863 | HQN1: Column5864 | HQO1: Column5865 | HQP1: Column5866 | HQQ1: Column5867 | HQR1: Column5868 | HQS1: Column5869 | HQT1: Column5870 | HQU1: Column5871 | HQV1: Column5872 | HQW1: Column5873 | HQX1: Column5874 | HQY1: Column5875 | HQZ1: Column5876 | HRA1: Column5877 | HRB1: Column5878 | HRC1: Column5879 | HRD1: Column5880 | HRE1: Column5881 | HRF1: Column5882 | HRG1: Column5883 | HRH1: Column5884 | HRI1: Column5885 | HRJ1: Column5886 | HRK1: Column5887 | HRL1: Column5888 | HRM1: Column5889 | HRN1: Column5890 | HRO1: Column5891 | HRP1: Column5892 | HRQ1: Column5893 | HRR1: Column5894 | HRS1: Column5895 | HRT1: Column5896 | HRU1: Column5897 | HRV1: Column5898 | HRW1: Column5899 | HRX1: Column5900 | HRY1: Column5901 | HRZ1: Column5902 | HSA1: Column5903 | HSB1: Column5904 | HSC1: Column5905 | HSD1: Column5906 | HSE1: Column5907 | HSF1: Column5908 | HSG1: Column5909 | HSH1: Column5910 | HSI1: Column5911 | HSJ1: Column5912 | HSK1: Column5913 | HSL1: Column5914 | HSM1: Column5915 | HSN1: Column5916 | HSO1: Column5917 | HSP1: Column5918 | HSQ1: Column5919 | HSR1: Column5920 | HSS1: Column5921 | HST1: Column5922 | HSU1: Column5923 | HSV1: Column5924 | HSW1: Column5925 | HSX1: Column5926 | HSY1: Column5927 | HSZ1: Column5928 | HTA1: Column5929 | HTB1: Column5930 | HTC1: Column5931 | HTD1: Column5932 | HTE1: Column5933 | HTF1: Column5934 | HTG1: Column5935 | HTH1: Column5936 | HTI1: Column5937 | HTJ1: Column5938 | HTK1: Column5939 | HTL1: Column5940 | HTM1: Column5941 | HTN1: Column5942 | HTO1: Column5943 | HTP1: Column5944 | HTQ1: Column5945 | HTR1: Column5946 | HTS1: Column5947 | HTT1: Column5948 | HTU1: Column5949 | HTV1: Column5950 | HTW1: Column5951 | HTX1: Column5952 | HTY1: Column5953 | HTZ1: Column5954 | HUA1: Column5955 | HUB1: Column5956 | HUC1: Column5957 | HUD1: Column5958 | HUE1: Column5959 | HUF1: Column5960 | HUG1: Column5961 | HUH1: Column5962 | HUI1: Column5963 | HUJ1: Column5964 | HUK1: Column5965 | HUL1: Column5966 | HUM1: Column5967 | HUN1: Column5968 | HUO1: Column5969 | HUP1: Column5970 | HUQ1: Column5971 | HUR1: Column5972 | HUS1: Column5973 | HUT1: Column5974 | HUU1: Column5975 | HUV1: Column5976 | HUW1: Column5977 | HUX1: Column5978 | HUY1: Column5979 | HUZ1: Column5980 | HVA1: Column5981 | HVB1: Column5982 | HVC1: Column5983 | HVD1: Column5984 | HVE1: Column5985 | HVF1: Column5986 | HVG1: Column5987 | HVH1: Column5988 | HVI1: Column5989 | HVJ1: Column5990 | HVK1: Column5991 | HVL1: Column5992 | HVM1: Column5993 | HVN1: Column5994 | HVO1: Column5995 | HVP1: Column5996 | HVQ1: Column5997 | HVR1: Column5998 | HVS1: Column5999 | HVT1: Column6000 | HVU1: Column6001 | HVV1: Column6002 | HVW1: Column6003 | HVX1: Column6004 | HVY1: Column6005 | HVZ1: Column6006 | HWA1: Column6007 | HWB1: Column6008 | HWC1: Column6009 | HWD1: Column6010 | HWE1: Column6011 | HWF1: Column6012 | HWG1: Column6013 | HWH1: Column6014 | HWI1: Column6015 | HWJ1: Column6016 | HWK1: Column6017 | HWL1: Column6018 | HWM1: Column6019 | HWN1: Column6020 | HWO1: Column6021 | HWP1: Column6022 | HWQ1: Column6023 | HWR1: Column6024 | HWS1: Column6025 | HWT1: Column6026 | HWU1: Column6027 | HWV1: Column6028 | HWW1: Column6029 | HWX1: Column6030 | HWY1: Column6031 | HWZ1: Column6032 | HXA1: Column6033 | HXB1: Column6034 | HXC1: Column6035 | HXD1: Column6036 | HXE1: Column6037 | HXF1: Column6038 | HXG1: Column6039 | HXH1: Column6040 | HXI1: Column6041 | HXJ1: Column6042 | HXK1: Column6043 | HXL1: Column6044 | HXM1: Column6045 | HXN1: Column6046 | HXO1: Column6047 | HXP1: Column6048 | HXQ1: Column6049 | HXR1: Column6050 | HXS1: Column6051 | HXT1: Column6052 | HXU1: Column6053 | HXV1: Column6054 | HXW1: Column6055 | HXX1: Column6056 | HXY1: Column6057 | HXZ1: Column6058 | HYA1: Column6059 | HYB1: Column6060 | HYC1: Column6061 | HYD1: Column6062 | HYE1: Column6063 | HYF1: Column6064 | HYG1: Column6065 | HYH1: Column6066 | HYI1: Column6067 | HYJ1: Column6068 | HYK1: Column6069 | HYL1: Column6070 | HYM1: Column6071 | HYN1: Column6072 | HYO1: Column6073 | HYP1: Column6074 | HYQ1: Column6075 | HYR1: Column6076 | HYS1: Column6077 | HYT1: Column6078 | HYU1: Column6079 | HYV1: Column6080 | HYW1: Column6081 | HYX1: Column6082 | HYY1: Column6083 | HYZ1: Column6084 | HZA1: Column6085 | HZB1: Column6086 | HZC1: Column6087 | HZD1: Column6088 | HZE1: Column6089 | HZF1: Column6090 | HZG1: Column6091 | HZH1: Column6092 | HZI1: Column6093 | HZJ1: Column6094 | HZK1: Column6095 | HZL1: Column6096 | HZM1: Column6097 | HZN1: Column6098 | HZO1: Column6099 | HZP1: Column6100 | HZQ1: Column6101 | HZR1: Column6102 | HZS1: Column6103 | HZT1: Column6104 | HZU1: Column6105 | HZV1: Column6106 | HZW1: Column6107 | HZX1: Column6108 | HZY1: Column6109 | HZZ1: Column6110 | IAA1: Column6111 | IAB1: Column6112 | IAC1: Column6113 | IAD1: Column6114 | IAE1: Column6115 | IAF1: Column6116 | IAG1: Column6117 | IAH1: Column6118 | IAI1: Column6119 | IAJ1: Column6120 | IAK1: Column6121 | IAL1: Column6122 | IAM1: Column6123 | IAN1: Column6124 | IAO1: Column6125 | IAP1: Column6126 | IAQ1: Column6127 | IAR1: Column6128 | IAS1: Column6129 | IAT1: Column6130 | IAU1: Column6131 | IAV1: Column6132 | IAW1: Column6133 | IAX1: Column6134 | IAY1: Column6135 | IAZ1: Column6136 | IBA1: Column6137 | IBB1: Column6138 | IBC1: Column6139 | IBD1: Column6140 | IBE1: Column6141 | IBF1: Column6142 | IBG1: Column6143 | IBH1: Column6144 | IBI1: Column6145 | IBJ1: Column6146 | IBK1: Column6147 | IBL1: Column6148 | IBM1: Column6149 | IBN1: Column6150 | IBO1: Column6151 | IBP1: Column6152 | IBQ1: Column6153 | IBR1: Column6154 | IBS1: Column6155 | IBT1: Column6156 | IBU1: Column6157 | IBV1: Column6158 | IBW1: Column6159 | IBX1: Column6160 | IBY1: Column6161 | IBZ1: Column6162 | ICA1: Column6163 | ICB1: Column6164 | ICC1: Column6165 | ICD1: Column6166 | ICE1: Column6167 | ICF1: Column6168 | ICG1: Column6169 | ICH1: Column6170 | ICI1: Column6171 | ICJ1: Column6172 | ICK1: Column6173 | ICL1: Column6174 | ICM1: Column6175 | ICN1: Column6176 | ICO1: Column6177 | ICP1: Column6178 | ICQ1: Column6179 | ICR1: Column6180 | ICS1: Column6181 | ICT1: Column6182 | ICU1: Column6183 | ICV1: Column6184 | ICW1: Column6185 | ICX1: Column6186 | ICY1: Column6187 | ICZ1: Column6188 | IDA1: Column6189 | IDB1: Column6190 | IDC1: Column6191 | IDD1: Column6192 | IDE1: Column6193 | IDF1: Column6194 | IDG1: Column6195 | IDH1: Column6196 | IDI1: Column6197 | IDJ1: Column6198 | IDK1: Column6199 | IDL1: Column6200 | IDM1: Column6201 | IDN1: Column6202 | IDO1: Column6203 | IDP1: Column6204 | IDQ1: Column6205 | IDR1: Column6206 | IDS1: Column6207 | IDT1: Column6208 | IDU1: Column6209 | IDV1: Column6210 | IDW1: Column6211 | IDX1: Column6212 | IDY1: Column6213 | IDZ1: Column6214 | IEA1: Column6215 | IEB1: Column6216 | IEC1: Column6217 | IED1: Column6218 | IEE1: Column6219 | IEF1: Column6220 | IEG1: Column6221 | IEH1: Column6222 | IEI1: Column6223 | IEJ1: Column6224 | IEK1: Column6225 | IEL1: Column6226 | IEM1: Column6227 | IEN1: Column6228 | IEO1: Column6229 | IEP1: Column6230 | IEQ1: Column6231 | IER1: Column6232 | IES1: Column6233 | IET1: Column6234 | IEU1: Column6235 | IEV1: Column6236 | IEW1: Column6237 | IEX1: Column6238 | IEY1: Column6239 | IEZ1: Column6240 | IFA1: Column6241 | IFB1: Column6242 | IFC1: Column6243 | IFD1: Column6244 | IFE1: Column6245 | IFF1: Column6246 | IFG1: Column6247 | IFH1: Column6248 | IFI1: Column6249 | IFJ1: Column6250 | IFK1: Column6251 | IFL1: Column6252 | IFM1: Column6253 | IFN1: Column6254 | IFO1: Column6255 | IFP1: Column6256 | IFQ1: Column6257 | IFR1: Column6258 | IFS1: Column6259 | IFT1: Column6260 | IFU1: Column6261 | IFV1: Column6262 | IFW1: Column6263 | IFX1: Column6264 | IFY1: Column6265 | IFZ1: Column6266 | IGA1: Column6267 | IGB1: Column6268 | IGC1: Column6269 | IGD1: Column6270 | IGE1: Column6271 | IGF1: Column6272 | IGG1: Column6273 | IGH1: Column6274 | IGI1: Column6275 | IGJ1: Column6276 | IGK1: Column6277 | IGL1: Column6278 | IGM1: Column6279 | IGN1: Column6280 | IGO1: Column6281 | IGP1: Column6282 | IGQ1: Column6283 | IGR1: Column6284 | IGS1: Column6285 | IGT1: Column6286 | IGU1: Column6287 | IGV1: Column6288 | IGW1: Column6289 | IGX1: Column6290 | IGY1: Column6291 | IGZ1: Column6292 | IHA1: Column6293 | IHB1: Column6294 | IHC1: Column6295 | IHD1: Column6296 | IHE1: Column6297 | IHF1: Column6298 | IHG1: Column6299 | IHH1: Column6300 | IHI1: Column6301 | IHJ1: Column6302 | IHK1: Column6303 | IHL1: Column6304 | IHM1: Column6305 | IHN1: Column6306 | IHO1: Column6307 | IHP1: Column6308 | IHQ1: Column6309 | IHR1: Column6310 | IHS1: Column6311 | IHT1: Column6312 | IHU1: Column6313 | IHV1: Column6314 | IHW1: Column6315 | IHX1: Column6316 | IHY1: Column6317 | IHZ1: Column6318 | IIA1: Column6319 | IIB1: Column6320 | IIC1: Column6321 | IID1: Column6322 | IIE1: Column6323 | IIF1: Column6324 | IIG1: Column6325 | IIH1: Column6326 | III1: Column6327 | IIJ1: Column6328 | IIK1: Column6329 | IIL1: Column6330 | IIM1: Column6331 | IIN1: Column6332 | IIO1: Column6333 | IIP1: Column6334 | IIQ1: Column6335 | IIR1: Column6336 | IIS1: Column6337 | IIT1: Column6338 | IIU1: Column6339 | IIV1: Column6340 | IIW1: Column6341 | IIX1: Column6342 | IIY1: Column6343 | IIZ1: Column6344 | IJA1: Column6345 | IJB1: Column6346 | IJC1: Column6347 | IJD1: Column6348 | IJE1: Column6349 | IJF1: Column6350 | IJG1: Column6351 | IJH1: Column6352 | IJI1: Column6353 | IJJ1: Column6354 | IJK1: Column6355 | IJL1: Column6356 | IJM1: Column6357 | IJN1: Column6358 | IJO1: Column6359 | IJP1: Column6360 | IJQ1: Column6361 | IJR1: Column6362 | IJS1: Column6363 | IJT1: Column6364 | IJU1: Column6365 | IJV1: Column6366 | IJW1: Column6367 | IJX1: Column6368 | IJY1: Column6369 | IJZ1: Column6370 | IKA1: Column6371 | IKB1: Column6372 | IKC1: Column6373 | IKD1: Column6374 | IKE1: Column6375 | IKF1: Column6376 | IKG1: Column6377 | IKH1: Column6378 | IKI1: Column6379 | IKJ1: Column6380 | IKK1: Column6381 | IKL1: Column6382 | IKM1: Column6383 | IKN1: Column6384 | IKO1: Column6385 | IKP1: Column6386 | IKQ1: Column6387 | IKR1: Column6388 | IKS1: Column6389 | IKT1: Column6390 | IKU1: Column6391 | IKV1: Column6392 | IKW1: Column6393 | IKX1: Column6394 | IKY1: Column6395 | IKZ1: Column6396 | ILA1: Column6397 | ILB1: Column6398 | ILC1: Column6399 | ILD1: Column6400 | ILE1: Column6401 | ILF1: Column6402 | ILG1: Column6403 | ILH1: Column6404 | ILI1: Column6405 | ILJ1: Column6406 | ILK1: Column6407 | ILL1: Column6408 | ILM1: Column6409 | ILN1: Column6410 | ILO1: Column6411 | ILP1: Column6412 | ILQ1: Column6413 | ILR1: Column6414 | ILS1: Column6415 | ILT1: Column6416 | ILU1: Column6417 | ILV1: Column6418 | ILW1: Column6419 | ILX1: Column6420 | ILY1: Column6421 | ILZ1: Column6422 | IMA1: Column6423 | IMB1: Column6424 | IMC1: Column6425 | IMD1: Column6426 | IME1: Column6427 | IMF1: Column6428 | IMG1: Column6429 | IMH1: Column6430 | IMI1: Column6431 | IMJ1: Column6432 | IMK1: Column6433 | IML1: Column6434 | IMM1: Column6435 | IMN1: Column6436 | IMO1: Column6437 | IMP1: Column6438 | IMQ1: Column6439 | IMR1: Column6440 | IMS1: Column6441 | IMT1: Column6442 | IMU1: Column6443 | IMV1: Column6444 | IMW1: Column6445 | IMX1: Column6446 | IMY1: Column6447 | IMZ1: Column6448 | INA1: Column6449 | INB1: Column6450 | INC1: Column6451 | IND1: Column6452 | INE1: Column6453 | INF1: Column6454 | ING1: Column6455 | INH1: Column6456 | INI1: Column6457 | INJ1: Column6458 | INK1: Column6459 | INL1: Column6460 | INM1: Column6461 | INN1: Column6462 | INO1: Column6463 | INP1: Column6464 | INQ1: Column6465 | INR1: Column6466 | INS1: Column6467 | INT1: Column6468 | INU1: Column6469 | INV1: Column6470 | INW1: Column6471 | INX1: Column6472 | INY1: Column6473 | INZ1: Column6474 | IOA1: Column6475 | IOB1: Column6476 | IOC1: Column6477 | IOD1: Column6478 | IOE1: Column6479 | IOF1: Column6480 | IOG1: Column6481 | IOH1: Column6482 | IOI1: Column6483 | IOJ1: Column6484 | IOK1: Column6485 | IOL1: Column6486 | IOM1: Column6487 | ION1: Column6488 | IOO1: Column6489 | IOP1: Column6490 | IOQ1: Column6491 | IOR1: Column6492 | IOS1: Column6493 | IOT1: Column6494 | IOU1: Column6495 | IOV1: Column6496 | IOW1: Column6497 | IOX1: Column6498 | IOY1: Column6499 | IOZ1: Column6500 | IPA1: Column6501 | IPB1: Column6502 | IPC1: Column6503 | IPD1: Column6504 | IPE1: Column6505 | IPF1: Column6506 | IPG1: Column6507 | IPH1: Column6508 | IPI1: Column6509 | IPJ1: Column6510 | IPK1: Column6511 | IPL1: Column6512 | IPM1: Column6513 | IPN1: Column6514 | IPO1: Column6515 | IPP1: Column6516 | IPQ1: Column6517 | IPR1: Column6518 | IPS1: Column6519 | IPT1: Column6520 | IPU1: Column6521 | IPV1: Column6522 | IPW1: Column6523 | IPX1: Column6524 | IPY1: Column6525 | IPZ1: Column6526 | IQA1: Column6527 | IQB1: Column6528 | IQC1: Column6529 | IQD1: Column6530 | IQE1: Column6531 | IQF1: Column6532 | IQG1: Column6533 | IQH1: Column6534 | IQI1: Column6535 | IQJ1: Column6536 | IQK1: Column6537 | IQL1: Column6538 | IQM1: Column6539 | IQN1: Column6540 | IQO1: Column6541 | IQP1: Column6542 | IQQ1: Column6543 | IQR1: Column6544 | IQS1: Column6545 | IQT1: Column6546 | IQU1: Column6547 | IQV1: Column6548 | IQW1: Column6549 | IQX1: Column6550 | IQY1: Column6551 | IQZ1: Column6552 | IRA1: Column6553 | IRB1: Column6554 | IRC1: Column6555 | IRD1: Column6556 | IRE1: Column6557 | IRF1: Column6558 | IRG1: Column6559 | IRH1: Column6560 | IRI1: Column6561 | IRJ1: Column6562 | IRK1: Column6563 | IRL1: Column6564 | IRM1: Column6565 | IRN1: Column6566 | IRO1: Column6567 | IRP1: Column6568 | IRQ1: Column6569 | IRR1: Column6570 | IRS1: Column6571 | IRT1: Column6572 | IRU1: Column6573 | IRV1: Column6574 | IRW1: Column6575 | IRX1: Column6576 | IRY1: Column6577 | IRZ1: Column6578 | ISA1: Column6579 | ISB1: Column6580 | ISC1: Column6581 | ISD1: Column6582 | ISE1: Column6583 | ISF1: Column6584 | ISG1: Column6585 | ISH1: Column6586 | ISI1: Column6587 | ISJ1: Column6588 | ISK1: Column6589 | ISL1: Column6590 | ISM1: Column6591 | ISN1: Column6592 | ISO1: Column6593 | ISP1: Column6594 | ISQ1: Column6595 | ISR1: Column6596 | ISS1: Column6597 | IST1: Column6598 | ISU1: Column6599 | ISV1: Column6600 | ISW1: Column6601 | ISX1: Column6602 | ISY1: Column6603 | ISZ1: Column6604 | ITA1: Column6605 | ITB1: Column6606 | ITC1: Column6607 | ITD1: Column6608 | ITE1: Column6609 | ITF1: Column6610 | ITG1: Column6611 | ITH1: Column6612 | ITI1: Column6613 | ITJ1: Column6614 | ITK1: Column6615 | ITL1: Column6616 | ITM1: Column6617 | ITN1: Column6618 | ITO1: Column6619 | ITP1: Column6620 | ITQ1: Column6621 | ITR1: Column6622 | ITS1: Column6623 | ITT1: Column6624 | ITU1: Column6625 | ITV1: Column6626 | ITW1: Column6627 | ITX1: Column6628 | ITY1: Column6629 | ITZ1: Column6630 | IUA1: Column6631 | IUB1: Column6632 | IUC1: Column6633 | IUD1: Column6634 | IUE1: Column6635 | IUF1: Column6636 | IUG1: Column6637 | IUH1: Column6638 | IUI1: Column6639 | IUJ1: Column6640 | IUK1: Column6641 | IUL1: Column6642 | IUM1: Column6643 | IUN1: Column6644 | IUO1: Column6645 | IUP1: Column6646 | IUQ1: Column6647 | IUR1: Column6648 | IUS1: Column6649 | IUT1: Column6650 | IUU1: Column6651 | IUV1: Column6652 | IUW1: Column6653 | IUX1: Column6654 | IUY1: Column6655 | IUZ1: Column6656 | IVA1: Column6657 | IVB1: Column6658 | IVC1: Column6659 | IVD1: Column6660 | IVE1: Column6661 | IVF1: Column6662 | IVG1: Column6663 | IVH1: Column6664 | IVI1: Column6665 | IVJ1: Column6666 | IVK1: Column6667 | IVL1: Column6668 | IVM1: Column6669 | IVN1: Column6670 | IVO1: Column6671 | IVP1: Column6672 | IVQ1: Column6673 | IVR1: Column6674 | IVS1: Column6675 | IVT1: Column6676 | IVU1: Column6677 | IVV1: Column6678 | IVW1: Column6679 | IVX1: Column6680 | IVY1: Column6681 | IVZ1: Column6682 | IWA1: Column6683 | IWB1: Column6684 | IWC1: Column6685 | IWD1: Column6686 | IWE1: Column6687 | IWF1: Column6688 | IWG1: Column6689 | IWH1: Column6690 | IWI1: Column6691 | IWJ1: Column6692 | IWK1: Column6693 | IWL1: Column6694 | IWM1: Column6695 | IWN1: Column6696 | IWO1: Column6697 | IWP1: Column6698 | IWQ1: Column6699 | IWR1: Column6700 | IWS1: Column6701 | IWT1: Column6702 | IWU1: Column6703 | IWV1: Column6704 | IWW1: Column6705 | IWX1: Column6706 | IWY1: Column6707 | IWZ1: Column6708 | IXA1: Column6709 | IXB1: Column6710 | IXC1: Column6711 | IXD1: Column6712 | IXE1: Column6713 | IXF1: Column6714 | IXG1: Column6715 | IXH1: Column6716 | IXI1: Column6717 | IXJ1: Column6718 | IXK1: Column6719 | IXL1: Column6720 | IXM1: Column6721 | IXN1: Column6722 | IXO1: Column6723 | IXP1: Column6724 | IXQ1: Column6725 | IXR1: Column6726 | IXS1: Column6727 | IXT1: Column6728 | IXU1: Column6729 | IXV1: Column6730 | IXW1: Column6731 | IXX1: Column6732 | IXY1: Column6733 | IXZ1: Column6734 | IYA1: Column6735 | IYB1: Column6736 | IYC1: Column6737 | IYD1: Column6738 | IYE1: Column6739 | IYF1: Column6740 | IYG1: Column6741 | IYH1: Column6742 | IYI1: Column6743 | IYJ1: Column6744 | IYK1: Column6745 | IYL1: Column6746 | IYM1: Column6747 | IYN1: Column6748 | IYO1: Column6749 | IYP1: Column6750 | IYQ1: Column6751 | IYR1: Column6752 | IYS1: Column6753 | IYT1: Column6754 | IYU1: Column6755 | IYV1: Column6756 | IYW1: Column6757 | IYX1: Column6758 | IYY1: Column6759 | IYZ1: Column6760 | IZA1: Column6761 | IZB1: Column6762 | IZC1: Column6763 | IZD1: Column6764 | IZE1: Column6765 | IZF1: Column6766 | IZG1: Column6767 | IZH1: Column6768 | IZI1: Column6769 | IZJ1: Column6770 | IZK1: Column6771 | IZL1: Column6772 | IZM1: Column6773 | IZN1: Column6774 | IZO1: Column6775 | IZP1: Column6776 | IZQ1: Column6777 | IZR1: Column6778 | IZS1: Column6779 | IZT1: Column6780 | IZU1: Column6781 | IZV1: Column6782 | IZW1: Column6783 | IZX1: Column6784 | IZY1: Column6785 | IZZ1: Column6786 | JAA1: Column6787 | JAB1: Column6788 | JAC1: Column6789 | JAD1: Column6790 | JAE1: Column6791 | JAF1: Column6792 | JAG1: Column6793 | JAH1: Column6794 | JAI1: Column6795 | JAJ1: Column6796 | JAK1: Column6797 | JAL1: Column6798 | JAM1: Column6799 | JAN1: Column6800 | JAO1: Column6801 | JAP1: Column6802 | JAQ1: Column6803 | JAR1: Column6804 | JAS1: Column6805 | JAT1: Column6806 | JAU1: Column6807 | JAV1: Column6808 | JAW1: Column6809 | JAX1: Column6810 | JAY1: Column6811 | JAZ1: Column6812 | JBA1: Column6813 | JBB1: Column6814 | JBC1: Column6815 | JBD1: Column6816 | JBE1: Column6817 | JBF1: Column6818 | JBG1: Column6819 | JBH1: Column6820 | JBI1: Column6821 | JBJ1: Column6822 | JBK1: Column6823 | JBL1: Column6824 | JBM1: Column6825 | JBN1: Column6826 | JBO1: Column6827 | JBP1: Column6828 | JBQ1: Column6829 | JBR1: Column6830 | JBS1: Column6831 | JBT1: Column6832 | JBU1: Column6833 | JBV1: Column6834 | JBW1: Column6835 | JBX1: Column6836 | JBY1: Column6837 | JBZ1: Column6838 | JCA1: Column6839 | JCB1: Column6840 | JCC1: Column6841 | JCD1: Column6842 | JCE1: Column6843 | JCF1: Column6844 | JCG1: Column6845 | JCH1: Column6846 | JCI1: Column6847 | JCJ1: Column6848 | JCK1: Column6849 | JCL1: Column6850 | JCM1: Column6851 | JCN1: Column6852 | JCO1: Column6853 | JCP1: Column6854 | JCQ1: Column6855 | JCR1: Column6856 | JCS1: Column6857 | JCT1: Column6858 | JCU1: Column6859 | JCV1: Column6860 | JCW1: Column6861 | JCX1: Column6862 | JCY1: Column6863 | JCZ1: Column6864 | JDA1: Column6865 | JDB1: Column6866 | JDC1: Column6867 | JDD1: Column6868 | JDE1: Column6869 | JDF1: Column6870 | JDG1: Column6871 | JDH1: Column6872 | JDI1: Column6873 | JDJ1: Column6874 | JDK1: Column6875 | JDL1: Column6876 | JDM1: Column6877 | JDN1: Column6878 | JDO1: Column6879 | JDP1: Column6880 | JDQ1: Column6881 | JDR1: Column6882 | JDS1: Column6883 | JDT1: Column6884 | JDU1: Column6885 | JDV1: Column6886 | JDW1: Column6887 | JDX1: Column6888 | JDY1: Column6889 | JDZ1: Column6890 | JEA1: Column6891 | JEB1: Column6892 | JEC1: Column6893 | JED1: Column6894 | JEE1: Column6895 | JEF1: Column6896 | JEG1: Column6897 | JEH1: Column6898 | JEI1: Column6899 | JEJ1: Column6900 | JEK1: Column6901 | JEL1: Column6902 | JEM1: Column6903 | JEN1: Column6904 | JEO1: Column6905 | JEP1: Column6906 | JEQ1: Column6907 | JER1: Column6908 | JES1: Column6909 | JET1: Column6910 | JEU1: Column6911 | JEV1: Column6912 | JEW1: Column6913 | JEX1: Column6914 | JEY1: Column6915 | JEZ1: Column6916 | JFA1: Column6917 | JFB1: Column6918 | JFC1: Column6919 | JFD1: Column6920 | JFE1: Column6921 | JFF1: Column6922 | JFG1: Column6923 | JFH1: Column6924 | JFI1: Column6925 | JFJ1: Column6926 | JFK1: Column6927 | JFL1: Column6928 | JFM1: Column6929 | JFN1: Column6930 | JFO1: Column6931 | JFP1: Column6932 | JFQ1: Column6933 | JFR1: Column6934 | JFS1: Column6935 | JFT1: Column6936 | JFU1: Column6937 | JFV1: Column6938 | JFW1: Column6939 | JFX1: Column6940 | JFY1: Column6941 | JFZ1: Column6942 | JGA1: Column6943 | JGB1: Column6944 | JGC1: Column6945 | JGD1: Column6946 | JGE1: Column6947 | JGF1: Column6948 | JGG1: Column6949 | JGH1: Column6950 | JGI1: Column6951 | JGJ1: Column6952 | JGK1: Column6953 | JGL1: Column6954 | JGM1: Column6955 | JGN1: Column6956 | JGO1: Column6957 | JGP1: Column6958 | JGQ1: Column6959 | JGR1: Column6960 | JGS1: Column6961 | JGT1: Column6962 | JGU1: Column6963 | JGV1: Column6964 | JGW1: Column6965 | JGX1: Column6966 | JGY1: Column6967 | JGZ1: Column6968 | JHA1: Column6969 | JHB1: Column6970 | JHC1: Column6971 | JHD1: Column6972 | JHE1: Column6973 | JHF1: Column6974 | JHG1: Column6975 | JHH1: Column6976 | JHI1: Column6977 | JHJ1: Column6978 | JHK1: Column6979 | JHL1: Column6980 | JHM1: Column6981 | JHN1: Column6982 | JHO1: Column6983 | JHP1: Column6984 | JHQ1: Column6985 | JHR1: Column6986 | JHS1: Column6987 | JHT1: Column6988 | JHU1: Column6989 | JHV1: Column6990 | JHW1: Column6991 | JHX1: Column6992 | JHY1: Column6993 | JHZ1: Column6994 | JIA1: Column6995 | JIB1: Column6996 | JIC1: Column6997 | JID1: Column6998 | JIE1: Column6999 | JIF1: Column7000 | JIG1: Column7001 | JIH1: Column7002 | JII1: Column7003 | JIJ1: Column7004 | JIK1: Column7005 | JIL1: Column7006 | JIM1: Column7007 | JIN1: Column7008 | JIO1: Column7009 | JIP1: Column7010 | JIQ1: Column7011 | JIR1: Column7012 | JIS1: Column7013 | JIT1: Column7014 | JIU1: Column7015 | JIV1: Column7016 | JIW1: Column7017 | JIX1: Column7018 | JIY1: Column7019 | JIZ1: Column7020 | JJA1: Column7021 | JJB1: Column7022 | JJC1: Column7023 | JJD1: Column7024 | JJE1: Column7025 | JJF1: Column7026 | JJG1: Column7027 | JJH1: Column7028 | JJI1: Column7029 | JJJ1: Column7030 | JJK1: Column7031 | JJL1: Column7032 | JJM1: Column7033 | JJN1: Column7034 | JJO1: Column7035 | JJP1: Column7036 | JJQ1: Column7037 | JJR1: Column7038 | JJS1: Column7039 | JJT1: Column7040 | JJU1: Column7041 | JJV1: Column7042 | JJW1: Column7043 | JJX1: Column7044 | JJY1: Column7045 | JJZ1: Column7046 | JKA1: Column7047 | JKB1: Column7048 | JKC1: Column7049 | JKD1: Column7050 | JKE1: Column7051 | JKF1: Column7052 | JKG1: Column7053 | JKH1: Column7054 | JKI1: Column7055 | JKJ1: Column7056 | JKK1: Column7057 | JKL1: Column7058 | JKM1: Column7059 | JKN1: Column7060 | JKO1: Column7061 | JKP1: Column7062 | JKQ1: Column7063 | JKR1: Column7064 | JKS1: Column7065 | JKT1: Column7066 | JKU1: Column7067 | JKV1: Column7068 | JKW1: Column7069 | JKX1: Column7070 | JKY1: Column7071 | JKZ1: Column7072 | JLA1: Column7073 | JLB1: Column7074 | JLC1: Column7075 | JLD1: Column7076 | JLE1: Column7077 | JLF1: Column7078 | JLG1: Column7079 | JLH1: Column7080 | JLI1: Column7081 | JLJ1: Column7082 | JLK1: Column7083 | JLL1: Column7084 | JLM1: Column7085 | JLN1: Column7086 | JLO1: Column7087 | JLP1: Column7088 | JLQ1: Column7089 | JLR1: Column7090 | JLS1: Column7091 | JLT1: Column7092 | JLU1: Column7093 | JLV1: Column7094 | JLW1: Column7095 | JLX1: Column7096 | JLY1: Column7097 | JLZ1: Column7098 | JMA1: Column7099 | JMB1: Column7100 | JMC1: Column7101 | JMD1: Column7102 | JME1: Column7103 | JMF1: Column7104 | JMG1: Column7105 | JMH1: Column7106 | JMI1: Column7107 | JMJ1: Column7108 | JMK1: Column7109 | JML1: Column7110 | JMM1: Column7111 | JMN1: Column7112 | JMO1: Column7113 | JMP1: Column7114 | JMQ1: Column7115 | JMR1: Column7116 | JMS1: Column7117 | JMT1: Column7118 | JMU1: Column7119 | JMV1: Column7120 | JMW1: Column7121 | JMX1: Column7122 | JMY1: Column7123 | JMZ1: Column7124 | JNA1: Column7125 | JNB1: Column7126 | JNC1: Column7127 | JND1: Column7128 | JNE1: Column7129 | JNF1: Column7130 | JNG1: Column7131 | JNH1: Column7132 | JNI1: Column7133 | JNJ1: Column7134 | JNK1: Column7135 | JNL1: Column7136 | JNM1: Column7137 | JNN1: Column7138 | JNO1: Column7139 | JNP1: Column7140 | JNQ1: Column7141 | JNR1: Column7142 | JNS1: Column7143 | JNT1: Column7144 | JNU1: Column7145 | JNV1: Column7146 | JNW1: Column7147 | JNX1: Column7148 | JNY1: Column7149 | JNZ1: Column7150 | JOA1: Column7151 | JOB1: Column7152 | JOC1: Column7153 | JOD1: Column7154 | JOE1: Column7155 | JOF1: Column7156 | JOG1: Column7157 | JOH1: Column7158 | JOI1: Column7159 | JOJ1: Column7160 | JOK1: Column7161 | JOL1: Column7162 | JOM1: Column7163 | JON1: Column7164 | JOO1: Column7165 | JOP1: Column7166 | JOQ1: Column7167 | JOR1: Column7168 | JOS1: Column7169 | JOT1: Column7170 | JOU1: Column7171 | JOV1: Column7172 | JOW1: Column7173 | JOX1: Column7174 | JOY1: Column7175 | JOZ1: Column7176 | JPA1: Column7177 | JPB1: Column7178 | JPC1: Column7179 | JPD1: Column7180 | JPE1: Column7181 | JPF1: Column7182 | JPG1: Column7183 | JPH1: Column7184 | JPI1: Column7185 | JPJ1: Column7186 | JPK1: Column7187 | JPL1: Column7188 | JPM1: Column7189 | JPN1: Column7190 | JPO1: Column7191 | JPP1: Column7192 | JPQ1: Column7193 | JPR1: Column7194 | JPS1: Column7195 | JPT1: Column7196 | JPU1: Column7197 | JPV1: Column7198 | JPW1: Column7199 | JPX1: Column7200 | JPY1: Column7201 | JPZ1: Column7202 | JQA1: Column7203 | JQB1: Column7204 | JQC1: Column7205 | JQD1: Column7206 | JQE1: Column7207 | JQF1: Column7208 | JQG1: Column7209 | JQH1: Column7210 | JQI1: Column7211 | JQJ1: Column7212 | JQK1: Column7213 | JQL1: Column7214 | JQM1: Column7215 | JQN1: Column7216 | JQO1: Column7217 | JQP1: Column7218 | JQQ1: Column7219 | JQR1: Column7220 | JQS1: Column7221 | JQT1: Column7222 | JQU1: Column7223 | JQV1: Column7224 | JQW1: Column7225 | JQX1: Column7226 | JQY1: Column7227 | JQZ1: Column7228 | JRA1: Column7229 | JRB1: Column7230 | JRC1: Column7231 | JRD1: Column7232 | JRE1: Column7233 | JRF1: Column7234 | JRG1: Column7235
